dataset_name,direction,accuracy_base,accuracy_ttt,acc_delta_ttt_minus_base,meta_n_features,meta_n_num_features,meta_n_cat_features,meta_total_samples,meta_train_size,meta_val_size,meta_test_size,meta_task_type,meta_num_classes,n_features_base,n_features_ttt,n_classes_base,n_classes_ttt,ttt_applied,ttt_epochs,ttt_steps,f1,roc_auc
eye_movements_bin,up,0.6675427069645203,0.6997371879106439,0.03219448094612354,20,20,0,7608,4868,1218,1522,binclass,,20,20,2,2,True,8,8,0.6994744776209041,0.788536419850083
pc4,up,0.9006849315068494,0.9178082191780822,0.017123287671232834,37,37,0,1458,932,234,292,binclass,,37,37,2,2,True,8,8,0.9089823284617914,0.9559461805555556
compass,up,0.8347852207870231,0.8510063082006608,0.016221087413637703,17,8,9,16644,10652,2663,3329,binclass,,17,17,2,2,True,8,8,0.8509796834931856,0.9201766068953569
one-hundred-plants-margin,up,0.896875,0.9125,0.015625,64,64,0,1600,1024,256,320,multiclass,,64,64,100,100,False,0,0,0.9105977182539682,0.9989899373078306
Basketball_c,up,0.6977611940298507,0.7126865671641791,0.014925373134328401,11,11,0,1340,857,215,268,binclass,2,11,11,2,2,True,8,8,0.7118289151258632,0.7386605244507441
wine-quality-red,up,0.5875,0.6,0.012499999999999956,4,4,0,1599,1023,256,320,multiclass,,4,4,6,6,True,8,8,0.576452759806493,0.7401214982667579
mfeat-zernike,up,0.8325,0.845,0.012499999999999956,47,47,0,2000,1280,320,400,multiclass,,47,47,10,10,True,8,8,0.8407918821386248,0.9847708333333334
wine,up,0.7455968688845401,0.7573385518590998,0.011741682974559686,4,4,0,2554,1634,409,511,binclass,,4,4,2,2,True,8,8,0.7553998526987437,0.8276654411764707
jungle_chess_2pcs_raw_endgame_complete,up,0.8685854529228023,0.8787371709058456,0.010151717983043262,6,6,0,44819,28684,7171,8964,multiclass,,6,6,3,3,True,8,16,0.878049959544744,0.9828086821665604
sports_articles_for_objectivity_analysis,up,0.845,0.855,0.010000000000000009,59,57,2,1000,640,160,200,binclass,2,59,59,2,2,True,8,8,0.8527182148705282,0.8990400172581168
one-hundred-plants-texture,up,0.9125,0.921875,0.009375000000000022,64,64,0,1599,1023,256,320,multiclass,,64,64,100,100,False,0,0,0.9202529761904762,0.9990741591129922
waveform_database_generator,up,0.335,0.344,0.008999999999999952,21,21,0,4999,3199,800,1000,multiclass,3,21,21,3,3,True,8,8,0.1995403250025025,0.5207213278602896
hill-valley,up,0.9506172839506172,0.9588477366255144,0.008230452674897193,100,100,0,1212,775,194,243,binclass,,100,100,2,2,True,8,8,0.9588463427675218,0.9867226663053787
ASP-POTASSCO-classification,up,0.4555984555984556,0.4633204633204633,0.007722007722007707,141,140,1,1294,828,207,259,multiclass,,141,141,11,11,False,0,0,0.4421988532949065,0.8460565442224908
baseball,up,0.9402985074626866,0.9477611940298508,0.007462686567164201,16,15,1,1340,857,215,268,multiclass,,16,16,3,3,True,8,8,0.9393659426428472,0.9671640425206428
IBM_HR_Analytics_Employee_Attrition_and_Performance,up,0.8673469387755102,0.8741496598639455,0.006802721088435382,31,25,6,1470,940,236,294,binclass,2,31,31,2,2,True,8,8,0.8543817627578802,0.851063829787234
Customer_Personality_Analysis,up,0.890625,0.8973214285714286,0.006696428571428603,24,22,2,2240,1433,359,448,binclass,2,24,24,2,2,True,8,8,0.8844566891441892,0.9021428291612804
GAMETES_Epistasis_2-Way_20atts_0.1H_EDM-1_1,up,0.68125,0.6875,0.006249999999999978,20,0,20,1600,1024,256,320,binclass,,20,20,2,2,True,8,8,0.6834942237695838,0.74740234375
Pumpkin_Seeds,up,0.882,0.888,0.006000000000000005,12,12,0,2500,1600,400,500,binclass,2,12,12,2,2,True,8,8,0.8878651144118828,0.9458253205128204
analcatdata_authorship,up,0.9940828402366864,1.0,0.00591715976331364,69,69,0,841,537,135,169,multiclass,,69,69,4,4,True,8,8,1.0,1.0
KDDCup09_upselling,up,0.8079922027290448,0.8138401559454191,0.005847953216374324,49,34,15,5128,3281,821,1026,binclass,,49,49,2,2,True,8,8,0.8117932016745628,0.9115302334241494
FOREX_audjpy-day-High,up,0.773841961852861,0.779291553133515,0.00544959128065392,10,10,0,1832,1172,293,367,binclass,,10,10,2,2,True,8,8,0.7785069878020602,0.8506925866476428
mfeat-morphological,up,0.7675,0.7725,0.0050000000000000044,6,6,0,2000,1280,320,400,multiclass,,6,6,10,10,True,8,8,0.763897447328765,0.9738541666666668
Mobile_Price_Classification,up,0.9775,0.9825,0.0050000000000000044,20,14,6,2000,1280,320,400,multiclass,4,20,20,4,4,True,8,8,0.982511816508284,0.9993583333333332
kropt,up,0.8838203848895224,0.8886315039201711,0.004811119030648681,6,0,6,28056,17955,4489,5612,multiclass,,6,6,18,18,False,0,0,0.888259030512891,0.9957688863124868
estimation_of_obesity_levels,up,0.9881796690307328,0.9929078014184396,0.004728132387706752,16,8,8,2111,1350,338,423,multiclass,7,16,16,7,7,True,8,8,0.9929048456536922,0.9998920305013834
Water_Quality_and_Potability,up,0.6524390243902439,0.6570121951219512,0.004573170731707266,8,8,0,3276,2096,524,656,binclass,2,8,8,2,2,True,8,8,0.5961836671620173,0.66818359375
National_Health_and_Nutrition_Health_Survey,up,0.8333333333333334,0.8377192982456141,0.004385964912280715,7,7,0,2278,1457,365,456,binclass,2,7,7,2,2,True,8,8,0.7927597786030364,0.7687506706248436
wall-robot-navigation,up,0.9862637362637364,0.98992673992674,0.003663003663003539,24,24,0,5456,3491,873,1092,multiclass,,24,24,4,4,True,8,8,0.9899286225733178,0.9998262736178132
banknote_authentication,up,0.5563636363636364,0.56,0.0036363636363636598,4,4,0,1372,877,220,275,binclass,2,4,4,2,2,True,8,8,0.405919156147065,0.5010178934961963
ada_prior,up,0.8532311062431545,0.8565169769989047,0.003285870755750264,14,6,8,4562,2919,730,913,binclass,,14,14,2,2,True,8,8,0.8493928860071629,0.8906962407366974
Employee,up,0.8571428571428571,0.8603651987110634,0.0032223415682063328,8,3,5,4653,2977,745,931,binclass,2,8,8,2,2,True,8,8,0.852717245651169,0.8701181464811785
GAMETES_Heterogeneity_20atts_1600_Het_0.4_0.2_50_EDM-2_001,up,0.6875,0.690625,0.0031250000000000444,20,0,20,1600,1024,256,320,binclass,,20,20,2,2,True,8,8,0.6903800858100646,0.7649999999999999
dis,up,0.9880794701986756,0.990728476821192,0.0026490066225164366,29,6,23,3772,2413,604,755,binclass,,29,29,2,2,True,8,8,0.989524085374335,0.984185733512786
rice_cammeo_and_osmancik,up,0.9278215223097112,0.9304461942257218,0.002624671916010679,7,7,0,3810,2438,610,762,binclass,2,7,7,2,2,True,8,8,0.930143932752019,0.9774933866156358
BLE_RSSI_dataset_for_Indoor_localization,up,0.7371056584877316,0.7396094141211818,0.0025037556334501776,3,3,0,9984,6389,1598,1997,multiclass,3,3,3,3,3,True,8,8,0.7390358122295975,0.9031330398685934
jm1,up,0.8180983004134129,0.8203950390445567,0.0022967386311437687,21,21,0,10885,6966,1742,2177,binclass,,21,21,2,2,True,8,8,0.7816282623132245,0.7435348908932523
delta_ailerons,up,0.9495091164095372,0.9516129032258064,0.0021037868162692153,5,5,0,7129,4562,1141,1426,binclass,,5,5,2,2,True,8,8,0.9516264388125828,0.9819146856543708
online_shoppers,up,0.9042984590429846,0.9063260340632604,0.0020275750202758402,14,5,9,12330,7891,1973,2466,binclass,,14,14,2,2,True,8,8,0.9017956284585028,0.9290844730733284
splice,up,0.963949843260188,0.9655172413793104,0.0015673981191224318,60,0,60,3190,2041,511,638,multiclass,,60,60,3,3,True,8,8,0.9654636282583152,0.9956698575388416
led7,up,0.73125,0.7328125,0.0015625000000000222,7,0,7,3200,2048,512,640,multiclass,,7,7,10,10,True,8,8,0.7314722236233884,0.9586577284056368
FOREX_cadjpy-hour-High,up,0.7135196805476326,0.7148887621220764,0.00136908157444382,10,10,0,43825,28048,7012,8765,binclass,,10,10,2,2,True,8,16,0.7146933949086023,0.7888655890417873
ringnorm,up,0.9797297297297296,0.981081081081081,0.0013513513513514486,20,20,0,7400,4736,1184,1480,binclass,,20,20,2,2,True,8,8,0.9810783854433192,0.9973883711288994
allbp,up,0.976158940397351,0.9774834437086092,0.0013245033112582183,29,6,23,3772,2413,604,755,multiclass,,29,29,3,3,True,8,8,0.9741554146906778,0.985619886674518
FOREX_audcad-hour-High,up,0.7140901312036508,0.7153451226468911,0.001254991443240261,10,10,0,43825,28048,7012,8765,binclass,,10,10,2,2,True,8,16,0.7153212366110823,0.7894340866817017
microaggregation2,up,0.6375,0.63875,0.0012500000000000844,20,20,0,20000,12800,3200,4000,multiclass,,20,20,5,5,True,8,8,0.5824231507709778,0.8256378399421447
Amazon_employee_access,up,0.9456820262435154,0.9469026548672568,0.0012206286237413932,7,0,7,32769,20972,5243,6554,binclass,,7,7,2,2,True,8,16,0.9308802168781608,0.8231040560605898
ada,up,0.8590361445783132,0.8602409638554217,0.001204819277108471,48,48,0,4147,2653,664,830,binclass,,48,48,2,2,True,8,8,0.8545838413364331,0.917611868309684
churn,up,0.967,0.968,0.0010000000000000009,20,16,4,5000,3200,800,1000,binclass,,20,20,2,2,True,8,8,0.966962745631989,0.9301265697372004
electricity,up,0.8978263268233477,0.8987090367428004,0.0008827099194527177,8,7,1,45312,28999,7250,9063,binclass,,8,8,2,2,True,8,16,0.8986194765583257,0.9646380283964175
dry_bean_dataset,up,0.9265515975027544,0.9272860815277268,0.0007344840249724482,16,16,0,13611,8710,2178,2723,multiclass,7,16,16,7,7,True,8,8,0.927274765665828,0.9959016335044304
twonorm,up,0.9783783783783784,0.979054054054054,0.0006756756756756133,20,20,0,7400,4736,1184,1480,binclass,,20,20,2,2,True,8,8,0.979054025366204,0.9984605523384812
FOREX_audusd-hour-High,up,0.7106674272675414,0.7112378779235596,0.0005704506560182399,10,10,0,43825,28048,7012,8765,binclass,,10,10,2,2,True,8,16,0.7113846212381151,0.7878177431319958
bank,up,0.9089903792989052,0.9095432931549264,0.0005529138560211866,16,7,9,45211,28934,7234,9043,binclass,2,16,16,2,2,True,8,16,0.9054745901903692,0.9438272138331204
pendigits,up,0.9972714870395636,0.9977262391996362,0.00045475216007262453,16,16,0,10992,7034,1759,2199,multiclass,,16,16,10,10,True,8,8,0.997728000634768,0.999639943647974
E-CommereShippingData,up,0.6772727272727272,0.6777272727272727,0.00045454545454548523,10,6,4,10999,7039,1760,2200,binclass,2,10,10,2,2,True,8,8,0.6658777891253445,0.7318034639297768
HR_Analytics_Job_Change_of_Data_Scientists,up,0.8014091858037579,0.8016701461377871,0.00026096033402922547,13,3,10,19158,12260,3066,3832,binclass,2,13,13,2,2,True,8,8,0.8031389901888192,0.80895839361464
BNG(breast-w),up,0.9878079756159512,0.9880619761239524,0.00025400050800117313,9,9,0,39366,25193,6299,7874,binclass,,9,9,2,2,True,8,16,0.9880764418412792,0.9991665228343226
Fitness_Club_c,tie,0.7966666666666666,0.7966666666666666,0.0,6,3,3,1500,960,240,300,binclass,2,6,6,2,2,True,8,8,0.792733543259859,0.824096955675903
htru,tie,0.9793296089385476,0.9793296089385476,0.0,8,8,0,17898,11454,2864,3580,binclass,2,8,8,2,2,True,8,8,0.9792437326594832,0.9876094073440737
PieChart3,tie,0.875,0.875,0.0,37,37,0,1077,688,173,216,binclass,,37,37,2,2,True,8,8,0.8249978608710533,0.8672349598275523
QSAR_biodegradation,tie,0.8957345971563981,0.8957345971563981,0.0,41,41,0,1054,674,169,211,binclass,2,41,41,2,2,True,8,8,0.8949577677618703,0.9441649899396378
Telecom_Churn_Dataset,tie,0.967016491754123,0.967016491754123,0.0,17,14,3,3333,2132,534,667,binclass,2,17,17,2,2,True,8,8,0.9662636073267716,0.928712244528848
Wilt,tie,0.9927461139896372,0.9927461139896372,0.0,5,5,0,4821,3084,772,965,binclass,2,5,5,2,2,True,8,8,0.9926443320683423,0.9872777824585052
drug_consumption,tie,0.403183023872679,0.403183023872679,0.0,12,12,0,1884,1205,302,377,multiclass,7,12,12,7,7,True,8,8,0.2316968605998004,0.5113171628881202
eye_movements,tie,0.8596892138939671,0.8596892138939671,0.0,27,24,3,10936,6998,1750,2188,multiclass,,27,27,3,3,True,8,8,0.8593346069131224,0.9658080873705124
golf_play_dataset_extended,tie,0.9315068493150684,0.9315068493150684,0.0,9,3,6,1095,700,176,219,binclass,2,9,9,2,2,True,8,8,0.9306468535400731,0.9766272932897712
yeast,tie,0.6060606060606061,0.6060606060606061,0.0,8,8,0,1484,949,238,297,multiclass,,8,8,10,10,True,8,8,0.6002811617937558,0.8709658629383764
ibm-employee-performance,tie,1.0,1.0,0.0,30,23,7,1470,940,236,294,binclass,,30,30,2,2,True,8,8,1.0,1.0
mice_protein_expression,tie,1.0,1.0,0.0,75,75,0,1080,691,173,216,multiclass,8,75,75,8,8,True,8,8,1.0,1.0
national-longitudinal-survey-binary,tie,1.0,1.0,0.0,16,9,7,4908,3140,786,982,binclass,,16,16,2,2,True,8,8,1.0,1.0
qsar,tie,0.8957345971563981,0.8957345971563981,0.0,40,30,10,1055,675,169,211,binclass,,40,40,2,2,True,8,8,0.8940703276665646,0.9500503018108652
seismic+bumps,tie,0.9342359767891684,0.9342359767891684,0.0,18,14,4,2584,1653,414,517,binclass,2,18,18,2,2,True,8,8,0.9024719535783364,0.7130982827913774
spambase,tie,0.9587404994571118,0.9587404994571118,0.0,57,57,0,4601,2944,736,921,binclass,,57,57,2,2,True,8,8,0.958760137341591,0.9914886894359036
texture,tie,1.0,1.0,0.0,40,40,0,5500,3520,880,1100,multiclass,,40,40,11,11,False,0,0,1.0,1.0
FOREX_audcad-day-High,tie,0.7465940054495913,0.7465940054495913,0.0,10,10,0,1834,1173,294,367,binclass,,10,10,2,2,True,8,8,0.7465827139375766,0.8328135210598229
FOREX_audchf-day-High,tie,0.7520435967302452,0.7520435967302452,0.0,10,10,0,1833,1172,294,367,binclass,,10,10,2,2,True,8,8,0.7519773144723487,0.8390661201211905
shuttle,down,0.9996551724137932,0.9995689655172414,-8.620689655181035e-05,9,9,0,58000,37120,9280,11600,multiclass,,9,9,7,7,True,8,16,0.9995709767228834,0.999997033993842
Click_prediction_small,down,0.8335419274092616,0.8334167709637046,-0.00012515644555699534,3,3,0,39948,25566,6392,7990,binclass,2,3,3,2,2,True,8,16,0.762720237122303,0.6269764450245248
BNG(cmc),down,0.5871609403254973,0.5868896925858951,-0.0002712477396021873,9,2,7,55296,35388,8848,11060,multiclass,,9,9,3,3,True,8,16,0.585301436286202,0.7640932055826078
FOREX_audsgd-hour-High,down,0.7142042213348545,0.7138619509412436,-0.0003422703936108995,10,10,0,43825,28048,7012,8765,binclass,,10,10,2,2,True,8,16,0.7137877257412366,0.7859671020706285
BNG(tic-tac-toe),down,0.8121666243332487,0.8117856235712472,-0.00038100076200153765,9,0,9,39366,25193,6299,7874,binclass,,9,9,2,2,True,8,16,0.8078327569183582,0.8782470091676701
mammography,down,0.9888243182834152,0.988377291014752,-0.00044702726866319153,6,6,0,11183,7156,1790,2237,binclass,,6,6,2,2,True,8,8,0.987341880758594,0.9805007921140644
thyroid,down,0.9958333333333332,0.9951388888888888,-0.000694444444444442,21,21,0,7200,4608,1152,1440,multiclass,3,21,21,3,3,True,8,8,0.9950708898627756,0.9998326371607246
credit,down,0.784026323661382,0.7831289261142687,-0.0008973975471133766,10,10,0,16714,10696,2675,3343,binclass,,10,10,2,2,True,8,8,0.7831253942184746,0.8644984165571428
page-blocks,down,0.9799086757990868,0.9789954337899544,-0.0009132420091324533,10,10,0,5473,3502,876,1095,multiclass,,10,10,5,5,True,8,8,0.9786887633636332,0.9935186179350264
mobile_c36_oversampling,down,0.9924652241112828,0.991499227202473,-0.0009659969088098297,6,6,0,51760,33126,8282,10352,binclass,2,6,6,2,2,True,8,16,0.9914947532124438,0.9991278321056364
Satellite,down,0.9941176470588236,0.9931372549019608,-0.0009803921568627416,36,36,0,5100,3264,816,1020,binclass,,36,36,2,2,True,8,8,0.9924594949642388,0.9922388059701492
internet_usage,down,0.5499505440158259,0.5489614243323442,-0.0009891196834816984,70,0,70,10108,6468,1618,2022,multiclass,,70,70,46,46,False,0,0,0.4729169266729339,0.9426065031057342
pol,down,0.991571641051066,0.9905800694100148,-0.0009915716410512365,26,26,0,10082,6452,1613,2017,binclass,,26,26,2,2,True,8,8,0.9905799026948008,0.9997360068903678
waveform_database_generator_version_1,down,0.871,0.87,-0.0010000000000000009,21,21,0,5000,3200,800,1000,multiclass,3,21,21,3,3,True,8,8,0.8697775696531872,0.9715071970181172
house_16H,down,0.8928836174944403,0.8917716827279466,-0.0011119347664937385,16,16,0,13488,8632,2158,2698,binclass,,16,16,2,2,True,8,8,0.8917678763469665,0.9559542499427136
letter,down,0.9895,0.98825,-0.0012500000000000844,15,15,0,20000,12800,3200,4000,multiclass,,15,15,26,26,False,0,0,0.9882412620818608,0.9999697036102416
allrep,down,0.9880794701986756,0.9867549668874172,-0.0013245033112584403,29,6,23,3772,2413,604,755,multiclass,,29,29,4,4,True,8,8,0.986860819055772,0.9968752015791714
eeg-eye-state,down,0.9936582109479306,0.9923230974632844,-0.001335113484646211,14,14,0,14980,9587,2397,2996,binclass,,14,14,2,2,True,8,8,0.9923217530340877,0.9993501741650322
JapaneseVowels,down,0.9989964877069744,0.997491219267436,-0.0015052684395383542,14,14,0,9961,6374,1594,1993,multiclass,,14,14,9,9,True,8,8,0.9974875580178892,0.999998317798974
MagicTelescope,down,0.8901156677181914,0.8885383806519453,-0.001577287066246047,9,9,0,19020,12172,3044,3804,binclass,,9,9,2,2,True,8,8,0.8869750158127937,0.9442419900179058
kdd_ipums_la_97-small,down,0.8882466281310212,0.8863198458574181,-0.0019267822736031004,20,20,0,5188,3320,830,1038,binclass,,20,20,2,2,True,8,8,0.8859387397052086,0.9477559854618895
ozone-level-8hr,down,0.9526627218934912,0.95069033530572,-0.0019723865877712132,72,72,0,2534,1621,406,507,binclass,,72,72,2,2,True,8,8,0.943526173384398,0.9321710526315788
ada_agnostic,down,0.8444687842278203,0.8422782037239869,-0.0021905805038334725,48,48,0,4562,2919,730,913,binclass,2,48,48,2,2,True,8,8,0.8375026858193976,0.9002613631985205
okcupid_stem,down,0.7507496251874063,0.7483133433283359,-0.0024362818590704105,13,2,11,26677,17072,4269,5336,multiclass,,13,13,3,3,True,8,8,0.6904749533654578,0.808250156378902
mfeat-pixel,down,0.965,0.9625,-0.0024999999999999467,240,0,240,2000,1280,320,400,multiclass,,240,240,10,10,True,8,8,0.9626012984134944,0.9986111111111112
mfeat-karhunen,down,0.975,0.9725,-0.0024999999999999467,64,64,0,2000,1280,320,400,multiclass,,64,64,10,10,True,8,8,0.9724205873703866,0.998951388888889
airlines_seed_0_nrows_2000_nclasses_10_ncols_100_stratify_True,down,0.625,0.6225,-0.0024999999999999467,7,3,4,2000,1280,320,400,binclass,,7,7,2,2,True,8,8,0.6071438707820418,0.6545703006377164
optdigits,down,0.9919928825622776,0.98932384341637,-0.002669039145907548,64,64,0,5620,3596,900,1124,multiclass,,64,64,10,10,True,8,8,0.9893571959793104,0.9999523681665192
FOREX_audjpy-hour-High,down,0.7242441528807758,0.7213918996006845,-0.0028522532800913103,10,10,0,43825,28048,7012,8765,binclass,,10,10,2,2,True,8,16,0.7213956599572665,0.8006449680009613
predict_students_dropout_and_academic_success,down,0.7830508474576271,0.7796610169491526,-0.003389830508474523,34,5,29,4424,2831,708,885,multiclass,3,34,34,3,3,True,8,8,0.7718771132165337,0.8911147412696909
Bank_Customer_Churn_Dataset,down,0.878,0.8745,-0.0034999999999999476,10,6,4,10000,6400,1600,2000,binclass,2,10,10,2,2,True,8,8,0.8632437488022905,0.8829923914669676
mozilla4,down,0.931810871662914,0.9282727565133484,-0.0035381151495655905,4,4,0,15545,9948,2488,3109,binclass,,4,4,2,2,True,8,8,0.9274324091708476,0.9679035347885568
UJI_Pen_Characters,down,0.575091575091575,0.5714285714285714,-0.00366300366300365,80,80,0,1364,872,219,273,multiclass,35,80,80,35,35,False,0,0,0.5556879043441294,0.9658020447828964
website_phishing,down,0.922509225092251,0.918819188191882,-0.0036900369003689537,9,0,9,1353,865,217,271,multiclass,3,9,9,3,3,True,8,8,0.919185422046047,0.976952384783782
Firm-Teacher_Clave-Direction_Classification,down,0.8740740740740741,0.8703703703703703,-0.0037037037037037646,16,0,16,10800,6912,1728,2160,multiclass,4,16,16,4,4,True,8,8,0.8678622679067794,0.9675181875873334
water_quality,down,0.910625,0.906875,-0.003750000000000031,20,20,0,7996,5116,1280,1600,binclass,2,20,20,2,2,True,8,8,0.8932224553224555,0.905525891597824
sylvine,down,0.977560975609756,0.9736585365853658,-0.0039024390243901363,20,20,0,5124,3279,820,1025,binclass,,20,20,2,2,True,8,8,0.9736583861516886,0.9975919072855748
thyroid-ann,down,0.9960264900662252,0.9920529801324504,-0.003973509933774877,21,21,0,3772,2413,604,755,multiclass,,21,21,3,3,True,8,8,0.9919096028069112,0.9997771226720892
PhishingWebsites,down,0.9773857982813208,0.9733152419719584,-0.004070556309362372,30,0,30,11055,7075,1769,2211,binclass,,30,30,2,2,True,8,8,0.9732931420595444,0.9979260266251098
telco-customer-churn,down,0.8090844570617459,0.8048261178140526,-0.004258339247693366,18,3,15,7043,4507,1127,1409,binclass,,18,18,2,2,True,8,8,0.7956695036647828,0.8506200108501899
INNHotelsGroup,down,0.9010337698139216,0.8967608545830462,-0.004272915230875363,17,11,6,36275,23216,5804,7255,binclass,2,17,17,2,2,True,8,16,0.8958154462629352,0.9563628945082046
Diabetic_Retinopathy_Debrecen,down,0.7575757575757576,0.7532467532467533,-0.0043290043290042934,19,16,3,1151,736,184,231,binclass,2,19,19,2,2,True,8,8,0.7531724089863625,0.8369843420656429
segment,down,0.945887445887446,0.9415584415584416,-0.0043290043290044045,17,17,0,2310,1478,370,462,multiclass,,17,17,7,7,True,8,8,0.9418745799278556,0.9956545979273252
California-Housing-Classification,down,0.9149709302325582,0.9106104651162792,-0.0043604651162789665,8,8,0,20640,13209,3303,4128,binclass,,8,8,2,2,True,8,8,0.9106083720092528,0.974363130399674
pc1,down,0.945945945945946,0.9414414414414416,-0.0045045045045044585,21,21,0,1109,709,178,222,binclass,,21,21,2,2,True,8,8,0.9199428109746336,0.871658615136876
FICO-HELOC-cleaned,down,0.7468354430379747,0.7422784810126583,-0.004556962025316413,23,21,2,9871,6316,1580,1975,binclass,,23,23,2,2,True,8,8,0.7421831122176172,0.8211837299027442
led24,down,0.734375,0.7296875,-0.004687499999999956,24,0,24,3200,2048,512,640,multiclass,,24,24,10,10,True,8,8,0.7241279310557914,0.956424821891934
mfeat-factors,down,0.98,0.975,-0.0050000000000000044,216,216,0,2000,1280,320,400,multiclass,,216,216,10,10,True,8,8,0.9749898377648712,0.9996041666666666
kr-vs-k,down,0.8964718460441911,0.8913043478260869,-0.0051674982181041385,6,3,3,28056,17955,4489,5612,multiclass,,6,6,18,18,False,0,0,0.8908826726626438,0.9966017628246386
satimage,down,0.9331259720062208,0.927682737169518,-0.005443234836702837,36,36,0,6430,4115,1029,1286,multiclass,,36,36,6,6,True,8,8,0.9253961708341392,0.9946490402669884
FOREX_cadjpy-day-High,down,0.7275204359673024,0.7220708446866485,-0.00544959128065392,10,10,0,1834,1173,294,367,binclass,,10,10,2,2,True,8,8,0.7219552472958468,0.7924536707056309
car-evaluation,down,0.9942196531791908,0.9884393063583816,-0.00578034682080919,21,0,21,1728,1105,277,346,multiclass,,21,21,4,4,True,8,8,0.9886082025857558,0.9993694631652088
in_vehicle_coupon_recommendation,down,0.7812376823019315,0.7753251872290107,-0.005912495072920798,21,0,21,12684,8117,2030,2537,binclass,2,21,21,2,2,True,8,8,0.7734280393374866,0.8494759308165346
waveform-5000,down,0.865,0.859,-0.006000000000000005,40,40,0,5000,3200,800,1000,multiclass,,40,40,3,3,True,8,8,0.8589893145634322,0.9779682470156006
MIC,down,0.9090909090909092,0.9030303030303032,-0.006060606060605989,104,9,95,1649,1055,264,330,binclass,,104,104,2,2,True,8,8,0.89153605015674,0.8926488157987209
semeion,down,0.9498432601880876,0.9435736677115988,-0.006269592476488839,256,256,0,1593,1019,255,319,multiclass,,256,256,10,10,True,8,8,0.9436635171585812,0.9984080932399187
Gender_Gap_in_Spanish_WP,down,0.6063157894736843,0.6,-0.006315789473684275,13,13,0,4746,3036,760,950,multiclass,3,13,13,3,3,True,8,8,0.5280679361655268,0.697667104764003
pc3,down,0.8977635782747604,0.8913738019169329,-0.006389776357827448,37,37,0,1563,1000,250,313,binclass,,37,37,2,2,True,8,8,0.8566138074533663,0.8276801601423487
Pima_Indians_Diabetes_Database,down,0.7597402597402597,0.7532467532467533,-0.00649350649350644,8,8,0,768,491,123,154,binclass,2,8,8,2,2,True,8,8,0.7465323791854404,0.8730555555555557
cmc,down,0.5932203389830508,0.5864406779661017,-0.006779661016949157,9,2,7,1473,942,236,295,multiclass,,9,9,3,3,True,8,8,0.5850476984347505,0.7652591931438671
turiye_student_evaluation,down,0.5257731958762887,0.5189003436426117,-0.0068728522336769515,32,30,2,5820,3724,932,1164,multiclass,5,32,32,5,5,True,8,8,0.4882001192010846,0.7624217898393558
phoneme,down,0.8954671600370028,0.8880666049953746,-0.007400555041628176,5,5,0,5404,3458,865,1081,binclass,,5,5,2,2,True,8,8,0.8870249263418348,0.9485193320891208
heloc,down,0.7315,0.7235,-0.008000000000000007,22,22,0,10000,6400,1600,2000,binclass,,22,22,2,2,True,8,8,0.7231511011752562,0.7993204999999999
Marketing_Campaign,down,0.890625,0.8816964285714286,-0.008928571428571397,27,19,8,2240,1433,359,448,binclass,2,27,27,2,2,True,8,8,0.8662058288281828,0.9192031966153484
PizzaCutter3,down,0.8851674641148325,0.8755980861244019,-0.009569377990430561,37,37,0,1043,667,167,209,binclass,,37,37,2,2,True,8,8,0.8219900400351527,0.881195652173913
thyroid-dis,down,0.6964285714285714,0.6857142857142857,-0.010714285714285676,26,6,20,2800,1792,448,560,multiclass,,26,26,5,5,True,8,8,0.6643819519032679,0.8849375775097759
vehicle,down,0.8941176470588236,0.8823529411764706,-0.01176470588235301,18,18,0,846,540,136,170,multiclass,,18,18,4,4,True,8,8,0.8796836867650675,0.9719712232212232
rl,down,0.8772635814889336,0.8651911468812877,-0.012072434607645843,12,5,7,4970,3180,796,994,binclass,,12,12,2,2,True,8,8,0.8651365482829707,0.9372229351966932
autoUniv-au4-2500,down,0.71,0.696,-0.014000000000000012,100,58,42,2500,1600,400,500,multiclass,,100,100,3,3,True,8,8,0.6671143931908402,0.7656417421331737
first-order-theorem-proving,down,0.6388888888888888,0.6241830065359477,-0.014705882352941124,51,51,0,6118,3915,979,1224,multiclass,,51,51,6,6,True,8,8,0.6024136654432544,0.8443293830653392
abalone,down,0.6447368421052632,0.6291866028708134,-0.015550239234449759,8,7,1,4177,2672,669,836,multiclass,,8,8,3,3,True,8,8,0.6333758280580857,0.8276843543161713
kc1,down,0.8767772511848341,0.8601895734597157,-0.016587677725118377,21,21,0,2109,1349,338,422,binclass,,21,21,2,2,True,8,8,0.8412088697657577,0.8351217410040939
contraceptive_method_choice,down,0.6203389830508474,0.6033898305084746,-0.016949152542372836,9,5,4,1473,942,236,295,multiclass,3,9,9,3,3,True,8,8,0.6056285263866551,0.7930880652175393
autoUniv-au7-1100,down,0.4227272727272727,0.4045454545454545,-0.018181818181818188,12,8,4,1100,704,176,220,multiclass,,12,12,5,5,True,8,8,0.3877693748199367,0.725326077128971
artificial-characters,down,0.8434442270058709,0.824853228962818,-0.018590998043052864,7,7,0,10218,6539,1635,2044,multiclass,,7,7,10,10,True,8,8,0.8244649744881934,0.9869921539614416
steel_plates_faults,down,0.8740359897172236,0.8534704370179949,-0.020565552699228773,27,25,2,1941,1241,311,389,multiclass,7,27,27,7,7,True,8,8,0.8534416346969115,0.9823244190815464
GesturePhaseSegmentationProcessed,down,0.8035443037974683,0.7822784810126582,-0.02126582278481015,32,32,0,9873,6318,1580,1975,multiclass,,32,32,5,5,True,8,8,0.779427601954245,0.9490290513512398
mfeat-fourier,down,0.92,0.8975,-0.022500000000000075,76,76,0,2000,1280,320,400,multiclass,,76,76,10,10,True,8,8,0.8960446447840096,0.992875
one-hundred-plants-shape,down,0.8125,0.7875,-0.025000000000000022,64,64,0,1600,1024,256,320,multiclass,,64,64,100,100,False,0,0,0.7754216269841271,0.9932768554752492
wine-quality-white,down,0.6663265306122449,0.639795918367347,-0.026530612244897944,11,11,0,4898,3134,784,980,multiclass,,11,11,7,7,True,8,8,0.6280027158941782,0.8888983049248858
maternal_health_risk,down,0.8669950738916257,0.8325123152709359,-0.034482758620689724,6,6,0,1014,648,163,203,multiclass,3,6,6,3,3,True,8,8,0.8292402292327382,0.9503179665919088
statlog,down,0.745,0.71,-0.03500000000000003,20,7,13,1000,640,160,200,binclass,2,20,20,2,2,True,8,8,0.6906666666666667,0.7556547619047619
