dataset_name,task_type,n_train,n_val,n_test,n_features,n_classes,status_baseline,status_baseline_ttt,status_TTT,accuracy_baseline,accuracy_baseline_ttt,accuracy_TTT,delta_baseline_ttt_vs_baseline,delta_pp_baseline_ttt_vs_baseline,relative_delta_pct_baseline_ttt_vs_baseline,bucket_baseline_ttt_vs_baseline,delta_TTT_vs_baseline,delta_pp_TTT_vs_baseline,relative_delta_pct_TTT_vs_baseline,bucket_TTT_vs_baseline,delta_TTT_vs_baseline_ttt,delta_pp_TTT_vs_baseline_ttt,bucket_TTT_vs_baseline_ttt,fit_seconds_baseline,fit_seconds_baseline_ttt,fit_seconds_TTT,predict_seconds_baseline,predict_seconds_baseline_ttt,predict_seconds_TTT,ttt_applied_baseline_ttt,ttt_applied_TTT,ttt_steps_baseline_ttt,ttt_steps_TTT,ttt_lr_baseline_ttt,ttt_lr_TTT,ttt_loss_baseline_ttt,ttt_loss_TTT,ttt_update_seconds_baseline_ttt,ttt_update_seconds_TTT,ttt_split_strategy_baseline_ttt,ttt_split_strategy_TTT,ttt_split_reason_baseline_ttt,ttt_split_reason_TTT,error_type_baseline_ttt,error_first_line_baseline_ttt,error_type_TTT,error_first_line_TTT,dataset_dir
ASP-POTASSCO-classification,multiclass,1035,207,259,141,11,ok,ok,ok,0.4401544401544401,0.4401544401544401,0.4401544401544401,0.0,0.0,0.0,tie,0.0,0.0,0.0,tie,0.0,0.0,tie,0.8151788711547852,1.2743916511535645,1.2235324382781982,3.5207114219665527,3.864221572875977,3.4731314182281494,False,False,0,0,2e-06,2e-06,,,0.7133162021636963,0.6688287258148193,stratified,stratified,stratified split | TTT training skipped because n_classes=11 exceeds model max_classes=10,stratified split | TTT training skipped because n_classes=11 exceeds model max_classes=10,,,,,/home/crc00006699/zh/tabiclv2/data178/ASP-POTASSCO-classification
Amazon_employee_access,binclass,26215,5243,6554,7,2,ok,ok,ok,0.9443088190418064,0.9443088190418064,0.9447665547757096,0.0,0.0,0.0,tie,0.0004577357339031751,0.04577357339031751,0.048473097430948624,improved,0.0004577357339031751,0.04577357339031751,improved,0.8197550773620605,6.612170934677124,59.79065370559693,13.53306531906128,11.798025369644163,12.539429664611816,True,True,1,1,2e-06,2e-06,0.2157608568668365,0.1622424513101577,6.375312328338623,59.54726696014404,stratified,stratified,stratified split,stratified split,,,,,/home/crc00006699/zh/tabiclv2/data178/Amazon_employee_access
BLE_RSSI_dataset_for_Indoor_localization,multiclass,7987,1598,1997,3,3,ok,ok,ok,0.7406109163745619,0.7406109163745619,0.7396094141211818,0.0,0.0,0.0,tie,-0.0010015022533801377,-0.10015022533801377,-0.1352265043948705,regressed,-0.0010015022533801377,-0.10015022533801377,regressed,0.630218505859375,1.0869014263153076,4.673146724700928,2.6772477626800537,1.1495611667633057,1.3874742984771729,True,True,1,1,2e-06,2e-06,0.638681173324585,0.5984398722648621,1.0538527965545654,4.639437198638916,stratified,stratified,stratified split,stratified split,,,,,/home/crc00006699/zh/tabiclv2/data178/BLE_RSSI_dataset_for_Indoor_localization
BNG(breast-w),binclass,31492,6299,7874,9,2,ok,ok,ok,0.9883159766319533,0.9883159766319533,0.9884429768859536,0.0,0.0,0.0,tie,0.00012700025400036452,0.012700025400036452,0.012850167052157161,improved,0.00012700025400036452,0.012700025400036452,improved,0.619035005569458,8.999601125717163,100.9606866836548,19.000386476516724,18.86037397384644,19.80961871147156,True,True,1,1,2e-06,2e-06,0.0405731126666069,0.0364158221830924,8.732261657714844,100.68654227256776,stratified,stratified,stratified split,stratified split,,,,,/home/crc00006699/zh/tabiclv2/data178/BNG(breast-w)
BNG(cmc),multiclass,44236,8848,11060,9,3,ok,ok,ok,0.58625678119349,0.5863471971066908,0.5867088607594937,9.041591320080311e-05,0.009041591320080311,0.015422578655164752,improved,0.0004520795660036825,0.04520795660036825,0.07711289327576694,improved,0.0003616636528028794,0.03616636528028794,improved,0.7731552124023438,16.596966981887817,190.47321033477783,34.38356924057007,34.27764654159546,35.44835305213928,True,True,1,1,2e-06,2e-06,0.9176764488220216,0.8855311075846354,16.165717601776123,190.0386950969696,stratified,stratified,stratified split,stratified split,,,,,/home/crc00006699/zh/tabiclv2/data178/BNG(cmc)
BNG(tic-tac-toe),binclass,31492,6299,7874,9,2,ok,ok,ok,0.8150876301752603,0.8152146304292609,0.8154686309372619,0.00012700025400058657,0.012700025400058657,0.01558117793706168,improved,0.00038100076200153765,0.038100076200153765,0.0467435338111578,improved,0.0002540005080009511,0.02540005080009511,improved,0.6858181953430176,9.242222785949709,101.07823419570924,19.008645057678223,18.995980978012085,19.64273476600647,True,True,1,1,2e-06,2e-06,0.4084962010383606,0.4057140126824379,8.893261909484863,100.73417592048644,stratified,stratified,stratified split,stratified split,,,,,/home/crc00006699/zh/tabiclv2/data178/BNG(tic-tac-toe)
Bank_Customer_Churn_Dataset,binclass,8000,1600,2000,10,2,ok,ok,ok,0.877,0.877,0.877,0.0,0.0,0.0,tie,0.0,0.0,0.0,tie,0.0,0.0,tie,0.4421720504760742,1.1799542903900146,9.08629822731018,2.512715101242065,2.288098096847534,2.5593509674072266,True,True,1,1,2e-06,2e-06,0.3825761377811432,0.3325077891349792,1.0917234420776367,8.997632026672363,stratified,stratified,stratified split,stratified split,,,,,/home/crc00006699/zh/tabiclv2/data178/Bank_Customer_Churn_Dataset
Basketball_c,binclass,1072,215,268,11,2,ok,ok,ok,0.7126865671641791,0.7126865671641791,0.7126865671641791,0.0,0.0,0.0,tie,0.0,0.0,0.0,tie,0.0,0.0,tie,0.3779196739196777,0.432657241821289,1.4552156925201416,0.3998756408691406,0.2655723094940185,0.3361208438873291,True,True,1,1,2e-06,2e-06,0.5917789936065674,0.5521643857161204,0.4026682376861572,1.4256207942962646,stratified,stratified,stratified split,stratified split,,,,,/home/crc00006699/zh/tabiclv2/data178/Basketball_c
California-Housing-Classification,binclass,16512,3303,4128,8,2,ok,ok,ok,0.9127906976744186,0.9127906976744186,0.9135174418604652,0.0,0.0,0.0,tie,0.0007267441860466795,0.07267441860466795,0.07961783439492284,improved,0.0007267441860466795,0.07267441860466795,improved,0.4982361793518066,2.9831104278564453,30.016531467437744,6.714113712310791,6.623786687850952,7.06855034828186,True,True,1,1,2e-06,2e-06,0.4783243238925934,0.238284641255935,2.8428409099578857,29.87815880775452,stratified,stratified,stratified split,stratified split,,,,,/home/crc00006699/zh/tabiclv2/data178/California-Housing-Classification
Cardiovascular-Disease-dataset,binclass,56000,11200,14000,11,2,ok,ok,ok,0.7341428571428571,0.734,0.7338571428571429,-0.00014285714285711126,-0.014285714285711126,-0.019459038723482758,regressed,-0.0002857142857142225,-0.028571428571422253,-0.038918077446965516,regressed,-0.00014285714285711126,-0.014285714285711126,regressed,0.8122813701629639,26.18410301208496,301.4637174606323,53.11316227912903,53.75921726226807,54.69570875167847,True,True,1,1,2e-06,2e-06,0.5971483588218689,0.5425123323996862,25.64237332344055,300.9215614795685,stratified,stratified,stratified split,stratified split,,,,,/home/crc00006699/zh/tabiclv2/data178/Cardiovascular-Disease-dataset
Click_prediction_small,binclass,31958,6392,7990,3,2,ok,ok,ok,0.8320400500625782,0.8319148936170213,0.8319148936170213,-0.00012515644555688432,-0.012515644555688432,-0.015042117930197139,regressed,-0.00012515644555688432,-0.012515644555688432,-0.015042117930197139,regressed,0.0,0.0,tie,0.4048318862915039,8.918448448181152,34.26749897003174,6.997009754180908,6.974638223648071,7.452008962631226,True,True,1,1,2e-06,2e-06,0.4403282701969147,0.4406826868653297,8.82149052619934,34.170427322387695,stratified,stratified,stratified split,stratified split,,,,,/home/crc00006699/zh/tabiclv2/data178/Click_prediction_small
Credit_c,multiclass,80000,16000,20000,22,3,ok,fail,fail,0.792,,,,,,run_failed,,,,run_failed,,,both_failed,1.7806065082550049,0.0,0.0,111.15165758132936,0.0,0.0,False,False,0,0,,,,,0.0,0.0,,,,,RuntimeError,RuntimeError: CUDA error: invalid configuration argument,RuntimeError,RuntimeError: Caught RuntimeError in replica 0 on device 0.,/home/crc00006699/zh/tabiclv2/data178/Credit_c
Customer_Personality_Analysis,binclass,1792,359,448,24,2,ok,ok,ok,0.8839285714285714,0.8839285714285714,0.8839285714285714,0.0,0.0,0.0,tie,0.0,0.0,0.0,tie,0.0,0.0,tie,0.4083352088928222,0.5284783840179443,1.8635177612304688,0.7227966785430908,0.6546809673309326,0.6803228855133057,True,True,1,1,2e-06,2e-06,0.3109835088253021,0.2803117409348488,0.4667088985443115,1.8012363910675049,stratified,stratified,stratified split,stratified split,,,,,/home/crc00006699/zh/tabiclv2/data178/Customer_Personality_Analysis
Diabetic_Retinopathy_Debrecen,binclass,920,184,231,19,2,ok,ok,ok,0.7489177489177489,0.7489177489177489,0.7489177489177489,0.0,0.0,0.0,tie,0.0,0.0,0.0,tie,0.0,0.0,tie,0.3530807495117187,0.4510014057159424,1.6429259777069092,0.6521532535552979,0.497081995010376,0.5167720317840576,True,True,1,1,2e-06,2e-06,0.6495124697685242,0.5309936205546061,0.4102258682250976,1.6018707752227783,stratified,stratified,stratified split,stratified split,,,,,/home/crc00006699/zh/tabiclv2/data178/Diabetic_Retinopathy_Debrecen
E-CommereShippingData,binclass,8799,1760,2200,10,2,ok,ok,ok,0.6781818181818182,0.6781818181818182,0.6763636363636364,0.0,0.0,0.0,tie,-0.0018181818181818299,-0.181818181818183,-0.26809651474531004,regressed,-0.0018181818181818299,-0.181818181818183,regressed,0.4323041439056396,1.4147074222564695,10.629243612289429,2.8907456398010254,2.716055154800415,2.9983277320861816,True,True,1,1,2e-06,2e-06,0.5309059619903564,0.5051225324471792,1.3251490592956543,10.537712335586548,stratified,stratified,stratified split,stratified split,,,,,/home/crc00006699/zh/tabiclv2/data178/E-CommereShippingData
Employee,binclass,3722,745,931,8,2,ok,ok,ok,0.8528464017185822,0.8528464017185822,0.8517722878625135,0.0,0.0,0.0,tie,-0.0010741138560687036,-0.10741138560687036,-0.12594458438286688,regressed,-0.0010741138560687036,-0.10741138560687036,regressed,0.3660156726837158,0.6359069347381592,3.23121190071106,0.9537360668182372,0.8532116413116455,1.009143352508545,True,True,1,1,2e-06,2e-06,0.5106565356254578,0.3911133259534836,0.5902242660522461,3.184901714324951,stratified,stratified,stratified split,stratified split,,,,,/home/crc00006699/zh/tabiclv2/data178/Employee
FICO-HELOC-cleaned,binclass,7896,1580,1975,23,2,ok,ok,ok,0.7448101265822785,0.7448101265822785,0.7458227848101265,0.0,0.0,0.0,tie,0.0010126582278480178,0.10126582278480178,0.13596193065940415,improved,0.0010126582278480178,0.10126582278480178,improved,0.465599775314331,1.3389153480529783,9.485157012939451,3.1942059993743896,2.855963706970215,3.1139626502990723,True,True,1,1,2e-06,2e-06,0.5756033062934875,0.5377402007579803,1.1730284690856934,9.31574320793152,stratified,stratified,stratified split,stratified split,,,,,/home/crc00006699/zh/tabiclv2/data178/FICO-HELOC-cleaned
FOREX_audcad-day-High,binclass,1467,294,367,10,2,ok,ok,ok,0.7438692098092643,0.7438692098092643,0.7547683923705722,0.0,0.0,0.0,tie,0.010899182561307952,1.0899182561307952,1.465201465201472,improved,0.010899182561307952,1.0899182561307952,improved,0.3528389930725097,0.4475207328796386,1.5205092430114746,0.4371953010559082,0.3345489501953125,0.4330575466156006,True,True,1,1,2e-06,2e-06,0.6288928389549255,0.6037676433722178,0.4182398319244385,1.4903295040130615,stratified,stratified,stratified split,stratified split,,,,,/home/crc00006699/zh/tabiclv2/data178/FOREX_audcad-day-High
FOREX_audcad-hour-High,binclass,35060,7012,8765,10,2,ok,ok,ok,0.7120365088419852,0.7124928693667998,0.7122646891043924,0.0004563605248145697,0.04563605248145697,0.0640922929017738,improved,0.00022818026240722933,0.022818026240722933,0.0320461464508791,improved,-0.00022818026240734035,-0.022818026240734035,regressed,0.6262383460998535,10.98819375038147,122.58538246154784,23.19978666305542,23.257519245147705,23.812854528427124,True,True,1,1,2e-06,2e-06,0.5927610993385315,0.5643377900123596,10.68410325050354,122.27484321594238,stratified,stratified,stratified split,stratified split,,,,,/home/crc00006699/zh/tabiclv2/data178/FOREX_audcad-hour-High
FOREX_audchf-day-High,binclass,1466,294,367,10,2,ok,ok,ok,0.7547683923705722,0.7574931880108992,0.7547683923705722,0.0027247956403269047,0.27247956403269047,0.36101083032490033,improved,0.0,0.0,0.0,tie,-0.0027247956403269047,-0.27247956403269047,regressed,0.3647594451904297,0.4378254413604736,1.626366138458252,0.4128069877624511,0.3809049129486084,0.4462864398956299,True,True,1,1,2e-06,2e-06,0.5953503251075745,0.5635132342576981,0.4054970741271972,1.5931434631347656,stratified,stratified,stratified split,stratified split,,,,,/home/crc00006699/zh/tabiclv2/data178/FOREX_audchf-day-High
FOREX_audjpy-day-High,binclass,1465,293,367,10,2,ok,ok,ok,0.7656675749318801,0.7656675749318801,0.771117166212534,0.0,0.0,0.0,tie,0.00544959128065392,0.544959128065392,0.7117437722419889,improved,0.00544959128065392,0.544959128065392,improved,0.3412368297576904,0.4306361675262451,1.5294132232666016,0.3927514553070068,0.314741849899292,0.3937034606933594,True,True,1,1,2e-06,2e-06,0.6928068399429321,0.5287768095731735,0.4038319587707519,1.501420974731445,stratified,stratified,stratified split,stratified split,,,,,/home/crc00006699/zh/tabiclv2/data178/FOREX_audjpy-day-High
FOREX_audjpy-hour-High,binclass,35060,7012,8765,10,2,ok,ok,ok,0.7086138049058757,0.7087278950370793,0.7090701654306902,0.00011409013120367018,0.011409013120367018,0.016100466913543214,improved,0.0004563605248145697,0.04563605248145697,0.06440186765415719,improved,0.0003422703936108995,0.03422703936108995,improved,0.5928945541381836,10.924689054489136,122.53930282592772,23.28204655647278,23.275185346603397,23.83016538619995,True,True,1,1,2e-06,2e-06,0.6916711330413818,0.5827425122261047,10.647238492965698,122.2566578388214,stratified,stratified,stratified split,stratified split,,,,,/home/crc00006699/zh/tabiclv2/data178/FOREX_audjpy-hour-High
FOREX_audsgd-hour-High,binclass,35060,7012,8765,10,2,ok,ok,ok,0.6838562464346833,0.6861380490587564,0.6888762122076441,0.0022818026240730704,0.22818026240730704,0.33366700033367475,improved,0.0050199657729607106,0.5019965772960711,0.734067400734078,improved,0.00273816314888764,0.273816314888764,improved,0.641925573348999,11.069381475448608,123.0545301437378,23.277124166488647,23.240211009979248,23.70471167564392,True,True,1,1,2e-06,2e-06,0.6306459903717041,0.6053925106922785,10.727553129196169,122.70329976081848,stratified,stratified,stratified split,stratified split,,,,,/home/crc00006699/zh/tabiclv2/data178/FOREX_audsgd-hour-High
FOREX_audusd-hour-High,binclass,35060,7012,8765,10,2,ok,ok,ok,0.6816885339418141,0.6827153451226469,0.6856816885339418,0.0010268111808328095,0.10268111808328095,0.1506276150627544,improved,0.00399315459212779,0.399315459212779,0.5857740585774072,improved,0.0029663434112949805,0.29663434112949805,improved,0.6303493976593018,11.052427530288696,122.87543940544128,23.28602504730225,23.229971408844,23.580187797546387,True,True,1,1,2e-06,2e-06,0.613400936126709,0.6061028440793356,10.721969842910768,122.53793621063232,stratified,stratified,stratified split,stratified split,,,,,/home/crc00006699/zh/tabiclv2/data178/FOREX_audusd-hour-High
FOREX_cadjpy-day-High,binclass,1467,294,367,10,2,ok,ok,ok,0.7166212534059946,0.7166212534059946,0.7166212534059946,0.0,0.0,0.0,tie,0.0,0.0,0.0,tie,0.0,0.0,tie,0.3731980323791504,0.4331238269805908,1.5646412372589111,0.4634444713592529,0.3853404521942138,0.4223086833953857,True,True,1,1,2e-06,2e-06,0.6926785707473755,0.5699061453342438,0.4047849178314209,1.5349130630493164,stratified,stratified,stratified split,stratified split,,,,,/home/crc00006699/zh/tabiclv2/data178/FOREX_cadjpy-day-High
FOREX_cadjpy-hour-High,binclass,35060,7012,8765,10,2,ok,ok,ok,0.7007415858528238,0.7002852253280091,0.7018824871648602,-0.0004563605248146807,-0.04563605248146807,-0.06512536633019661,regressed,0.0011409013120364797,0.11409013120364797,0.16281341582545986,improved,0.0015972618368511604,0.15972618368511604,improved,0.6164278984069824,10.947083711624146,122.61021995544434,23.52389430999756,23.31089949607849,23.68723225593567,True,True,1,1,2e-06,2e-06,0.6907697319984436,0.5956227531035742,10.65827703475952,122.31589269638062,stratified,stratified,stratified split,stratified split,,,,,/home/crc00006699/zh/tabiclv2/data178/FOREX_cadjpy-hour-High
Firm-Teacher_Clave-Direction_Classification,multiclass,8640,1728,2160,16,4,ok,ok,ok,0.8782407407407408,0.8777777777777778,0.8777777777777778,-0.0004629629629629983,-0.04629629629629983,-0.052714812862418366,regressed,-0.0004629629629629983,-0.04629629629629983,-0.052714812862418366,regressed,0.0,0.0,tie,0.4750707149505615,1.4358432292938232,10.282121658325195,3.1152985095977783,2.8766911029815674,3.087115526199341,True,True,1,1,2e-06,2e-06,0.3677316009998321,0.3533362001180649,1.2717599868774414,10.116397857666016,stratified,stratified,stratified split,stratified split,,,,,/home/crc00006699/zh/tabiclv2/data178/Firm-Teacher_Clave-Direction_Classification
Fitness_Club_c,binclass,1200,240,300,6,2,ok,ok,ok,0.7866666666666666,0.7866666666666666,0.79,0.0,0.0,0.0,tie,0.0033333333333334103,0.33333333333334103,0.42372881355933184,improved,0.0033333333333334103,0.33333333333334103,improved,0.3396594524383545,0.4220008850097656,1.2749862670898438,0.2608733177185058,0.2183144092559814,0.2687876224517822,True,True,1,1,2e-06,2e-06,0.5322405099868774,0.5270961448550224,0.3969299793243408,1.248347520828247,stratified,stratified,stratified split,stratified split,,,,,/home/crc00006699/zh/tabiclv2/data178/Fitness_Club_c
GAMETES_Epistasis_2-Way_20atts_0.1H_EDM-1_1,binclass,1280,256,320,20,2,ok,ok,ok,0.66875,0.66875,0.66875,0.0,0.0,0.0,tie,0.0,0.0,0.0,tie,0.0,0.0,tie,0.3958191871643066,0.5024304389953613,1.4960970878601074,0.5084073543548584,0.3647506237030029,0.4387333393096924,True,True,1,1,2e-06,2e-06,0.6546735763549805,0.6553142865498861,0.4438672065734863,1.436946153640747,stratified,stratified,stratified split,stratified split,,,,,/home/crc00006699/zh/tabiclv2/data178/GAMETES_Epistasis_2-Way_20atts_0.1H_EDM-1_1
GAMETES_Heterogeneity_20atts_1600_Het_0.4_0.2_50_EDM-2_001,binclass,1280,256,320,20,2,ok,ok,ok,0.68125,0.68125,0.68125,0.0,0.0,0.0,tie,0.0,0.0,0.0,tie,0.0,0.0,tie,0.3661291599273681,0.4901328086853027,1.5194013118743896,0.4600286483764648,0.3604586124420166,0.4168550968170166,True,True,1,1,2e-06,2e-06,0.5347962975502014,0.5138663798570633,0.4334111213684082,1.4625864028930664,stratified,stratified,stratified split,stratified split,,,,,/home/crc00006699/zh/tabiclv2/data178/GAMETES_Heterogeneity_20atts_1600_Het_0.4_0.2_50_EDM-2_001
Gender_Gap_in_Spanish_WP,multiclass,3796,760,950,13,3,ok,ok,ok,0.6052631578947368,0.6063157894736843,0.6063157894736843,0.001052631578947416,0.10526315789474161,0.17391304347826875,improved,0.001052631578947416,0.10526315789474161,0.17391304347826875,improved,0.0,0.0,tie,0.3567304611206054,0.62619948387146,3.3127169609069824,1.0894227027893066,0.98824143409729,1.140084743499756,True,True,1,1,2e-06,2e-06,0.8429332971572876,0.8147278080383936,0.5776033401489258,3.263061761856079,stratified,stratified,stratified split,stratified split,,,,,/home/crc00006699/zh/tabiclv2/data178/Gender_Gap_in_Spanish_WP
GesturePhaseSegmentationProcessed,multiclass,7898,1580,1975,32,5,ok,ok,ok,0.7863291139240506,0.789873417721519,0.7939240506329114,0.0035443037974683955,0.35443037974683955,0.45074050225370776,improved,0.0075949367088608,0.75949367088608,0.9658725048293677,improved,0.0040506329113924044,0.40506329113924044,improved,0.5231597423553467,1.454087734222412,9.993189334869385,3.617485523223877,3.170283555984497,3.4773974418640137,True,True,1,1,2e-06,2e-06,0.6925455331802368,0.7213161687056223,1.240288019180298,9.77752685546875,stratified,stratified,stratified split,stratified split,,,,,/home/crc00006699/zh/tabiclv2/data178/GesturePhaseSegmentationProcessed
HR_Analytics_Job_Change_of_Data_Scientists,binclass,15326,3066,3832,13,2,ok,ok,ok,0.7993215031315241,0.7995824634655533,0.8001043841336117,0.00026096033402922547,0.026096033402922547,0.03264773098269644,improved,0.0007828810020876764,0.07828810020876764,0.09794319294808931,improved,0.0005219206680584509,0.052192066805845094,improved,0.5204997062683105,2.858797311782837,26.476627826690677,6.392453193664551,6.278808832168579,6.633716821670532,True,True,1,1,2e-06,2e-06,0.4434336721897125,0.4345025221506755,2.643195867538452,26.255948543548584,stratified,stratified,stratified split,stratified split,,,,,/home/crc00006699/zh/tabiclv2/data178/HR_Analytics_Job_Change_of_Data_Scientists
IBM_HR_Analytics_Employee_Attrition_and_Performance,binclass,1176,236,294,31,2,ok,ok,ok,0.8639455782312925,0.8639455782312925,0.8639455782312925,0.0,0.0,0.0,tie,0.0,0.0,0.0,tie,0.0,0.0,tie,0.3751401901245117,0.5079150199890137,1.571647882461548,0.5083746910095215,0.4469349384307861,0.5236051082611084,True,True,1,1,2e-06,2e-06,0.2927239239215851,0.2901461521784464,0.4405350685119629,1.5039453506469729,stratified,stratified,stratified split,stratified split,,,,,/home/crc00006699/zh/tabiclv2/data178/IBM_HR_Analytics_Employee_Attrition_and_Performance
INNHotelsGroup,binclass,29020,5804,7255,17,2,ok,ok,ok,0.9021364576154376,0.9021364576154376,0.9022742935906272,0.0,0.0,0.0,tie,0.0001378359751895708,0.01378359751895708,0.01527883880825571,improved,0.0001378359751895708,0.01378359751895708,improved,0.7287540435791016,8.21805453300476,86.63181114196777,17.90743350982666,17.900861740112305,18.307430267333984,True,True,1,1,2e-06,2e-06,0.3230183124542236,0.2438614033162593,7.7749106884002686,86.18559646606445,stratified,stratified,stratified split,stratified split,,,,,/home/crc00006699/zh/tabiclv2/data178/INNHotelsGroup
Indian_pines,multiclass,7315,1463,1829,220,8,ok,ok,ok,0.9622744669218152,0.9622744669218152,0.9633679606342264,0.0,0.0,0.0,tie,0.0010934937124111865,0.10934937124111865,0.11363636363636706,improved,0.0010934937124111865,0.10934937124111865,improved,1.4927284717559814,3.9524874687194815,19.843774557113647,11.215372085571287,10.804181337356567,11.326019763946531,True,True,1,1,2e-06,2e-06,1.4453659057617188,0.1770916692912578,2.7606918811798096,18.689284086227417,stratified,stratified,stratified split,stratified split,,,,,/home/crc00006699/zh/tabiclv2/data178/Indian_pines
JapaneseVowels,multiclass,7968,1594,1993,14,9,ok,ok,ok,0.9989964877069744,0.9989964877069744,0.9989964877069744,0.0,0.0,0.0,tie,0.0,0.0,0.0,tie,0.0,0.0,tie,0.4063103199005127,1.1948189735412598,9.110700368881226,2.62676739692688,2.4410946369171143,2.824926853179932,True,True,1,1,2e-06,2e-06,0.0161098465323448,0.0107033850314716,1.0916035175323486,9.010664701461792,stratified,stratified,stratified split,stratified split,,,,,/home/crc00006699/zh/tabiclv2/data178/JapaneseVowels
KDDCup09_upselling,binclass,4102,821,1026,49,2,ok,ok,ok,0.8118908382066277,0.8118908382066277,0.8109161793372319,0.0,0.0,0.0,tie,-0.0009746588693957392,-0.09746588693957392,-0.12004801920768648,regressed,-0.0009746588693957392,-0.09746588693957392,regressed,0.5369017124176025,1.0181922912597656,4.712535381317139,2.047600030899048,1.8945870399475095,2.130955934524536,True,True,1,1,2e-06,2e-06,0.46644988656044,0.3629782870411873,0.813269853591919,4.504817962646484,stratified,stratified,stratified split,stratified split,,,,,/home/crc00006699/zh/tabiclv2/data178/KDDCup09_upselling
MIC,binclass,1319,264,330,104,2,ok,ok,ok,0.9090909090909092,0.9090909090909092,0.9090909090909092,0.0,0.0,0.0,tie,0.0,0.0,0.0,tie,0.0,0.0,tie,0.5674049854278564,0.9758875370025636,2.461353063583374,1.170243501663208,1.07423734664917,1.2782082557678225,True,True,1,1,2e-06,2e-06,0.3469802439212799,0.3140942901372909,0.7134909629821777,2.2009894847869877,stratified,stratified,stratified split,stratified split,,,,,/home/crc00006699/zh/tabiclv2/data178/MIC
MagicTelescope,binclass,15216,3044,3804,9,2,ok,ok,ok,0.8848580441640379,0.8848580441640379,0.8843322818086226,0.0,0.0,0.0,tie,-0.000525762355415349,-0.0525762355415349,-0.059417706476529636,regressed,-0.000525762355415349,-0.0525762355415349,regressed,0.4342396259307861,2.63501238822937,25.878236293792725,6.051984786987305,5.9286720752716064,6.35554313659668,True,True,1,1,2e-06,2e-06,0.3626988530158996,0.29766562829415,2.5038349628448486,25.74731206893921,stratified,stratified,stratified split,stratified split,,,,,/home/crc00006699/zh/tabiclv2/data178/MagicTelescope
Marketing_Campaign,binclass,1792,359,448,27,2,ok,ok,ok,0.890625,0.890625,0.890625,0.0,0.0,0.0,tie,0.0,0.0,0.0,tie,0.0,0.0,tie,0.3790252208709717,0.580986738204956,1.9416882991790767,0.7090649604797363,0.5780808925628662,0.6611855030059814,True,True,1,1,2e-06,2e-06,0.2996675670146942,0.2650629058480263,0.5110883712768555,1.870122194290161,stratified,stratified,stratified split,stratified split,,,,,/home/crc00006699/zh/tabiclv2/data178/Marketing_Campaign
Mobile_Price_Classification,multiclass,1600,320,400,20,4,ok,ok,ok,0.94,0.94,0.94,0.0,0.0,0.0,tie,0.0,0.0,0.0,tie,0.0,0.0,tie,0.3607692718505859,0.4918696880340576,1.598125457763672,0.5316307544708252,0.4477388858795166,0.5165519714355469,True,True,1,1,2e-06,2e-06,1.386194348335266,0.2093441598117351,0.4407799243927002,1.546126127243042,stratified,stratified,stratified split,stratified split,,,,,/home/crc00006699/zh/tabiclv2/data178/Mobile_Price_Classification
National_Health_and_Nutrition_Health_Survey,binclass,1822,365,456,7,2,ok,ok,ok,0.8399122807017544,0.8399122807017544,0.8377192982456141,0.0,0.0,0.0,tie,-0.002192982456140302,-0.21929824561403022,-0.2610966057441195,regressed,-0.002192982456140302,-0.21929824561403022,regressed,0.3388147354125976,0.4513983726501465,1.566011667251587,0.4682562351226806,0.3261420726776123,0.4615082740783691,True,True,1,1,2e-06,2e-06,0.4323754608631134,0.3694094151258468,0.4245996475219726,1.538053035736084,stratified,stratified,stratified split,stratified split,,,,,/home/crc00006699/zh/tabiclv2/data178/National_Health_and_Nutrition_Health_Survey
PhishingWebsites,binclass,8844,1769,2211,30,2,ok,ok,ok,0.979194934418815,0.9796472184531886,0.9796472184531886,0.00045228403437358455,0.045228403437358455,0.04618937644341781,improved,0.00045228403437358455,0.045228403437358455,0.04618937644341781,improved,0.0,0.0,tie,0.5716607570648193,1.766096830368042,11.956453561782835,3.755772829055786,3.532702684402466,3.873730421066284,True,True,1,1,2e-06,2e-06,0.0640226081013679,0.0591922815268238,1.488194465637207,11.676228761672974,stratified,stratified,stratified split,stratified split,,,,,/home/crc00006699/zh/tabiclv2/data178/PhishingWebsites
PieChart3,binclass,861,173,216,37,2,ok,ok,ok,0.875,0.8703703703703703,0.875,-0.00462962962962965,-0.462962962962965,-0.5291005291005314,regressed,0.0,0.0,0.0,tie,0.00462962962962965,0.462962962962965,improved,0.5609714984893799,0.5088868141174316,1.5991525650024414,0.7397828102111816,0.6405527591705322,0.7604656219482422,True,True,1,1,2e-06,2e-06,0.3372387290000915,0.3210511257251103,0.4441697597503662,1.5343260765075684,stratified,stratified,stratified split,stratified split,,,,,/home/crc00006699/zh/tabiclv2/data178/PieChart3
Pima_Indians_Diabetes_Database,binclass,614,123,154,8,2,ok,ok,ok,0.7467532467532467,0.7467532467532467,0.7467532467532467,0.0,0.0,0.0,tie,0.0,0.0,0.0,tie,0.0,0.0,tie,0.3313746452331543,0.4025328159332275,1.3856396675109863,0.365262508392334,0.2607769966125488,0.3368434906005859,True,True,1,1,2e-06,2e-06,0.6017654538154602,0.4516109550992648,0.3810815811157226,1.3639700412750244,stratified,stratified,stratified split,stratified split,,,,,/home/crc00006699/zh/tabiclv2/data178/Pima_Indians_Diabetes_Database
PizzaCutter3,binclass,834,167,209,37,2,ok,ok,ok,0.8803827751196173,0.8803827751196173,0.8803827751196173,0.0,0.0,0.0,tie,0.0,0.0,0.0,tie,0.0,0.0,tie,0.3744237422943115,0.4988834857940674,1.4680736064910889,0.7117657661437988,0.6008906364440918,0.6940023899078369,True,True,1,1,2e-06,2e-06,0.3550856709480285,0.3488947724302609,0.4339578151702881,1.402608871459961,stratified,stratified,stratified split,stratified split,,,,,/home/crc00006699/zh/tabiclv2/data178/PizzaCutter3
Pumpkin_Seeds,binclass,2000,400,500,12,2,ok,ok,ok,0.872,0.872,0.872,0.0,0.0,0.0,tie,0.0,0.0,0.0,tie,0.0,0.0,tie,0.3438808917999267,0.4783761501312256,1.840785264968872,0.5485992431640625,0.4686248302459717,0.5822498798370361,True,True,1,1,2e-06,2e-06,0.2692758738994598,0.2441059599320093,0.4441320896148681,1.8052051067352293,stratified,stratified,stratified split,stratified split,,,,,/home/crc00006699/zh/tabiclv2/data178/Pumpkin_Seeds
QSAR_biodegradation,binclass,843,169,211,41,2,ok,ok,ok,0.8862559241706162,0.8862559241706162,0.8862559241706162,0.0,0.0,0.0,tie,0.0,0.0,0.0,tie,0.0,0.0,tie,0.4245004653930664,0.5844566822052002,1.587937593460083,0.7139487266540527,0.6396784782409668,0.7444553375244141,True,True,1,1,2e-06,2e-06,0.3208929598331451,0.3084595426917076,0.4721410274505615,1.4773142337799072,stratified,stratified,stratified split,stratified split,,,,,/home/crc00006699/zh/tabiclv2/data178/QSAR_biodegradation
Rain_in_Australia,multiclass,116368,23274,29092,18,3,ok,fail,fail,0.8503712360786471,,,,,,run_failed,,,,run_failed,,,both_failed,2.0024683475494385,0.0,0.0,296.4315595626831,0.0,0.0,False,False,0,0,,,,,0.0,0.0,,,,,RuntimeError,RuntimeError: CUDA error: invalid configuration argument,RuntimeError,RuntimeError: Caught RuntimeError in replica 0 on device 0.,/home/crc00006699/zh/tabiclv2/data178/Rain_in_Australia
SDSS17,multiclass,80000,16000,20000,12,3,ok,fail,fail,0.9762,,,,,,run_failed,,,,run_failed,,,both_failed,1.0477042198181152,0.0,0.0,106.15025877952576,0.0,0.0,False,False,0,0,,,,,0.0,0.0,,,,,RuntimeError,RuntimeError: CUDA error: invalid configuration argument,RuntimeError,RuntimeError: Caught RuntimeError in replica 0 on device 0.,/home/crc00006699/zh/tabiclv2/data178/SDSS17
Satellite,binclass,4080,816,1020,36,2,ok,ok,ok,0.9931372549019608,0.9931372549019608,0.9931372549019608,0.0,0.0,0.0,tie,0.0,0.0,0.0,tie,0.0,0.0,tie,0.4437465667724609,0.9493792057037354,4.210928678512573,1.709503412246704,1.5839121341705322,1.6681323051452637,True,True,1,1,2e-06,2e-06,0.0588396713137626,0.0206378786824643,0.8177518844604492,4.0789995193481445,stratified,stratified,stratified split,stratified split,,,,,/home/crc00006699/zh/tabiclv2/data178/Satellite
Telecom_Churn_Dataset,binclass,2666,534,667,17,2,ok,ok,ok,0.9550224887556222,0.9550224887556222,0.9550224887556222,0.0,0.0,0.0,tie,0.0,0.0,0.0,tie,0.0,0.0,tie,0.5314147472381592,0.5638408660888672,2.3908891677856445,0.9212701320648192,0.693443775177002,0.7656984329223633,True,True,1,1,2e-06,2e-06,0.2857184410095215,0.1820493104557196,0.507037878036499,2.33267593383789,stratified,stratified,stratified split,stratified split,,,,,/home/crc00006699/zh/tabiclv2/data178/Telecom_Churn_Dataset
UJI_Pen_Characters,multiclass,1091,219,273,80,35,ok,ok,ok,0.5421245421245421,0.5421245421245421,0.5421245421245421,0.0,0.0,0.0,tie,0.0,0.0,0.0,tie,0.0,0.0,tie,0.4650278091430664,0.8600690364837646,0.8905532360076904,2.3061394691467285,2.081310749053955,2.177304744720459,False,False,0,0,2e-06,2e-06,,,0.4261608123779297,0.4523398876190185,stratified,stratified,stratified split | TTT training skipped because n_classes=35 exceeds model max_classes=10,stratified split | TTT training skipped because n_classes=35 exceeds model max_classes=10,,,,,/home/crc00006699/zh/tabiclv2/data178/UJI_Pen_Characters
Water_Quality_and_Potability,binclass,2620,524,656,8,2,ok,ok,ok,0.6417682926829268,0.6417682926829268,0.6387195121951219,0.0,0.0,0.0,tie,-0.0030487804878048808,-0.3048780487804881,-0.4750593824228033,regressed,-0.0030487804878048808,-0.3048780487804881,regressed,0.3466596603393554,0.4948837757110595,2.177022695541382,0.6794238090515137,0.5775535106658936,0.6839518547058105,True,True,1,1,2e-06,2e-06,0.667973518371582,0.6463052233060201,0.4634931087493896,2.145249128341675,stratified,stratified,stratified split,stratified split,,,,,/home/crc00006699/zh/tabiclv2/data178/Water_Quality_and_Potability
Wilt,binclass,3856,772,965,5,2,ok,ok,ok,0.9927461139896372,0.9927461139896372,0.9927461139896372,0.0,0.0,0.0,tie,0.0,0.0,0.0,tie,0.0,0.0,tie,0.3395838737487793,0.5840768814086914,2.3387703895568848,0.6373746395111084,0.5196714401245117,0.6374516487121582,True,True,1,1,2e-06,2e-06,0.2033260911703109,0.020861662691459,0.5526108741760254,2.3059661388397217,stratified,stratified,stratified split,stratified split,,,,,/home/crc00006699/zh/tabiclv2/data178/Wilt
abalone,multiclass,3341,669,836,8,3,ok,ok,ok,0.6519138755980861,0.6519138755980861,0.6507177033492823,0.0,0.0,0.0,tie,-0.0011961722488038617,-0.11961722488038617,-0.18348623853211532,regressed,-0.0011961722488038617,-0.11961722488038617,regressed,0.3707823753356933,0.5525548458099365,2.6175687313079834,0.9034225940704346,0.7304599285125732,0.8337204456329346,True,True,1,1,2e-06,2e-06,0.6884810328483582,0.6756225874026617,0.5114331245422363,2.575767040252685,stratified,stratified,stratified split,stratified split,,,,,/home/crc00006699/zh/tabiclv2/data178/abalone
accelerometer,multiclass,122403,24481,30601,4,4,ok,fail,fail,0.7410542139145779,,,,,,run_failed,,,,run_failed,,,both_failed,0.7155473232269287,0.0,0.0,231.66927766799927,0.0,0.0,False,False,0,0,,,,,0.0,0.0,,,,,RuntimeError,RuntimeError: CUDA error: invalid configuration argument,RuntimeError,RuntimeError: Caught RuntimeError in replica 0 on device 0.,/home/crc00006699/zh/tabiclv2/data178/accelerometer
ada,binclass,3317,664,830,48,2,ok,ok,ok,0.8481927710843373,0.8481927710843373,0.846987951807229,0.0,0.0,0.0,tie,-0.00120481927710836,-0.12048192771083599,-0.14204545454544584,regressed,-0.00120481927710836,-0.12048192771083599,regressed,0.4314839839935303,0.7709710597991943,3.3419525623321533,1.5898911952972412,1.488788604736328,1.7010133266448977,True,True,1,1,2e-06,2e-06,0.3716265261173248,0.3308470944563548,0.6399478912353516,3.2097487449646,stratified,stratified,stratified split,stratified split,,,,,/home/crc00006699/zh/tabiclv2/data178/ada
ada_agnostic,binclass,3649,730,913,48,2,ok,ok,ok,0.8400876232201533,0.8400876232201533,0.8400876232201533,0.0,0.0,0.0,tie,0.0,0.0,0.0,tie,0.0,0.0,tie,0.4654519557952881,0.8409051895141602,4.028329610824585,1.847543478012085,1.6150708198547363,1.8121511936187744,True,True,1,1,2e-06,2e-06,0.3800403177738189,0.3414203698436419,0.7014415264129639,3.88892126083374,stratified,stratified,stratified split,stratified split,,,,,/home/crc00006699/zh/tabiclv2/data178/ada_agnostic
ada_prior,binclass,3649,730,913,14,2,ok,ok,ok,0.8411829134720701,0.8411829134720701,0.8411829134720701,0.0,0.0,0.0,tie,0.0,0.0,0.0,tie,0.0,0.0,tie,0.4143166542053222,0.6603529453277588,3.3837890625,1.1880998611450195,0.9321985244750975,1.0911033153533936,True,True,1,1,2e-06,2e-06,0.3735643625259399,0.3503757764895757,0.5926642417907715,3.314751625061035,stratified,stratified,stratified split,stratified split,,,,,/home/crc00006699/zh/tabiclv2/data178/ada_prior
airlines_seed_0_nrows_2000_nclasses_10_ncols_100_stratify_True,binclass,1600,320,400,7,2,ok,ok,ok,0.6025,0.605,0.6075,0.0024999999999999467,0.24999999999999467,0.41493775933609073,improved,0.0050000000000000044,0.5000000000000004,0.8298755186721999,improved,0.0025000000000000577,0.2500000000000058,improved,0.3360295295715332,0.4411025047302246,1.3633298873901367,0.3900761604309082,0.2900266647338867,0.3717789649963379,True,True,1,1,2e-06,2e-06,0.6858934164047241,0.6368782818317413,0.4103176593780517,1.3314666748046875,stratified,stratified,stratified split,stratified split,,,,,/home/crc00006699/zh/tabiclv2/data178/airlines_seed_0_nrows_2000_nclasses_10_ncols_100_stratify_True
allbp,multiclass,3017,604,755,29,3,ok,ok,ok,0.9788079470198676,0.9788079470198676,0.9788079470198676,0.0,0.0,0.0,tie,0.0,0.0,0.0,tie,0.0,0.0,tie,0.4310293197631836,0.7003085613250732,2.784379005432129,1.1189093589782717,0.9839677810668944,1.1607768535614014,True,True,1,1,2e-06,2e-06,0.1233531385660171,0.0732318107038736,0.594212532043457,2.676485061645508,stratified,stratified,stratified split,stratified split,,,,,/home/crc00006699/zh/tabiclv2/data178/allbp
allrep,multiclass,3017,604,755,29,4,ok,ok,ok,0.9854304635761588,0.9854304635761588,0.9854304635761588,0.0,0.0,0.0,tie,0.0,0.0,0.0,tie,0.0,0.0,tie,0.4142251014709472,0.7040119171142578,2.813203811645508,1.1177313327789309,0.9837100505828856,1.0640554428100586,True,True,1,1,2e-06,2e-06,0.101271741092205,0.059217296851178,0.5987157821655273,2.7074904441833496,stratified,stratified,stratified split,stratified split,,,,,/home/crc00006699/zh/tabiclv2/data178/allrep
analcatdata_authorship,multiclass,672,135,169,69,4,ok,ok,ok,0.9881656804733728,0.9881656804733728,0.9881656804733728,0.0,0.0,0.0,tie,0.0,0.0,0.0,tie,0.0,0.0,tie,0.4097840785980224,0.5813891887664795,1.675691843032837,0.5088052749633789,0.4463129043579101,0.5997641086578369,True,True,1,1,2e-06,2e-06,0.0122409602627158,0.0053172159823589,0.4760653972625732,1.5706307888031006,stratified,stratified,stratified split,stratified split,,,,,/home/crc00006699/zh/tabiclv2/data178/analcatdata_authorship
artificial-characters,multiclass,8174,1635,2044,7,10,ok,ok,ok,0.8639921722113503,0.8644814090019569,0.8693737769080235,0.0004892367906066397,0.04892367906066397,0.056625141562852296,improved,0.005381604696673259,0.5381604696673259,0.622876557191401,improved,0.004892367906066619,0.4892367906066619,improved,0.40114426612854,1.1233105659484863,8.941125631332397,2.4244563579559326,2.3369011878967285,2.622121334075928,True,True,1,1,2e-06,2e-06,0.7015340328216553,0.4707349613308906,1.0514147281646729,8.87111496925354,stratified,stratified,stratified split,stratified split,,,,,/home/crc00006699/zh/tabiclv2/data178/artificial-characters
autoUniv-au4-2500,multiclass,2000,400,500,100,3,ok,ok,ok,0.522,0.52,0.516,-0.0020000000000000018,-0.20000000000000018,-0.3831417624521076,regressed,-0.006000000000000005,-0.6000000000000005,-1.1494252873563229,regressed,-0.0040000000000000036,-0.40000000000000036,regressed,0.5604047775268555,0.9866998195648192,3.24148941040039,1.6170332431793213,1.4900164604187012,1.6923205852508545,True,True,1,1,2e-06,2e-06,0.9116337299346924,0.9115438113609948,0.736041784286499,2.986319780349731,stratified,stratified,stratified split,stratified split,,,,,/home/crc00006699/zh/tabiclv2/data178/autoUniv-au4-2500
autoUniv-au7-1100,multiclass,880,176,220,12,5,ok,ok,ok,0.4045454545454545,0.4045454545454545,0.4,0.0,0.0,0.0,tie,-0.004545454545454464,-0.45454545454544637,-1.1235955056179574,regressed,-0.004545454545454464,-0.45454545454544637,regressed,0.3391172885894775,0.5313730239868164,1.421621322631836,0.5005779266357422,0.421522855758667,0.5136575698852539,True,True,1,1,2e-06,2e-06,1.417775273323059,1.3808463215827942,0.4987678527832031,1.3884506225585938,stratified,stratified,stratified split,stratified split,,,,,/home/crc00006699/zh/tabiclv2/data178/autoUniv-au7-1100
bank,binclass,36168,7234,9043,16,2,ok,ok,ok,0.9089903792989052,0.908879796527701,0.9087692137564968,-0.00011058277120423732,-0.011058277120423732,-0.012165450121653505,regressed,-0.00022116554240847464,-0.022116554240847464,-0.02433090024330701,regressed,-0.00011058277120423732,-0.011058277120423732,regressed,0.8194398880004883,11.936715602874756,130.0715789794922,25.779200315475464,25.61791706085205,26.2113299369812,True,True,1,1,2e-06,2e-06,0.2654399573802948,0.19804456209143,11.42409348487854,129.54784536361694,stratified,stratified,stratified split,stratified split,,,,,/home/crc00006699/zh/tabiclv2/data178/bank
banknote_authentication,binclass,1097,220,275,4,2,ok,ok,ok,0.5490909090909091,0.5490909090909091,0.5527272727272727,0.0,0.0,0.0,tie,0.0036363636363636598,0.363636363636366,0.6622516556291433,improved,0.0036363636363636598,0.363636363636366,improved,0.339785099029541,0.4283890724182129,1.0088725090026855,0.1556184291839599,0.1758785247802734,0.212214708328247,True,True,1,1,2e-06,2e-06,0.688377857208252,0.6910492877165476,0.4100399017333984,0.9903430938720704,stratified,stratified,stratified split,stratified split,,,,,/home/crc00006699/zh/tabiclv2/data178/banknote_authentication
baseball,multiclass,1072,215,268,16,3,ok,ok,ok,0.9477611940298508,0.9477611940298508,0.9477611940298508,0.0,0.0,0.0,tie,0.0,0.0,0.0,tie,0.0,0.0,tie,0.3466944694519043,0.4476120471954345,1.4322881698608398,0.3583629131317138,0.2729148864746094,0.3348677158355713,True,True,1,1,2e-06,2e-06,0.2167468070983886,0.1867425702512264,0.4075675010681152,1.387213945388794,stratified,stratified,stratified split,stratified split,,,,,/home/crc00006699/zh/tabiclv2/data178/baseball
car-evaluation,multiclass,1382,277,346,21,4,ok,ok,ok,0.9739884393063584,0.976878612716763,0.976878612716763,0.0028901734104046506,0.28901734104046506,0.2967359050445131,improved,0.0028901734104046506,0.28901734104046506,0.2967359050445131,improved,0.0,0.0,tie,0.4070861339569092,0.5039787292480469,1.5435066223144531,0.5514791011810303,0.3920235633850097,0.4619765281677246,True,True,1,1,2e-06,2e-06,0.0408714972436428,0.0430670846253633,0.4441828727722168,1.4837102890014648,stratified,stratified,stratified split,stratified split,,,,,/home/crc00006699/zh/tabiclv2/data178/car-evaluation
churn,binclass,4000,800,1000,20,2,ok,ok,ok,0.952,0.952,0.952,0.0,0.0,0.0,tie,0.0,0.0,0.0,tie,0.0,0.0,tie,0.4016494750976562,0.7288062572479248,3.7371435165405273,1.3154208660125732,1.181900978088379,1.3409147262573242,True,True,1,1,2e-06,2e-06,0.3019071817398071,0.1859323543806871,0.64302659034729,3.650669574737549,stratified,stratified,stratified split,stratified split,,,,,/home/crc00006699/zh/tabiclv2/data178/churn
cmc,multiclass,1178,236,295,9,3,ok,ok,ok,0.5898305084745763,0.5898305084745763,0.5898305084745763,0.0,0.0,0.0,tie,0.0,0.0,0.0,tie,0.0,0.0,tie,0.3352518081665039,0.4359056949615478,1.54410719871521,0.3347566127777099,0.2487227916717529,0.3591430187225342,True,True,1,1,2e-06,2e-06,0.9137948751449584,0.8534914950529734,0.4048109054565429,1.512214183807373,stratified,stratified,stratified split,stratified split,,,,,/home/crc00006699/zh/tabiclv2/data178/cmc
company_bankruptcy_prediction,binclass,5455,1091,1364,95,2,ok,ok,ok,0.9706744868035192,0.9706744868035192,0.9706744868035192,0.0,0.0,0.0,tie,0.0,0.0,0.0,tie,0.0,0.0,tie,0.7475132942199707,1.680431604385376,8.517897605895996,3.99669361114502,3.911511182785034,4.153053522109985,True,True,1,1,2e-06,2e-06,0.0915114730596542,0.0913545799752076,1.256546974182129,8.097709894180298,stratified,stratified,stratified split,stratified split,,,,,/home/crc00006699/zh/tabiclv2/data178/company_bankruptcy_prediction
compass,binclass,13315,2663,3329,17,2,ok,ok,ok,0.8266746770802043,0.8266746770802043,0.8350856112946831,0.0,0.0,0.0,tie,0.008410934214478805,0.8410934214478805,1.017441860465114,improved,0.008410934214478805,0.8410934214478805,improved,0.5227921009063721,2.414454698562622,21.33161759376526,5.709430932998657,5.316071033477783,5.64264178276062,True,True,1,1,2e-06,2e-06,0.4189305305480957,0.4116953884561856,2.198141574859619,21.11383008956909,stratified,stratified,stratified split,stratified split,,,,,/home/crc00006699/zh/tabiclv2/data178/compass
contraceptive_method_choice,multiclass,1178,236,295,9,3,ok,ok,ok,0.6271186440677966,0.6271186440677966,0.6271186440677966,0.0,0.0,0.0,tie,0.0,0.0,0.0,tie,0.0,0.0,tie,0.336451768875122,0.4493985176086426,1.4613525867462158,0.3309507369995117,0.2851264476776123,0.3712849617004394,True,True,1,1,2e-06,2e-06,0.9366675615310668,0.88889379799366,0.4195981025695801,1.4305717945098877,stratified,stratified,stratified split,stratified split,,,,,/home/crc00006699/zh/tabiclv2/data178/contraceptive_method_choice
credit,binclass,13371,2675,3343,10,2,ok,ok,ok,0.7828297935985642,0.7828297935985642,0.7837271911456776,0.0,0.0,0.0,tie,0.0008973975471133766,0.08973975471133766,0.11463507833397088,improved,0.0008973975471133766,0.08973975471133766,improved,0.447838544845581,2.197396278381348,20.8914897441864,5.041871547698975,4.94472336769104,5.323572874069214,True,True,1,1,2e-06,2e-06,0.4666667282581329,0.4597317650914192,2.0729713439941406,20.765937328338623,stratified,stratified,stratified split,stratified split,,,,,/home/crc00006699/zh/tabiclv2/data178/credit
customer_satisfaction_in_airline,binclass,103904,20781,25976,21,2,ok,fail,fail,0.9615414228518632,,,,,,run_failed,,,,run_failed,,,both_failed,2.281546115875244,0.0,0.0,256.28031945228577,0.0,0.0,False,False,0,0,,,,,0.0,0.0,,,,,RuntimeError,RuntimeError: CUDA error: invalid configuration argument,RuntimeError,RuntimeError: Caught RuntimeError in replica 0 on device 0.,/home/crc00006699/zh/tabiclv2/data178/customer_satisfaction_in_airline
dabetes_130-us_hospitals,binclass,81412,16283,20354,20,2,ok,fail,fail,0.6411516163898988,,,,,,run_failed,,,,run_failed,,,both_failed,1.7948837280273438,0.0,0.0,113.52792263031006,0.0,0.0,False,False,0,0,,,,,0.0,0.0,,,,,RuntimeError,RuntimeError: CUDA error: invalid configuration argument,RuntimeError,RuntimeError: Caught RuntimeError in replica 0 on device 0.,/home/crc00006699/zh/tabiclv2/data178/dabetes_130-us_hospitals
default_of_credit_card_clients,binclass,24000,4800,6000,23,2,ok,ok,ok,0.8261666666666667,0.8261666666666667,0.8256666666666667,0.0,0.0,0.0,tie,-0.000500000000000056,-0.050000000000005596,-0.06052047609441871,regressed,-0.000500000000000056,-0.050000000000005596,regressed,0.8290727138519287,6.294628620147705,61.43886876106262,14.00501275062561,13.72042727470398,13.81072163581848,True,True,1,1,2e-06,2e-06,0.4340653121471405,0.4253195424874623,5.779458999633789,60.90850639343262,stratified,stratified,stratified split,stratified split,,,,,/home/crc00006699/zh/tabiclv2/data178/default_of_credit_card_clients
delta_ailerons,binclass,5703,1141,1426,5,2,ok,ok,ok,0.9509116409537168,0.9509116409537168,0.9509116409537168,0.0,0.0,0.0,tie,0.0,0.0,0.0,tie,0.0,0.0,tie,0.3787658214569092,0.7734344005584717,3.790196895599365,1.0804052352905271,0.8694782257080078,0.9507279396057128,True,True,1,1,2e-06,2e-06,0.1746159046888351,0.1712284106761217,0.7337889671325684,3.749929428100586,stratified,stratified,stratified split,stratified split,,,,,/home/crc00006699/zh/tabiclv2/data178/delta_ailerons
dis,binclass,3017,604,755,29,2,ok,ok,ok,0.9841059602649008,0.9841059602649008,0.9841059602649008,0.0,0.0,0.0,tie,0.0,0.0,0.0,tie,0.0,0.0,tie,0.4430580139160156,0.7026495933532715,2.8162639141082764,1.201329231262207,0.9732441902160645,1.0205485820770264,True,True,1,1,2e-06,2e-06,0.074880726635456,0.0469942052538196,0.595740556716919,2.7090096473693848,stratified,stratified,stratified split,stratified split,,,,,/home/crc00006699/zh/tabiclv2/data178/dis
dna,multiclass,2548,510,638,180,3,ok,ok,ok,0.9655172413793104,0.9655172413793104,0.9655172413793104,0.0,0.0,0.0,tie,0.0,0.0,0.0,tie,0.0,0.0,tie,0.928764820098877,1.8823881149291992,5.869898557662964,3.4705402851104736,3.167355298995972,3.3020310401916504,True,True,1,1,2e-06,2e-06,0.2561324834823608,0.2540007258454959,1.2765042781829834,5.260063886642456,stratified,stratified,stratified split,stratified split,,,,,/home/crc00006699/zh/tabiclv2/data178/dna
drug_consumption,multiclass,1507,302,377,12,7,ok,ok,ok,0.403183023872679,0.403183023872679,0.403183023872679,0.0,0.0,0.0,tie,0.0,0.0,0.0,tie,0.0,0.0,tie,0.35125732421875,0.440035343170166,1.5143496990203855,0.4448335170745849,0.3537526130676269,0.4154658317565918,True,True,1,1,2e-06,2e-06,1.515837550163269,1.5163367986679075,0.4068937301635742,1.480215072631836,stratified,stratified,stratified split,stratified split,,,,,/home/crc00006699/zh/tabiclv2/data178/drug_consumption
dry_bean_dataset,multiclass,10888,2178,2723,16,7,ok,ok,ok,0.927653323540213,0.927653323540213,0.929122291590158,0.0,0.0,0.0,tie,0.0014689680499450075,0.14689680499450075,0.15835312747427774,improved,0.0014689680499450075,0.14689680499450075,improved,0.4674875736236572,1.803262948989868,15.356520891189575,4.154491424560547,3.95866584777832,4.310053110122681,True,True,1,1,2e-06,2e-06,0.2175114452838897,0.191232201953729,1.6405036449432373,15.19797420501709,stratified,stratified,stratified split,stratified split,,,,,/home/crc00006699/zh/tabiclv2/data178/dry_bean_dataset
eeg-eye-state,binclass,11984,2397,2996,14,2,ok,ok,ok,0.9913217623497996,0.9913217623497996,0.9909879839786382,0.0,0.0,0.0,tie,-0.0003337783711614417,-0.03337783711614417,-0.03367003367002288,regressed,-0.0003337783711614417,-0.03337783711614417,regressed,0.4804403781890869,2.095777034759521,17.387980699539185,4.585281133651733,4.4319281578063965,4.803009033203125,True,True,1,1,2e-06,2e-06,0.6878798007965088,0.0505071878433227,1.9473915100097656,17.2331805229187,stratified,stratified,stratified split,stratified split,,,,,/home/crc00006699/zh/tabiclv2/data178/eeg-eye-state
electricity,binclass,36249,7250,9063,8,2,ok,ok,ok,0.9037846187796535,0.9033432638199272,0.9035639412997905,-0.00044135495972630334,-0.044135495972630334,-0.048834086192155866,regressed,-0.00022067747986309616,-0.022067747986309616,-0.024417043096071792,regressed,0.00022067747986320718,0.022067747986320718,improved,0.598599910736084,11.457807302474976,129.0285303592682,24.32296204566956,24.256710529327396,24.857386350631717,True,True,1,1,2e-06,2e-06,0.2953948676586151,0.250193531314532,11.151543855667114,128.71953082084656,stratified,stratified,stratified split,stratified split,,,,,/home/crc00006699/zh/tabiclv2/data178/electricity
estimation_of_obesity_levels,multiclass,1688,338,423,16,7,ok,ok,ok,0.9858156028368794,0.9858156028368794,0.983451536643026,0.0,0.0,0.0,tie,-0.0023640661938534313,-0.23640661938534313,-0.23980815347721857,regressed,-0.0023640661938534313,-0.23640661938534313,regressed,0.3817200660705566,0.4849770069122314,1.6873013973236084,0.5585958957672119,0.502418041229248,0.5227365493774414,True,True,1,1,2e-06,2e-06,0.5197468996047974,0.0339850497742494,0.4371707439422607,1.6384410858154297,stratified,stratified,stratified split,stratified split,,,,,/home/crc00006699/zh/tabiclv2/data178/estimation_of_obesity_levels
eye_movements,multiclass,8748,1750,2188,27,3,ok,ok,ok,0.7148080438756855,0.7161791590493601,0.7175502742230347,0.0013711151736746086,0.13711151736746086,0.1918158567774964,improved,0.002742230347349217,0.2742230347349217,0.3836317135549928,improved,0.0013711151736746086,0.13711151736746086,improved,0.5552878379821777,1.6042556762695312,11.588821172714232,3.63812518119812,3.359647274017334,3.676325798034668,True,True,1,1,2e-06,2e-06,0.8679388165473938,0.7058389286200205,1.370840311050415,11.353157997131348,stratified,stratified,stratified split,stratified split,,,,,/home/crc00006699/zh/tabiclv2/data178/eye_movements
eye_movements_bin,binclass,6086,1218,1522,20,2,ok,ok,ok,0.6254927726675427,0.6248357424441524,0.6294349540078844,-0.0006570302233902536,-0.06570302233902536,-0.10504201680671912,regressed,0.003942181340341744,0.3942181340341744,0.6302521008403502,improved,0.0045992115637319975,0.45992115637319975,improved,0.481126070022583,0.9982032775878906,6.269232511520386,2.206518173217773,1.929279327392578,2.0971462726593018,True,True,1,1,2e-06,2e-06,0.6823638081550598,0.6507179141044617,0.8701653480529785,6.144422769546509,stratified,stratified,stratified split,stratified split,,,,,/home/crc00006699/zh/tabiclv2/data178/eye_movements_bin
first-order-theorem-proving,multiclass,4894,979,1224,51,6,ok,ok,ok,0.6372549019607843,0.636437908496732,0.6372549019607843,-0.0008169934640522847,-0.08169934640522847,-0.12820512820512775,regressed,0.0,0.0,0.0,tie,0.0008169934640522847,0.08169934640522847,improved,0.5189142227172852,1.10463547706604,5.483577013015747,2.45489501953125,2.3177831172943115,2.5266013145446777,True,True,1,1,2e-06,2e-06,1.0604723691940308,1.0623887479305267,0.8871104717254639,5.268554925918579,stratified,stratified,stratified split,stratified split,,,,,/home/crc00006699/zh/tabiclv2/data178/first-order-theorem-proving
gas-drift,multiclass,11128,2226,2782,128,6,ok,ok,ok,0.9964054636951832,0.9964054636951832,0.9964054636951832,0.0,0.0,0.0,tie,0.0,0.0,0.0,tie,0.0,0.0,tie,1.5389599800109863,4.375757455825806,25.637956142425537,11.846112728118896,11.935038805007936,12.00605535507202,True,True,1,1,2e-06,2e-06,0.0160087663680315,0.0108688805873195,3.1597530841827397,24.415770053863525,stratified,stratified,stratified split,stratified split,,,,,/home/crc00006699/zh/tabiclv2/data178/gas-drift
gina_agnostic,binclass,2774,555,694,970,2,ok,ok,ok,0.9279538904899136,0.9279538904899136,0.9279538904899136,0.0,0.0,0.0,tie,0.0,0.0,0.0,tie,0.0,0.0,tie,3.1000311374664307,8.146962642669678,33.279425621032715,102.866557598114,72.14767813682556,84.52955794334412,True,True,1,1,2e-06,2e-06,0.6217742562294006,0.3180607681473096,5.381129264831543,30.5079083442688,stratified,stratified,stratified split,stratified split,,,,,/home/crc00006699/zh/tabiclv2/data178/gina_agnostic
golf_play_dataset_extended,binclass,876,176,219,9,2,ok,ok,ok,0.9360730593607306,0.9360730593607306,0.9360730593607306,0.0,0.0,0.0,tie,0.0,0.0,0.0,tie,0.0,0.0,tie,0.3448681831359863,0.4585716724395752,1.505988836288452,0.504420280456543,0.3860259056091308,0.4072067737579345,True,True,1,1,2e-06,2e-06,0.3123944401741028,0.2036793033281962,0.42999267578125,1.4771559238433838,stratified,stratified,stratified split,stratified split,,,,,/home/crc00006699/zh/tabiclv2/data178/golf_play_dataset_extended
heloc,binclass,8000,1600,2000,22,2,ok,ok,ok,0.7255,0.7255,0.725,0.0,0.0,0.0,tie,-0.000500000000000056,-0.050000000000005596,-0.06891798759476994,regressed,-0.000500000000000056,-0.050000000000005596,regressed,0.4704298973083496,1.307565450668335,9.407375574111938,3.021764039993286,2.7979352474212646,3.1092417240142822,True,True,1,1,2e-06,2e-06,0.5899776220321655,0.5447910080353419,1.1566636562347412,9.25757336616516,stratified,stratified,stratified split,stratified split,,,,,/home/crc00006699/zh/tabiclv2/data178/heloc
hill-valley,binclass,969,194,243,100,2,ok,ok,ok,0.9300411522633744,0.9300411522633744,0.9300411522633744,0.0,0.0,0.0,tie,0.0,0.0,0.0,tie,0.0,0.0,tie,0.4885685443878174,0.6755785942077637,1.88348388671875,0.8974869251251221,0.7545318603515625,0.9588747024536132,True,True,1,1,2e-06,2e-06,0.6726453900337219,0.2851041033864021,0.534020185470581,1.7427027225494385,stratified,stratified,stratified split,stratified split,,,,,/home/crc00006699/zh/tabiclv2/data178/hill-valley
house_16H,binclass,10790,2158,2698,16,2,ok,ok,ok,0.890659747961453,0.8902891030392883,0.890659747961453,-0.0003706449221646535,-0.03706449221646535,-0.041614648356231174,regressed,0.0,0.0,0.0,tie,0.0003706449221646535,0.03706449221646535,improved,0.457430362701416,1.7836318016052246,15.12705397605896,4.07257866859436,3.894705295562744,4.134172677993774,True,True,1,1,2e-06,2e-06,0.2706829011440277,0.2541403447588284,1.6218934059143066,14.965898036956789,stratified,stratified,stratified split,stratified split,,,,,/home/crc00006699/zh/tabiclv2/data178/house_16H
htru,binclass,14318,2864,3580,8,2,ok,ok,ok,0.9793296089385476,0.9793296089385476,0.9793296089385476,0.0,0.0,0.0,tie,0.0,0.0,0.0,tie,0.0,0.0,tie,0.5406637191772461,2.368604183197021,23.448630332946777,5.408951044082642,5.1757142543792725,5.608979225158691,True,True,1,1,2e-06,2e-06,0.0736734122037887,0.0710790076603492,2.2640581130981445,23.345373392105103,stratified,stratified,stratified split,stratified split,,,,,/home/crc00006699/zh/tabiclv2/data178/htru
ibm-employee-performance,binclass,1176,236,294,30,2,ok,ok,ok,1.0,1.0,1.0,0.0,0.0,0.0,tie,0.0,0.0,0.0,tie,0.0,0.0,tie,0.381685733795166,0.5157909393310547,1.6071984767913818,0.4896900653839111,0.4277467727661133,0.5211358070373535,True,True,1,1,2e-06,2e-06,0.4281736314296722,0.0205408211719865,0.4462182521820068,1.538576602935791,stratified,stratified,stratified split,stratified split,,,,,/home/crc00006699/zh/tabiclv2/data178/ibm-employee-performance
in_vehicle_coupon_recommendation,binclass,10147,2030,2537,21,2,ok,ok,ok,0.7906976744186046,0.7934568387859677,0.7910918407567994,0.0027591643673631205,0.27591643673631205,0.34895314057827703,improved,0.0003941663381947791,0.03941663381947791,0.049850448654045594,improved,-0.0023649980291683415,-0.23649980291683415,regressed,0.5517251491546631,1.8394217491149905,13.450476169586182,4.018712520599365,3.782882213592529,4.091131925582886,True,True,1,1,2e-06,2e-06,0.5437554717063904,0.5042335589726766,1.5862338542938232,13.197859287261965,stratified,stratified,stratified split,stratified split,,,,,/home/crc00006699/zh/tabiclv2/data178/in_vehicle_coupon_recommendation
internet_firewall,multiclass,52425,10485,13107,7,4,ok,ok,ok,0.9310292210269322,0.9310292210269322,0.9310292210269322,0.0,0.0,0.0,tie,0.0,0.0,0.0,tie,0.0,0.0,tie,0.5556683540344238,22.26909446716309,260.6823184490204,46.63591432571411,46.26240921020508,47.21565318107605,True,True,1,1,2e-06,2e-06,0.2718625664710998,0.1048763692378997,22.013390064239506,260.41832447052,stratified,stratified,stratified split,stratified split,,,,,/home/crc00006699/zh/tabiclv2/data178/internet_firewall
internet_usage,multiclass,8086,1618,2022,70,46,ok,ok,ok,0.5296735905044511,0.5296735905044511,0.5296735905044511,0.0,0.0,0.0,tie,0.0,0.0,0.0,tie,0.0,0.0,tie,0.8728311061859131,1.6908419132232666,1.7924916744232178,9.529549837112429,9.480129718780518,9.43072247505188,False,False,0,0,2e-06,2e-06,,,0.7803633213043213,0.8997900485992432,stratified,stratified,stratified split | TTT training skipped because n_classes=46 exceeds model max_classes=10,stratified split | TTT training skipped because n_classes=46 exceeds model max_classes=10,,,,,/home/crc00006699/zh/tabiclv2/data178/internet_usage
jm1,binclass,8708,1742,2177,21,2,ok,ok,ok,0.8213137344970143,0.8213137344970143,0.8222324299494718,0.0,0.0,0.0,tie,0.0009186954524574853,0.09186954524574853,0.11185682326621618,improved,0.0009186954524574853,0.09186954524574853,improved,0.4604635238647461,1.4478278160095217,11.19336223602295,3.322083711624145,3.101001977920532,3.3794069290161133,True,True,1,1,2e-06,2e-06,0.4287664592266083,0.413713996609052,1.2909870147705078,11.035095453262327,stratified,stratified,stratified split,stratified split,,,,,/home/crc00006699/zh/tabiclv2/data178/jm1
jungle_chess_2pcs_raw_endgame_complete,multiclass,35855,7171,8964,6,3,ok,ok,ok,0.8624497991967871,0.8621151271753681,0.8633422579205712,-0.00033467202141901353,-0.03346720214190135,-0.03880481179666327,regressed,0.0008924587237840731,0.08924587237840731,0.10347949812443968,improved,0.0012271307452030866,0.12271307452030866,improved,0.5121057033538818,11.09604024887085,126.36008071899414,23.584383010864254,23.3425977230072,24.036216735839844,True,True,1,1,2e-06,2e-06,0.3043219149112701,0.2448429216941197,10.898493528366089,126.16253638267516,stratified,stratified,stratified split,stratified split,,,,,/home/crc00006699/zh/tabiclv2/data178/jungle_chess_2pcs_raw_endgame_complete
kc1,binclass,1687,338,422,21,2,ok,ok,ok,0.8815165876777251,0.8815165876777251,0.8815165876777251,0.0,0.0,0.0,tie,0.0,0.0,0.0,tie,0.0,0.0,tie,0.3615620136260986,0.488199234008789,1.7386455535888672,0.7052359580993652,0.5348267555236816,0.5644967555999756,True,True,1,1,2e-06,2e-06,0.3677535653114319,0.346086877087752,0.4360809326171875,1.6855909824371338,stratified,stratified,stratified split,stratified split,,,,,/home/crc00006699/zh/tabiclv2/data178/kc1
kdd_ipums_la_97-small,binclass,4150,830,1038,20,2,ok,ok,ok,0.8882466281310212,0.8882466281310212,0.8892100192678227,0.0,0.0,0.0,tie,0.0009633911368015502,0.09633911368015502,0.10845986984815717,improved,0.0009633911368015502,0.09633911368015502,improved,0.3827834129333496,0.7211167812347412,3.83784818649292,1.369523286819458,1.203125,1.335686206817627,True,True,1,1,2e-06,2e-06,0.2889757752418518,0.278059887389342,0.6405372619628906,3.756183862686157,stratified,stratified,stratified split,stratified split,,,,,/home/crc00006699/zh/tabiclv2/data178/kdd_ipums_la_97-small
kr-vs-k,multiclass,22444,4489,5612,6,18,ok,ok,ok,0.8508553100498931,0.8508553100498931,0.8508553100498931,0.0,0.0,0.0,tie,0.0,0.0,0.0,tie,0.0,0.0,tie,0.4808611869812011,0.8963937759399414,0.9059381484985352,24.13630962371826,23.533551692962646,24.085442781448364,False,False,0,0,2e-06,2e-06,,,0.418694257736206,0.4247372150421142,stratified,stratified,stratified split | TTT training skipped because n_classes=18 exceeds model max_classes=10,stratified split | TTT training skipped because n_classes=18 exceeds model max_classes=10,,,,,/home/crc00006699/zh/tabiclv2/data178/kr-vs-k
kropt,multiclass,22444,4489,5612,6,18,ok,ok,ok,0.852815395580898,0.852815395580898,0.852815395580898,0.0,0.0,0.0,tie,0.0,0.0,0.0,tie,0.0,0.0,tie,0.4674258232116699,0.9632010459899902,0.9772746562957764,23.84211778640747,23.518467903137207,23.98529958724976,False,False,0,0,2e-06,2e-06,,,0.4731135368347168,0.4809350967407226,stratified,stratified,stratified split | TTT training skipped because n_classes=18 exceeds model max_classes=10,stratified split | TTT training skipped because n_classes=18 exceeds model max_classes=10,,,,,/home/crc00006699/zh/tabiclv2/data178/kropt
led24,multiclass,2560,512,640,24,10,ok,ok,ok,0.734375,0.734375,0.734375,0.0,0.0,0.0,tie,0.0,0.0,0.0,tie,0.0,0.0,tie,0.5211465358734131,0.6301770210266113,2.432745933532715,0.891146183013916,0.8023812770843506,0.8652892112731934,True,True,1,1,2e-06,2e-06,0.8003215789794922,0.8014470140139262,0.5393948554992676,2.341305732727051,stratified,stratified,stratified split,stratified split,,,,,/home/crc00006699/zh/tabiclv2/data178/led24
led7,multiclass,2560,512,640,7,10,ok,ok,ok,0.7375,0.7375,0.7375,0.0,0.0,0.0,tie,0.0,0.0,0.0,tie,0.0,0.0,tie,0.3500127792358398,0.5031325817108154,2.118628025054932,0.6779232025146484,0.5204157829284668,0.5994501113891602,True,True,1,1,2e-06,2e-06,0.8927316665649414,0.8944503515958786,0.4651782512664795,2.073462009429932,stratified,stratified,stratified split,stratified split,,,,,/home/crc00006699/zh/tabiclv2/data178/led7
letter,multiclass,16000,3200,4000,15,26,ok,ok,ok,0.98625,0.98625,0.98625,0.0,0.0,0.0,tie,0.0,0.0,0.0,tie,0.0,0.0,tie,0.5111706256866455,0.9787025451660156,1.0719163417816162,15.320677995681764,14.951898097991943,15.23900842666626,False,False,0,0,2e-06,2e-06,,,0.4549450874328613,0.5427980422973633,stratified,stratified,stratified split | TTT training skipped because n_classes=26 exceeds model max_classes=10,stratified split | TTT training skipped because n_classes=26 exceeds model max_classes=10,,,,,/home/crc00006699/zh/tabiclv2/data178/letter
madeline,binclass,2512,503,628,259,2,ok,ok,ok,0.7531847133757962,0.7531847133757962,0.7531847133757962,0.0,0.0,0.0,tie,0.0,0.0,0.0,tie,0.0,0.0,tie,0.905019998550415,1.8742284774780276,7.339150905609131,4.742371559143066,4.48567271232605,4.6433727741241455,True,True,1,1,2e-06,2e-06,0.6933916807174683,0.6187590310970942,1.2907812595367432,6.740085124969482,stratified,stratified,stratified split,stratified split,,,,,/home/crc00006699/zh/tabiclv2/data178/madeline
mammography,binclass,8946,1790,2237,6,2,ok,ok,ok,0.9888243182834152,0.9888243182834152,0.9888243182834152,0.0,0.0,0.0,tie,0.0,0.0,0.0,tie,0.0,0.0,tie,0.3884212970733642,1.2598488330841064,7.2604663372039795,2.056993246078491,1.9123468399047847,2.183258295059204,True,True,1,1,2e-06,2e-06,0.0457440204918384,0.0470493747852742,1.1871318817138672,7.18807053565979,stratified,stratified,stratified split,stratified split,,,,,/home/crc00006699/zh/tabiclv2/data178/mammography
maternal_health_risk,multiclass,811,163,203,6,3,ok,ok,ok,0.8719211822660099,0.8719211822660099,0.8719211822660099,0.0,0.0,0.0,tie,0.0,0.0,0.0,tie,0.0,0.0,tie,0.352827787399292,0.4084689617156982,1.3926711082458496,0.4702625274658203,0.3480434417724609,0.444650650024414,True,True,1,1,2e-06,2e-06,0.7884319424629211,0.4619386543830235,0.3895773887634277,1.3732271194458008,stratified,stratified,stratified split,stratified split,,,,,/home/crc00006699/zh/tabiclv2/data178/maternal_health_risk
mfeat-factors,multiclass,1600,320,400,216,10,ok,ok,ok,0.975,0.975,0.9725,0.0,0.0,0.0,tie,-0.0024999999999999467,-0.24999999999999467,-0.25641025641025095,regressed,-0.0024999999999999467,-0.24999999999999467,regressed,0.676851749420166,1.2560853958129885,4.216217994689941,2.5166144371032715,2.3297433853149414,2.593686819076538,True,True,1,1,2e-06,2e-06,0.2700404226779938,0.0425210349882642,0.8855698108673096,3.845808744430542,stratified,stratified,stratified split,stratified split,,,,,/home/crc00006699/zh/tabiclv2/data178/mfeat-factors
mfeat-fourier,multiclass,1600,320,400,76,10,ok,ok,ok,0.885,0.8875,0.885,0.0024999999999999467,0.24999999999999467,0.28248587570620864,improved,0.0,0.0,0.0,tie,-0.0024999999999999467,-0.24999999999999467,regressed,0.4537379741668701,0.7039666175842285,2.234450340270996,1.1365127563476562,0.9709768295288086,1.2378261089324951,True,True,1,1,2e-06,2e-06,0.2853756844997406,0.2914957404136657,0.5591335296630859,2.087700128555298,stratified,stratified,stratified split,stratified split,,,,,/home/crc00006699/zh/tabiclv2/data178/mfeat-fourier
mfeat-karhunen,multiclass,1600,320,400,64,10,ok,ok,ok,0.975,0.975,0.975,0.0,0.0,0.0,tie,0.0,0.0,0.0,tie,0.0,0.0,tie,0.4354636669158935,0.6426832675933838,2.074982166290283,1.003206491470337,0.874669075012207,0.9365761280059814,True,True,1,1,2e-06,2e-06,0.0380191206932067,0.0310349653785427,0.5229074954986572,1.9574179649353027,stratified,stratified,stratified split,stratified split,,,,,/home/crc00006699/zh/tabiclv2/data178/mfeat-karhunen
mfeat-morphological,multiclass,1600,320,400,6,10,ok,ok,ok,0.76,0.76,0.7575,0.0,0.0,0.0,tie,-0.0025000000000000577,-0.2500000000000058,-0.3289473684210602,regressed,-0.0025000000000000577,-0.2500000000000058,regressed,0.3354411125183105,0.4239289760589599,1.5246553421020508,0.4227814674377441,0.3141558170318603,0.4519383907318115,True,True,1,1,2e-06,2e-06,0.8185904026031494,0.6119883706172308,0.400078535079956,1.5006437301635742,stratified,stratified,stratified split,stratified split,,,,,/home/crc00006699/zh/tabiclv2/data178/mfeat-morphological
mfeat-pixel,multiclass,1600,320,400,240,10,ok,ok,ok,0.975,0.975,0.975,0.0,0.0,0.0,tie,0.0,0.0,0.0,tie,0.0,0.0,tie,1.03774094581604,2.047743797302246,4.969790697097778,2.5624771118164062,2.618267297744751,2.825723648071289,True,True,1,1,2e-06,2e-06,0.1050633415579795,0.0451430076112349,1.382314682006836,4.307338714599609,stratified,stratified,stratified split,stratified split,,,,,/home/crc00006699/zh/tabiclv2/data178/mfeat-pixel
mfeat-zernike,multiclass,1600,320,400,47,10,ok,ok,ok,0.8525,0.855,0.8625,0.0024999999999999467,0.24999999999999467,0.29325513196480313,improved,0.010000000000000009,1.0000000000000009,1.1730205278592385,improved,0.007500000000000062,0.7500000000000062,improved,0.4109187126159668,0.5877351760864258,1.846529960632324,0.854109525680542,0.7215948104858398,0.9096267223358154,True,True,1,1,2e-06,2e-06,1.2806123495101929,0.2416916725536187,0.4895834922790527,1.747844696044922,stratified,stratified,stratified split,stratified split,,,,,/home/crc00006699/zh/tabiclv2/data178/mfeat-zernike
mice_protein_expression,multiclass,864,173,216,75,8,ok,ok,ok,1.0,1.0,1.0,0.0,0.0,0.0,tie,0.0,0.0,0.0,tie,0.0,0.0,tie,0.4183263778686523,0.5986223220825195,1.6631402969360352,0.6933352947235107,0.5767748355865479,0.7294042110443115,True,True,1,1,2e-06,2e-06,0.0018020734423771,0.0037585654936265,0.4864814281463623,1.5519843101501465,stratified,stratified,stratified split,stratified split,,,,,/home/crc00006699/zh/tabiclv2/data178/mice_protein_expression
microaggregation2,multiclass,16000,3200,4000,20,5,ok,ok,ok,0.6405,0.64025,0.6405,-0.00024999999999997247,-0.024999999999997247,-0.039032006245116706,regressed,0.0,0.0,0.0,tie,0.00024999999999997247,0.024999999999997247,improved,0.5453312397003174,3.1420557498931885,29.824872493743896,7.459028005599976,7.224186420440674,7.489426136016846,True,True,1,1,2e-06,2e-06,0.9340723156929016,0.887866864601771,2.900301218032837,29.58215022087097,stratified,stratified,stratified split,stratified split,,,,,/home/crc00006699/zh/tabiclv2/data178/microaggregation2
mobile_c36_oversampling,binclass,41408,8282,10352,6,2,ok,ok,ok,0.990533230293663,0.990533230293663,0.990726429675425,0.0,0.0,0.0,tie,0.00019319938176198814,0.019319938176198814,0.019504583577141615,improved,0.00019319938176198814,0.019319938176198814,improved,0.4891107082366943,14.309233903884888,110.55203914642334,22.587351322174072,22.78531217575073,23.3622682094574,True,True,1,1,2e-06,2e-06,0.0371477119624614,0.0233146247919648,14.115947484970093,110.35389351844788,stratified,stratified,stratified split,stratified split,,,,,/home/crc00006699/zh/tabiclv2/data178/mobile_c36_oversampling
mozilla4,binclass,12436,2488,3109,4,2,ok,ok,ok,0.9401736892891605,0.9401736892891605,0.9404953361209392,0.0,0.0,0.0,tie,0.00032164683177871023,0.03216468317787102,0.03421142661649026,improved,0.00032164683177871023,0.03216468317787102,improved,0.3685076236724853,1.9209492206573489,9.54721713066101,2.0380194187164307,1.9931495189666748,2.233746290206909,True,True,1,1,2e-06,2e-06,0.2043318599462509,0.1655642092227935,1.8532230854034424,9.477800369262695,stratified,stratified,stratified split,stratified split,,,,,/home/crc00006699/zh/tabiclv2/data178/mozilla4
naticusdroid+android+permissions+dataset,binclass,23465,4693,5867,86,2,ok,ok,ok,0.9710243736151356,0.9713652633373104,0.9713652633373104,0.0003408897221748308,0.03408897221748308,0.0351061962436323,improved,0.0003408897221748308,0.03408897221748308,0.0351061962436323,improved,0.0,0.0,tie,2.033097267150879,9.907899379730225,70.81425929069519,22.097973346710205,63.94517683982849,53.08022999763489,True,True,1,1,2e-06,2e-06,0.0851878225803375,0.0859805556635062,8.13697075843811,69.02277898788452,stratified,stratified,stratified split,stratified split,,,,,/home/crc00006699/zh/tabiclv2/data178/naticusdroid+android+permissions+dataset
national-longitudinal-survey-binary,binclass,3926,786,982,16,2,ok,ok,ok,1.0,1.0,1.0,0.0,0.0,0.0,tie,0.0,0.0,0.0,tie,0.0,0.0,tie,0.5103120803833008,0.7419741153717041,3.723656415939331,1.2594282627105713,1.0966730117797852,1.164997100830078,True,True,1,1,2e-06,2e-06,0.0083836959674954,0.005845608189702,0.6622829437255859,3.64267897605896,stratified,stratified,stratified split,stratified split,,,,,/home/crc00006699/zh/tabiclv2/data178/national-longitudinal-survey-binary
okcupid_stem,multiclass,21341,4269,5336,13,3,ok,ok,ok,0.7475637181409296,0.7475637181409296,0.7477511244377811,0.0,0.0,0.0,tie,0.00018740629685154442,0.018740629685154442,0.025068939583851615,improved,0.00018740629685154442,0.018740629685154442,improved,0.6001870632171631,4.851629018783569,49.0040078163147,10.63927721977234,10.377536535263062,10.874794483184814,True,True,1,1,2e-06,2e-06,0.6254115700721741,0.5864649613698324,4.549571514129639,48.6908495426178,stratified,stratified,stratified split,stratified split,,,,,/home/crc00006699/zh/tabiclv2/data178/okcupid_stem
one-hundred-plants-margin,multiclass,1280,256,320,64,100,ok,ok,ok,0.909375,0.909375,0.909375,0.0,0.0,0.0,tie,0.0,0.0,0.0,tie,0.0,0.0,tie,0.4495551586151123,0.9213132858276368,1.01017165184021,3.682534456253052,3.485258817672729,3.635773897171021,False,False,0,0,2e-06,2e-06,,,0.4660744667053222,0.5595312118530273,stratified,stratified,stratified split | TTT training skipped because n_classes=100 exceeds model max_classes=10,stratified split | TTT training skipped because n_classes=100 exceeds model max_classes=10,,,,,/home/crc00006699/zh/tabiclv2/data178/one-hundred-plants-margin
one-hundred-plants-shape,multiclass,1280,256,320,64,100,ok,ok,ok,0.8,0.8,0.8,0.0,0.0,0.0,tie,0.0,0.0,0.0,tie,0.0,0.0,tie,0.4362640380859375,0.9760191440582277,0.8639116287231445,3.622575044631958,3.488044500350952,3.633197546005249,False,False,0,0,2e-06,2e-06,,,0.5338172912597656,0.4237968921661377,stratified,stratified,stratified split | TTT training skipped because n_classes=100 exceeds model max_classes=10,stratified split | TTT training skipped because n_classes=100 exceeds model max_classes=10,,,,,/home/crc00006699/zh/tabiclv2/data178/one-hundred-plants-shape
one-hundred-plants-texture,multiclass,1279,256,320,64,100,ok,ok,ok,0.91875,0.91875,0.91875,0.0,0.0,0.0,tie,0.0,0.0,0.0,tie,0.0,0.0,tie,0.4542803764343261,0.8639411926269531,0.9501783847808838,3.5845377445220947,3.47662615776062,3.613439083099365,False,False,0,0,2e-06,2e-06,,,0.4241402149200439,0.511981725692749,stratified,stratified,stratified split | TTT training skipped because n_classes=100 exceeds model max_classes=10,stratified split | TTT training skipped because n_classes=100 exceeds model max_classes=10,,,,,/home/crc00006699/zh/tabiclv2/data178/one-hundred-plants-texture
online_shoppers,binclass,9864,1973,2466,14,2,ok,ok,ok,0.9042984590429846,0.9042984590429846,0.9038929440389294,0.0,0.0,0.0,tie,-0.00040551500405516805,-0.040551500405516805,-0.044843049327356256,regressed,-0.00040551500405516805,-0.040551500405516805,regressed,0.4600117206573486,1.5713531970977783,12.60856795310974,3.556631565093994,3.261939764022827,3.4535374641418457,True,True,1,1,2e-06,2e-06,0.2390359789133072,0.2204783223569393,1.423276662826538,12.460723638534546,stratified,stratified,stratified split,stratified split,,,,,/home/crc00006699/zh/tabiclv2/data178/online_shoppers
optdigits,multiclass,4496,900,1124,64,10,ok,ok,ok,0.9955516014234876,0.9955516014234876,0.9955516014234876,0.0,0.0,0.0,tie,0.0,0.0,0.0,tie,0.0,0.0,tie,0.5587761402130127,1.1605520248413086,5.586520671844482,2.54315185546875,2.4049839973449707,2.557771682739258,True,True,1,1,2e-06,2e-06,0.1108124777674675,0.0415156837552785,0.910747766494751,5.340660810470581,stratified,stratified,stratified split,stratified split,,,,,/home/crc00006699/zh/tabiclv2/data178/optdigits
ozone-level-8hr,binclass,2027,406,507,72,2,ok,ok,ok,0.9566074950690336,0.9566074950690336,0.9566074950690336,0.0,0.0,0.0,tie,0.0,0.0,0.0,tie,0.0,0.0,tie,0.4957442283630371,0.7741837501525879,2.8350844383239746,1.3449053764343262,1.165485382080078,1.3173859119415283,True,True,1,1,2e-06,2e-06,0.1774904727935791,0.1423265139261881,0.6167831420898438,2.676455020904541,stratified,stratified,stratified split,stratified split,,,,,/home/crc00006699/zh/tabiclv2/data178/ozone-level-8hr
page-blocks,multiclass,4378,876,1095,10,5,ok,ok,ok,0.9789954337899544,0.9789954337899544,0.9789954337899544,0.0,0.0,0.0,tie,0.0,0.0,0.0,tie,0.0,0.0,tie,0.3707809448242187,0.6648099422454834,3.748692750930786,1.215123176574707,1.0468790531158447,1.2575948238372805,True,True,1,1,2e-06,2e-06,0.0824663937091827,0.0786956579734881,0.6143929958343506,3.697989702224731,stratified,stratified,stratified split,stratified split,,,,,/home/crc00006699/zh/tabiclv2/data178/page-blocks
pc1,binclass,887,178,222,21,2,ok,ok,ok,0.9414414414414416,0.9414414414414416,0.945945945945946,0.0,0.0,0.0,tie,0.0045045045045044585,0.45045045045044585,0.47846889952152616,improved,0.0045045045045044585,0.45045045045044585,improved,0.3550500869750976,0.4406042098999023,1.4631476402282717,0.5905857086181641,0.4986863136291504,0.6032447814941406,True,True,1,1,2e-06,2e-06,0.190403863787651,0.1667965278029441,0.398327112197876,1.420299768447876,stratified,stratified,stratified split,stratified split,,,,,/home/crc00006699/zh/tabiclv2/data178/pc1
pc3,binclass,1250,250,313,37,2,ok,ok,ok,0.9009584664536742,0.9009584664536742,0.9009584664536742,0.0,0.0,0.0,tie,0.0,0.0,0.0,tie,0.0,0.0,tie,0.4041855335235595,0.5174815654754639,1.6023972034454346,0.6156082153320312,0.478085994720459,0.5529329776763916,True,True,1,1,2e-06,2e-06,0.2398112714290619,0.2262094368537267,0.4477508068084717,1.532334566116333,stratified,stratified,stratified split,stratified split,,,,,/home/crc00006699/zh/tabiclv2/data178/pc3
pc4,binclass,1166,234,292,37,2,ok,ok,ok,0.9143835616438356,0.9143835616438356,0.9143835616438356,0.0,0.0,0.0,tie,0.0,0.0,0.0,tie,0.0,0.0,tie,0.3810710906982422,0.5165550708770752,1.5835912227630615,0.5600807666778564,0.4475877285003662,0.5232033729553223,True,True,1,1,2e-06,2e-06,0.1860780119895935,0.1645018284519513,0.4454472064971924,1.512462139129639,stratified,stratified,stratified split,stratified split,,,,,/home/crc00006699/zh/tabiclv2/data178/pc4
pendigits,multiclass,8793,1759,2199,16,10,ok,ok,ok,0.9972714870395636,0.9972714870395636,0.9972714870395636,0.0,0.0,0.0,tie,0.0,0.0,0.0,tie,0.0,0.0,tie,0.4399135112762451,1.388272762298584,10.990476131439207,3.11100172996521,2.952385187149048,3.271270275115967,True,True,1,1,2e-06,2e-06,0.195495143532753,0.0091330498301734,1.2564184665679932,10.860633611679075,stratified,stratified,stratified split,stratified split,,,,,/home/crc00006699/zh/tabiclv2/data178/pendigits
phoneme,binclass,4323,865,1081,5,2,ok,ok,ok,0.9037927844588344,0.902867715078631,0.902867715078631,-0.0009250693802034249,-0.09250693802034249,-0.10235414534287639,regressed,-0.0009250693802034249,-0.09250693802034249,-0.10235414534287639,regressed,0.0,0.0,tie,0.3650171756744385,0.6264491081237793,2.5469539165496826,0.7125186920166016,0.5911669731140137,0.752673864364624,True,True,1,1,2e-06,2e-06,0.1990405917167663,0.2007229253649711,0.5917065143585205,2.510517835617065,stratified,stratified,stratified split,stratified split,,,,,/home/crc00006699/zh/tabiclv2/data178/phoneme
pol,binclass,8065,1613,2017,26,2,ok,ok,ok,0.9836390679226574,0.983143282102132,0.9836390679226574,-0.0004957858205254517,-0.04957858205254517,-0.05040322580644335,regressed,0.0,0.0,0.0,tie,0.0004957858205254517,0.04957858205254517,improved,0.457850694656372,1.333569049835205,9.768095254898071,3.164457082748413,2.978343963623047,3.2272732257843018,True,True,1,1,2e-06,2e-06,0.3294742107391357,0.0637438781559467,1.1753060817718506,9.60898470878601,stratified,stratified,stratified split,stratified split,,,,,/home/crc00006699/zh/tabiclv2/data178/pol
predict_students_dropout_and_academic_success,multiclass,3539,708,885,34,3,ok,ok,ok,0.7627118644067796,0.7638418079096045,0.7638418079096045,0.001129943502824915,0.1129943502824915,0.14814814814815552,improved,0.001129943502824915,0.1129943502824915,0.14814814814815552,improved,0.0,0.0,tie,0.464493989944458,0.8677723407745361,3.724794864654541,1.509399175643921,1.306138277053833,1.4835779666900637,True,True,1,1,2e-06,2e-06,0.7021077871322632,0.5845498442649841,0.7141232490539551,3.56772780418396,stratified,stratified,stratified split,stratified split,,,,,/home/crc00006699/zh/tabiclv2/data178/predict_students_dropout_and_academic_success
qsar,binclass,844,169,211,40,2,ok,ok,ok,0.90521327014218,0.90521327014218,0.90521327014218,0.0,0.0,0.0,tie,0.0,0.0,0.0,tie,0.0,0.0,tie,0.4080140590667724,0.5181686878204346,1.6529812812805176,0.7125463485717773,0.6525070667266846,0.732109785079956,True,True,1,1,2e-06,2e-06,0.3278311491012573,0.3152479579051335,0.443155288696289,1.577188491821289,stratified,stratified,stratified split,stratified split,,,,,/home/crc00006699/zh/tabiclv2/data178/qsar
rice_cammeo_and_osmancik,binclass,3048,610,762,7,2,ok,ok,ok,0.9291338582677166,0.9291338582677166,0.926509186351706,0.0,0.0,0.0,tie,-0.002624671916010568,-0.2624671916010568,-0.28248587570622213,regressed,-0.002624671916010568,-0.2624671916010568,regressed,0.3562979698181152,0.516688346862793,2.108783721923828,0.7172019481658936,0.5826261043548584,0.7189328670501709,True,True,1,1,2e-06,2e-06,0.453935444355011,0.1989601865410804,0.4861793518066406,2.077623128890991,stratified,stratified,stratified split,stratified split,,,,,/home/crc00006699/zh/tabiclv2/data178/rice_cammeo_and_osmancik
ringnorm,binclass,5920,1184,1480,20,2,ok,ok,ok,0.9797297297297296,0.9797297297297296,0.9797297297297296,0.0,0.0,0.0,tie,0.0,0.0,0.0,tie,0.0,0.0,tie,0.4131655693054199,0.9525110721588136,6.038860559463501,2.0711429119110107,1.910985231399536,2.1212379932403564,True,True,1,1,2e-06,2e-06,0.3995880484580993,0.0559504566093285,0.8456673622131348,5.930408000946045,stratified,stratified,stratified split,stratified split,,,,,/home/crc00006699/zh/tabiclv2/data178/ringnorm
rl,binclass,3976,796,994,12,2,ok,ok,ok,0.8541247484909457,0.8541247484909457,0.8551307847082495,0.0,0.0,0.0,tie,0.001006036217303885,0.1006036217303885,0.1177856301531286,improved,0.001006036217303885,0.1006036217303885,improved,0.3920662403106689,0.6778428554534912,3.553363561630249,1.076728343963623,0.9668688774108888,1.1493561267852783,True,True,1,1,2e-06,2e-06,0.5766723155975342,0.4372698565324147,0.6144161224365234,3.488986253738404,stratified,stratified,stratified split,stratified split,,,,,/home/crc00006699/zh/tabiclv2/data178/rl
satimage,multiclass,5144,1029,1286,36,6,ok,ok,ok,0.9284603421461898,0.9315707620528773,0.9307931570762052,0.0031104199066874783,0.3110419906687478,0.33500837520938836,improved,0.00233281493001547,0.233281493001547,0.2512562814070263,improved,-0.0007776049766720083,-0.07776049766720083,regressed,0.4683935642242431,0.9670722484588624,5.253339767456055,2.228625059127808,2.0280113220214844,2.2741916179656982,True,True,1,1,2e-06,2e-06,0.2246723771095276,0.2241602055728435,0.80605149269104,5.09328556060791,stratified,stratified,stratified split,stratified split,,,,,/home/crc00006699/zh/tabiclv2/data178/satimage
segment,multiclass,1848,370,462,17,7,ok,ok,ok,0.935064935064935,0.935064935064935,0.935064935064935,0.0,0.0,0.0,tie,0.0,0.0,0.0,tie,0.0,0.0,tie,0.3507554531097412,0.4954614639282226,1.921546220779419,0.5865018367767334,0.4829044342041015,0.5505025386810303,True,True,1,1,2e-06,2e-06,0.1777643710374832,0.1425599182645479,0.4499258995056152,1.876528024673462,stratified,stratified,stratified split,stratified split,,,,,/home/crc00006699/zh/tabiclv2/data178/segment
seismic+bumps,binclass,2067,414,517,18,2,ok,ok,ok,0.9342359767891684,0.9342359767891684,0.9342359767891684,0.0,0.0,0.0,tie,0.0,0.0,0.0,tie,0.0,0.0,tie,0.3824410438537597,0.52144455909729,1.9393069744110107,0.6217238903045654,0.5323173999786377,0.648409366607666,True,True,1,1,2e-06,2e-06,0.2348579466342926,0.230448296914498,0.4703235626220703,1.8884646892547607,stratified,stratified,stratified split,stratified split,,,,,/home/crc00006699/zh/tabiclv2/data178/seismic+bumps
semeion,multiclass,1274,255,319,256,10,ok,ok,ok,0.9592476489028212,0.9592476489028212,0.9592476489028212,0.0,0.0,0.0,tie,0.0,0.0,0.0,tie,0.0,0.0,tie,0.7603421211242676,1.51342511177063,4.153383731842041,2.5367469787597656,2.3133490085601807,2.6191060543060303,True,True,1,1,2e-06,2e-06,0.3383780717849731,0.2238075745602449,1.0636966228485107,3.7048864364624015,stratified,stratified,stratified split,stratified split,,,,,/home/crc00006699/zh/tabiclv2/data178/semeion
shuttle,multiclass,46400,9280,11600,9,7,ok,ok,ok,0.9994827586206896,0.9994827586206896,0.9994827586206896,0.0,0.0,0.0,tie,0.0,0.0,0.0,tie,0.0,0.0,tie,0.6536250114440918,18.05731439590454,207.24446773529053,37.770989179611206,37.81962609291077,38.480792760849,True,True,1,1,2e-06,2e-06,0.0014619153225794,0.0008577972330385,17.677775621414185,206.86394476890564,stratified,stratified,stratified split,stratified split,,,,,/home/crc00006699/zh/tabiclv2/data178/shuttle
spambase,binclass,3680,736,921,57,2,ok,ok,ok,0.9598262757871878,0.9598262757871878,0.9598262757871878,0.0,0.0,0.0,tie,0.0,0.0,0.0,tie,0.0,0.0,tie,0.5929410457611084,0.9390478134155272,4.4967193603515625,1.9766666889190676,1.8734526634216309,2.0761494636535645,True,True,1,1,2e-06,2e-06,0.1133570000529289,0.1041908084104458,0.7694804668426514,4.326935768127441,stratified,stratified,stratified split,stratified split,,,,,/home/crc00006699/zh/tabiclv2/data178/spambase
splice,multiclass,2552,511,638,60,3,ok,ok,ok,0.9561128526645768,0.9561128526645768,0.957680250783699,0.0,0.0,0.0,tie,0.0015673981191222097,0.15673981191222097,0.16393442622950324,improved,0.0015673981191222097,0.15673981191222097,improved,0.5190303325653076,0.9292466640472412,3.066878080368042,1.4386885166168213,1.3296668529510498,1.527265548706055,True,True,1,1,2e-06,2e-06,0.238637626171112,0.1422670061389605,0.711780309677124,2.849109649658203,stratified,stratified,stratified split,stratified split,,,,,/home/crc00006699/zh/tabiclv2/data178/splice
sports_articles_for_objectivity_analysis,binclass,800,160,200,59,2,ok,ok,ok,0.855,0.855,0.855,0.0,0.0,0.0,tie,0.0,0.0,0.0,tie,0.0,0.0,tie,0.4386730194091797,0.5770835876464844,1.610170602798462,0.9013621807098388,0.7425823211669922,0.8854713439941406,True,True,1,1,2e-06,2e-06,0.4821836054325104,0.4658662850658099,0.4739043712615967,1.5070009231567385,stratified,stratified,stratified split,stratified split,,,,,/home/crc00006699/zh/tabiclv2/data178/sports_articles_for_objectivity_analysis
statlog,binclass,800,160,200,20,2,ok,ok,ok,0.745,0.745,0.745,0.0,0.0,0.0,tie,0.0,0.0,0.0,tie,0.0,0.0,tie,0.3838765621185303,0.4658083915710449,1.4531490802764893,0.5141620635986328,0.43768310546875,0.5219337940216064,True,True,1,1,2e-06,2e-06,0.5019477605819702,0.4603723759452502,0.416666030883789,1.4027495384216309,stratified,stratified,stratified split,stratified split,,,,,/home/crc00006699/zh/tabiclv2/data178/statlog
steel_plates_faults,multiclass,1552,311,389,27,7,ok,ok,ok,0.8380462724935732,0.8380462724935732,0.8380462724935732,0.0,0.0,0.0,tie,0.0,0.0,0.0,tie,0.0,0.0,tie,0.3720154762268066,0.5112240314483643,1.6134817600250244,0.5980525016784668,0.4921598434448242,0.6147105693817139,True,True,1,1,2e-06,2e-06,0.7924582362174988,0.5446563959121704,0.448174238204956,1.549964189529419,stratified,stratified,stratified split,stratified split,,,,,/home/crc00006699/zh/tabiclv2/data178/steel_plates_faults
sylvine,binclass,4099,820,1025,20,2,ok,ok,ok,0.9707317073170731,0.9707317073170731,0.9707317073170731,0.0,0.0,0.0,tie,0.0,0.0,0.0,tie,0.0,0.0,tie,0.3942663669586181,0.7330412864685059,3.9374945163726807,1.3347327709197998,1.227515697479248,1.4095873832702637,True,True,1,1,2e-06,2e-06,0.6914354562759399,0.1317973646024862,0.6453468799591064,3.848734855651856,stratified,stratified,stratified split,stratified split,,,,,/home/crc00006699/zh/tabiclv2/data178/sylvine
taiwanese_bankruptcy_prediction,binclass,5455,1091,1364,95,2,ok,ok,ok,0.9706744868035192,0.9706744868035192,0.9706744868035192,0.0,0.0,0.0,tie,0.0,0.0,0.0,tie,0.0,0.0,tie,0.7473373413085938,1.6776576042175293,8.533305168151855,3.985052347183228,3.93562650680542,4.137312173843384,True,True,1,1,2e-06,2e-06,0.0845110490918159,0.0854963480184475,1.25925874710083,8.11565351486206,stratified,stratified,stratified split,stratified split,,,,,/home/crc00006699/zh/tabiclv2/data178/taiwanese_bankruptcy_prediction
telco-customer-churn,binclass,5634,1127,1409,18,2,ok,ok,ok,0.8048261178140526,0.8055358410220014,0.8055358410220014,0.0007097232079488203,0.07097232079488203,0.08818342151674495,improved,0.0007097232079488203,0.07097232079488203,0.08818342151674495,improved,0.0,0.0,tie,0.4333200454711914,0.9751570224761964,5.755295038223267,1.869156837463379,1.69333815574646,1.945697784423828,True,True,1,1,2e-06,2e-06,0.4256660640239715,0.4170246496796608,0.8468844890594482,5.623065948486328,stratified,stratified,stratified split,stratified split,,,,,/home/crc00006699/zh/tabiclv2/data178/telco-customer-churn
texture,multiclass,4400,880,1100,40,11,ok,ok,ok,1.0,1.0,1.0,0.0,0.0,0.0,tie,0.0,0.0,0.0,tie,0.0,0.0,tie,0.4593575000762939,0.9136030673980712,0.9199161529541016,5.77265739440918,3.927358627319336,4.082772493362427,False,False,0,0,2e-06,2e-06,,,0.440385103225708,0.4443032741546631,stratified,stratified,stratified split | TTT training skipped because n_classes=11 exceeds model max_classes=10,stratified split | TTT training skipped because n_classes=11 exceeds model max_classes=10,,,,,/home/crc00006699/zh/tabiclv2/data178/texture
thyroid,multiclass,5760,1152,1440,21,3,ok,ok,ok,0.99375,0.99375,0.99375,0.0,0.0,0.0,tie,0.0,0.0,0.0,tie,0.0,0.0,tie,0.4192771911621094,0.9087646007537842,5.86190390586853,2.0261833667755127,1.866814136505127,1.9776322841644287,True,True,1,1,2e-06,2e-06,0.0165652781724929,0.0128012818749994,0.8197021484375,5.77078914642334,stratified,stratified,stratified split,stratified split,,,,,/home/crc00006699/zh/tabiclv2/data178/thyroid
thyroid-ann,multiclass,3017,604,755,21,3,ok,ok,ok,0.9880794701986756,0.9894039735099338,0.990728476821192,0.0013245033112582183,0.13245033112582183,0.13404825737264808,improved,0.0026490066225164366,0.26490066225164366,0.26809651474529617,improved,0.0013245033112582183,0.13245033112582183,improved,0.4843037128448486,0.6013202667236328,2.6587798595428467,1.005803108215332,0.8580217361450195,0.9294147491455078,True,True,1,1,2e-06,2e-06,0.0235407594591379,0.0210678492051859,0.5360119342803955,2.5937323570251465,stratified,stratified,stratified split,stratified split,,,,,/home/crc00006699/zh/tabiclv2/data178/thyroid-ann
thyroid-dis,multiclass,2240,448,560,26,5,ok,ok,ok,0.6910714285714286,0.6910714285714286,0.6910714285714286,0.0,0.0,0.0,tie,0.0,0.0,0.0,tie,0.0,0.0,tie,0.3916928768157959,0.725053071975708,2.1919333934783936,0.9258975982666016,0.7408771514892578,0.7397053241729736,True,True,1,1,2e-06,2e-06,0.7247602343559265,0.7035841991504034,0.6367018222808838,2.102229356765747,stratified,stratified,stratified split,stratified split,,,,,/home/crc00006699/zh/tabiclv2/data178/thyroid-dis
turiye_student_evaluation,multiclass,4656,932,1164,32,5,ok,ok,ok,0.5223367697594502,0.5214776632302406,0.5214776632302406,-0.0008591065292096189,-0.0859106529209619,-0.16447368421052572,regressed,-0.0008591065292096189,-0.0859106529209619,-0.16447368421052572,regressed,0.0,0.0,tie,0.4658873081207275,0.8873846530914307,4.626752853393555,1.8603055477142332,1.716376781463623,1.8178184032440183,True,True,1,1,2e-06,2e-06,1.2398408651351929,1.2326306800047555,0.751680850982666,4.492197513580322,stratified,stratified,stratified split,stratified split,,,,,/home/crc00006699/zh/tabiclv2/data178/turiye_student_evaluation
twonorm,binclass,5920,1184,1480,20,2,ok,ok,ok,0.979054054054054,0.979054054054054,0.979054054054054,0.0,0.0,0.0,tie,0.0,0.0,0.0,tie,0.0,0.0,tie,0.409146785736084,0.9431657791137696,6.040346622467041,2.0531344413757324,1.893848419189453,1.9856669902801516,True,True,1,1,2e-06,2e-06,0.0538419298827648,0.0533922327061494,0.8398044109344482,5.935527324676514,stratified,stratified,stratified split,stratified split,,,,,/home/crc00006699/zh/tabiclv2/data178/twonorm
vehicle,multiclass,676,136,170,18,4,ok,ok,ok,0.8588235294117647,0.8588235294117647,0.8647058823529412,0.0,0.0,0.0,tie,0.005882352941176561,0.5882352941176561,0.6849315068493256,improved,0.005882352941176561,0.5882352941176561,improved,0.3401057720184326,0.4240956306457519,1.444394588470459,0.4223580360412597,0.369560956954956,0.4380054473876953,True,True,1,1,2e-06,2e-06,1.043594479560852,0.2839118043581645,0.3911006450653076,1.4106760025024414,stratified,stratified,stratified split,stratified split,,,,,/home/crc00006699/zh/tabiclv2/data178/vehicle
volkert,multiclass,46648,9330,11662,180,10,ok,ok,fail,0.7337506431143886,0.7337506431143886,,0.0,0.0,0.0,tie,,,,run_failed,,,run_failed,5.66342306137085,5.588900804519653,0.0,280.0815114974976,261.0781605243683,0.0,False,False,0,0,2e-06,,,,0.0,0.0,,,TTT skipped for dataset=volkert to avoid OOM,,,,OutOfMemoryError,OutOfMemoryError: Caught OutOfMemoryError in replica 0 on device 0.,/home/crc00006699/zh/tabiclv2/data178/volkert
walking-activity,multiclass,119465,23893,29867,4,22,ok,ok,ok,0.6641443733886898,0.6641443733886898,0.6641443733886898,0.0,0.0,0.0,tie,0.0,0.0,0.0,tie,0.0,0.0,tie,0.7436614036560059,1.5424377918243408,1.511321783065796,364.9849166870117,362.4525673389435,362.22232460975647,False,False,0,0,2e-06,2e-06,,,0.7044069766998291,0.6747887134552002,stratified,stratified,stratified split | TTT training skipped because n_classes=22 exceeds model max_classes=10,stratified split | TTT training skipped because n_classes=22 exceeds model max_classes=10,,,,,/home/crc00006699/zh/tabiclv2/data178/walking-activity
wall-robot-navigation,multiclass,4364,873,1092,24,4,ok,ok,ok,0.9862637362637364,0.9862637362637364,0.9862637362637364,0.0,0.0,0.0,tie,0.0,0.0,0.0,tie,0.0,0.0,tie,0.4050235748291015,0.8268368244171143,4.278726100921631,1.5278239250183103,1.4170465469360352,1.5415513515472412,True,True,1,1,2e-06,2e-06,0.0372501164674758,0.048876442015171,0.7215385437011719,4.174338579177856,stratified,stratified,stratified split,stratified split,,,,,/home/crc00006699/zh/tabiclv2/data178/wall-robot-navigation
water_quality,binclass,6396,1280,1600,20,2,ok,ok,ok,0.908125,0.908125,0.908125,0.0,0.0,0.0,tie,0.0,0.0,0.0,tie,0.0,0.0,tie,0.4279365539550781,0.9650499820709229,6.391070127487183,2.143541097640991,1.914447784423828,2.249769926071167,True,True,1,1,2e-06,2e-06,0.237391710281372,0.2361115862925847,0.8808848857879639,6.3017418384552,stratified,stratified,stratified split,stratified split,,,,,/home/crc00006699/zh/tabiclv2/data178/water_quality
waveform-5000,multiclass,4000,800,1000,40,3,ok,ok,ok,0.866,0.866,0.868,0.0,0.0,0.0,tie,0.0020000000000000018,0.20000000000000018,0.23094688221709028,improved,0.0020000000000000018,0.20000000000000018,improved,0.4713797569274902,0.8597581386566162,4.294860124588013,1.816206932067871,1.6479907035827637,1.8228371143341064,True,True,1,1,2e-06,2e-06,0.3026478588581085,0.2841758330663045,0.7182679176330566,4.153248071670532,stratified,stratified,stratified split,stratified split,,,,,/home/crc00006699/zh/tabiclv2/data178/waveform-5000
waveform_database_generator,multiclass,3999,800,1000,21,3,ok,ok,ok,0.356,0.36,0.339,0.0040000000000000036,0.40000000000000036,1.1235955056179785,improved,-0.01699999999999996,-1.699999999999996,-4.775280898876393,regressed,-0.020999999999999963,-2.099999999999996,regressed,0.3868453502655029,0.7487778663635254,3.775620698928833,1.337109088897705,1.1851224899291992,1.3632314205169678,True,True,1,1,2e-06,2e-06,1.098440170288086,1.098605215549469,0.6685199737548828,3.692313671112061,stratified,stratified,stratified split,stratified split,,,,,/home/crc00006699/zh/tabiclv2/data178/waveform_database_generator
waveform_database_generator_version_1,multiclass,4000,800,1000,21,3,ok,ok,ok,0.866,0.866,0.866,0.0,0.0,0.0,tie,0.0,0.0,0.0,tie,0.0,0.0,tie,0.4004755020141601,0.715322732925415,3.774139642715454,1.330113172531128,1.1870355606079102,1.271862506866455,True,True,1,1,2e-06,2e-06,0.2860608696937561,0.2728281691670418,0.6350481510162354,3.689833164215088,stratified,stratified,stratified split,stratified split,,,,,/home/crc00006699/zh/tabiclv2/data178/waveform_database_generator_version_1
website_phishing,multiclass,1082,217,271,9,3,ok,ok,ok,0.911439114391144,0.911439114391144,0.911439114391144,0.0,0.0,0.0,tie,0.0,0.0,0.0,tie,0.0,0.0,tie,0.3441588878631592,0.4362173080444336,1.604053258895874,0.3168349266052246,0.2469370365142822,0.3170039653778076,True,True,1,1,2e-06,2e-06,0.2651795446872711,0.2553284888466199,0.4059896469116211,1.573376178741455,stratified,stratified,stratified split,stratified split,,,,,/home/crc00006699/zh/tabiclv2/data178/website_phishing
wine,binclass,2043,409,511,4,2,ok,ok,ok,0.7749510763209393,0.7749510763209393,0.7729941291585127,0.0,0.0,0.0,tie,-0.001956947162426559,-0.1956947162426559,-0.2525252525252454,regressed,-0.001956947162426559,-0.1956947162426559,regressed,0.3277156352996826,0.4470951557159424,1.115795612335205,0.2440922260284423,0.1937708854675293,0.2738747596740722,True,True,1,1,2e-06,2e-06,0.5357893109321594,0.4264800349871318,0.4274623394012451,1.0950913429260254,stratified,stratified,stratified split,stratified split,,,,,/home/crc00006699/zh/tabiclv2/data178/wine
wine-quality-red,multiclass,1279,256,320,4,6,ok,ok,ok,0.66875,0.665625,0.66875,-0.0031249999999999334,-0.31249999999999334,-0.4672897196261583,regressed,0.0,0.0,0.0,tie,0.0031249999999999334,0.31249999999999334,improved,0.3630130290985107,0.4032330513000488,1.4175686836242676,0.3213896751403808,0.2407302856445312,0.3318452835083008,True,True,1,1,2e-06,2e-06,0.987131416797638,0.8328306625286738,0.3841354846954345,1.3982203006744385,stratified,stratified,stratified split,stratified split,,,,,/home/crc00006699/zh/tabiclv2/data178/wine-quality-red
wine-quality-white,multiclass,3918,784,980,11,7,ok,ok,ok,0.6826530612244898,0.6836734693877551,0.6857142857142857,0.0010204081632653184,0.10204081632653184,0.14947683109118268,improved,0.003061224489795955,0.3061224489795955,0.448430493273548,improved,0.0020408163265306367,0.20408163265306367,improved,0.3652529716491699,0.6468989849090576,3.471632957458496,1.0825889110565186,0.9880414009094238,1.1595609188079834,True,True,1,1,2e-06,2e-06,0.8814176321029663,0.8074163993199667,0.5933642387390137,3.415473699569702,stratified,stratified,stratified split,stratified split,,,,,/home/crc00006699/zh/tabiclv2/data178/wine-quality-white
yeast,multiclass,1187,238,297,8,10,ok,ok,ok,0.6296296296296297,0.6195286195286195,0.6262626262626263,-0.010101010101010166,-1.0101010101010166,-1.6042780748663203,regressed,-0.0033670033670033517,-0.33670033670033517,-0.5347593582887676,regressed,0.006734006734006814,0.6734006734006814,improved,0.3352704048156738,0.4447073936462402,1.4116582870483398,0.3316168785095215,0.2519588470458984,0.3567566871643066,True,True,1,1,2e-06,2e-06,1.0494272708892822,1.042338063319524,0.4187366962432861,1.3857150077819824,stratified,stratified,stratified split,stratified split,,,,,/home/crc00006699/zh/tabiclv2/data178/yeast
