dataset_name,accuracy_direction,chunk3000_accuracy,default3_accuracy,delta_accuracy,chunk3000_f1,default3_f1,delta_f1,chunk3000_balanced_accuracy,default3_balanced_accuracy,delta_balanced_accuracy,chunk3000_roc_auc,default3_roc_auc,delta_roc_auc,chunk3000_log_loss,default3_log_loss,delta_log_loss,info_total_samples,info_n_features,info_n_num_features,info_n_cat_features,info_n_classes,chunk3000_task_type,chunk3000_n_train,chunk3000_n_val,chunk3000_n_test,chunk3000_n_features,chunk3000_n_classes,chunk3000_ttt_oom_fallback,default3_ttt_oom_fallback,chunk3000_fit_seconds,default3_fit_seconds,delta_fit_seconds,chunk3000_predict_seconds,default3_predict_seconds,delta_predict_seconds,chunk3000_ttt_applied,chunk3000_ttt_steps,chunk3000_ttt_update_seconds,chunk3000_ttt_fallback_reason,chunk3000_ttt_val_baseline_metric,chunk3000_ttt_val_best_metric,chunk3000_ttt_val_baseline_accuracy,chunk3000_ttt_val_best_accuracy,default3_task_type,default3_n_train,default3_n_val,default3_n_test,default3_n_features,default3_n_classes,default3_ttt_applied,default3_ttt_steps,default3_ttt_update_seconds,default3_ttt_fallback_reason,default3_ttt_val_baseline_metric,default3_ttt_val_best_metric,default3_ttt_val_baseline_accuracy,default3_ttt_val_best_accuracy
Diabetic_Retinopathy_Debrecen,up,0.7402597402597403,0.7272727272727273,0.012987012987012991,0.739887282528792,0.7269950480539316,0.012892234474860431,0.7380307136404698,0.7252710027100271,0.012759710930442703,0.838452273411623,0.8413881361035832,-0.0029358626919602226,0.488286370752477,0.4963360141112762,-0.008049643358799208,1151,19,16,3,2,binclass,920,184,231,19,2,False,False,13.417666912078856,8.1948721408844,5.222794771194456,1.6180219650268557,0.9021172523498536,0.7159047126770021,True,8,13.347731828689575,,0.8179876601803513,0.8179876601803513,0.7445652173913043,0.7445652173913043,binclass,920,184,231,19,2,True,20,8.151319026947021,,0.8179876601803513,0.8291409587090651,0.7445652173913043,0.7608695652173914
Basketball_c,up,0.7126865671641791,0.7052238805970149,0.007462686567164201,0.7105483766648094,0.7030301526820772,0.007518223982732164,0.6886959603118357,0.6807819513347508,0.00791400897708483,0.7445369714150719,0.7441235530356721,0.0004134183793997881,0.5769946507311013,0.5776234718939693,-0.0006288211628679985,1340,11,11,0,2,binclass,1072,215,268,11,2,False,False,17.534497022628784,4.191174507141113,13.343322515487671,0.6651298999786377,0.4272048473358154,0.23792505264282232,True,12,17.486780643463135,,0.8182193288098295,0.819594718503576,0.7581395348837209,0.7441860465116279,binclass,1072,215,268,11,2,True,10,4.155601501464844,,0.8182193288098295,0.8186777920410783,0.7581395348837209,0.7534883720930232
FICO-HELOC-cleaned,up,0.7549367088607595,0.7478481012658228,0.00708860759493668,0.7546711509554379,0.7475944834431004,0.007076667512337487,0.7537749764770173,0.7467160272661157,0.007058949210901555,0.8264137415306991,0.8256844263473841,0.0007293151833149825,0.5123393688624764,0.5135238209434383,-0.0011844520809618508,9871,23,21,2,2,binclass,7896,1580,1975,23,2,False,False,186.16689610481265,29.84642505645752,156.32047104835513,5.830348253250122,3.59371566772461,2.2366325855255123,True,16,185.8802592754364,,0.8069103929536685,0.8069103929536685,0.7493670886075949,0.7493670886075949,binclass,7896,1580,1975,23,2,True,16,29.679129362106323,,0.8069288497711355,0.8072739120107338,0.7487341772151899,0.7430379746835443
KDDCup09_upselling,up,0.8118908382066277,0.8060428849902534,0.005847953216374213,0.8082697921659188,0.8035751565008837,0.00469463566503503,0.8118908382066277,0.8060428849902534,0.005847953216374213,0.9115758314999108,0.9119406161060004,-0.0003647846060895743,0.3660319673937728,0.3586065101465809,0.007425457247191902,5128,49,34,15,2,binclass,4102,821,1026,49,2,False,False,383.5034749507904,22.77706742286682,360.7264075279236,3.9703776836395264,2.576677799224853,1.3936998844146733,True,19,382.90812492370605,,0.910830217791229,0.9125274464423476,0.8136419001218027,0.8099878197320342,binclass,4102,821,1026,49,2,True,15,22.56935954093933,,0.9113999169188772,0.9134799121713846,0.8148599269183922,0.8136419001218027
IBM_HR_Analytics_Employee_Attrition_and_Performance,up,0.8809523809523809,0.8775510204081632,0.003401360544217691,0.8714045315721473,0.865202906820623,0.006201624751524304,0.7137996382117322,0.6945473339650271,0.0192523042467051,0.8324575760186061,0.8369368593332758,-0.004479283314669624,0.3612062713515975,0.328281731374454,0.03292453997714351,1470,31,25,6,2,binclass,1176,236,294,31,2,False,False,102.51240706443788,5.203052282333374,97.3093547821045,1.1106204986572266,0.7242991924285889,0.3863213062286377,True,30,102.38609051704408,,0.8616427432216905,0.8863636363636365,0.8940677966101694,0.9067796610169492,binclass,1176,236,294,31,2,True,8,5.120785474777222,,0.8616427432216905,0.8616427432216905,0.8940677966101694,0.8940677966101694
GAMETES_Heterogeneity_20atts_1600_Het_0.4_0.2_50_EDM-2_001,up,0.684375,0.68125,0.0031249999999999334,0.6842238962003302,0.6810506566604128,0.0031732395399174385,0.684375,0.68125,0.0031249999999999334,0.7625390624999999,0.75955078125,0.0029882812499999467,0.5616873453693428,0.5656284292963456,-0.003941083927002764,1600,20,0,20,2,binclass,1280,256,320,20,2,False,False,40.12822675704956,5.499858379364014,34.62836837768555,0.7681899070739746,0.5701007843017578,0.1980891227722168,True,13,39.950005769729614,,0.718353271484375,0.72039794921875,0.671875,0.68359375,binclass,1280,256,320,20,2,True,10,5.4412994384765625,,0.71820068359375,0.719573974609375,0.671875,0.66796875
Employee,up,0.8592910848549946,0.8571428571428571,0.002148227712137518,0.8525054685391413,0.8512330447399785,0.001272423799162814,0.810195887888707,0.8115359042553192,-0.0013400163666121845,0.8768233428805238,0.8836385024549918,-0.006815159574467988,0.3555141445402871,0.3519753837154741,0.0035387608248130253,4653,8,3,5,2,binclass,3722,745,931,8,2,False,False,54.7440402507782,19.846791744232178,34.89724850654602,1.5472400188446045,1.1541833877563477,0.39305663108825684,True,8,54.659443616867065,,0.8830361707566462,0.8830361707566462,0.8523489932885906,0.8523489932885906,binclass,3722,745,931,8,2,True,30,19.7987539768219,,0.8829083588957055,0.8895106403374233,0.8523489932885906,0.8483221476510067
FOREX_audcad-hour-High,up,0.7170564746149458,0.7153451226468911,0.0017113519680547196,0.716855308415628,0.7152997997969825,0.001555508618645396,0.7163509676028831,0.7149629120562733,0.0013880555466098121,0.7893177748546962,0.7904254990960299,-0.0011077242413336519,0.5532131832393203,0.551418082815335,0.0017951004239853408,43825,10,10,0,2,binclass,35060,7012,8765,10,2,False,False,740.8408010005951,94.91067051887512,645.93013048172,50.28841328620911,24.704962491989136,25.583450794219978,True,48,740.3398208618164,,0.7930635829207795,0.7930635829207795,0.7164860239589276,0.7164860239589276,binclass,35060,7012,8765,10,2,True,45,94.59619903564452,,0.7929345262565985,0.7954045568157512,0.7154877353108956,0.7171990872789503
E-CommereShippingData,up,0.6772727272727272,0.6763636363636364,0.0009090909090908594,0.665211366874681,0.6643989307797264,0.0008124360949545162,0.7274321222773565,0.7263047265614603,0.0011273957158962622,0.7298157098686193,0.7302141193219139,-0.0003984094532946125,0.5037299870120678,0.5037008522350079,2.913477705990264e-05,10999,10,6,4,2,binclass,8799,1760,2200,10,2,False,False,188.33628630638125,13.798628568649292,174.53765773773196,5.223059177398682,3.168986320495605,2.0540728569030766,True,18,188.16829228401184,,0.7442977867203221,0.7451951710261568,0.6829545454545455,0.6835227272727272,binclass,8799,1760,2200,10,2,True,8,13.707079887390137,,0.7443400402414486,0.7443400402414486,0.6823863636363636,0.6823863636363636
Click_prediction_small,up,0.8335419274092616,0.832665832290363,0.0008760951188986343,0.7625649450583764,0.7584605346943685,0.004104410364007882,0.5094981182677866,0.5042318846932468,0.005266233574539814,0.5970143771139855,0.6247752387836326,-0.027760861669647086,0.4463293118733826,0.4452660487619216,0.001063263111460988,39948,3,3,0,2,binclass,31958,6392,7990,3,2,False,False,637.17724442482,62.43577814102173,574.7414662837982,14.483633995056152,7.323353290557861,7.160280704498291,True,48,637.0122935771942,,0.6259131967463027,0.6259131967463027,0.8322903629536921,0.8322903629536921,binclass,31958,6392,7990,3,2,True,39,62.34780526161194,,0.6253027089434714,0.6265807648090496,0.8322903629536921,0.8327596996245307
California-Housing-Classification,up,0.9265988372093024,0.9258720930232558,0.0007267441860465684,0.9265986864471796,0.9258719886198852,0.000726697827294398,0.9265996415572892,0.9258716061496282,0.0007280354076610873,0.9801273211043416,0.9802549004188874,-0.0001275793145457671,0.1863699468902518,0.1805565630124068,0.0058133838778449964,20640,8,8,0,2,binclass,16512,3303,4128,8,2,False,False,692.6066987514496,46.72005367279053,645.8866450786591,12.85939884185791,7.261375665664673,5.598023176193237,True,51,692.357578754425,,0.9770800732698504,0.9784507665029486,0.9191643960036332,0.9182561307901907,binclass,16512,3303,4128,8,2,True,32,46.578256130218506,,0.9770747569526432,0.9786009066337372,0.9182561307901907,0.9221919467151076
Amazon_employee_access,up,0.9446139761977418,0.9441562404638388,0.0004577357339029531,0.930310019991134,0.9294777284745342,0.0008322915165998035,0.5817843675557882,0.5778265839146273,0.00395778364116095,0.8347434651170244,0.8343142512257914,0.00042921389123296017,0.1662933236846929,0.1663157519817883,-2.2428297095394845e-05,32769,7,0,7,2,binclass,26215,5243,6554,7,2,False,False,612.652628660202,39.21893930435181,573.4336893558502,24.87891268730164,12.771094560623167,12.107818126678472,True,45,612.2838160991669,,0.8554856086358841,0.8555981660468239,0.9488842265878314,0.948121304596605,binclass,26215,5243,6554,7,2,True,24,38.99549889564514,,0.8550393751132234,0.8550393751132234,0.949074957085638,0.949074957085638
BNG(tic-tac-toe),up,0.8152146304292609,0.8149606299212598,0.0002540005080010621,0.8130888916054947,0.8128715619400054,0.00021732966548926314,0.7859096138011621,0.7858007909125131,0.00010882288864899614,0.8831712982584852,0.8842887790790738,-0.001117480820588601,0.405528552316303,0.4055779497627719,-4.9397446468868456e-05,39366,9,0,9,2,binclass,31492,6299,7874,9,2,False,False,757.3690524101257,93.83267760276794,663.5363748073578,40.84342908859253,20.4848051071167,20.35862398147583,True,54,756.9082281589508,,0.877775519968929,0.8781690237968605,0.8083822829020479,0.8088585489760279,binclass,31492,6299,7874,9,2,True,51,93.50178074836732,,0.8779035922294894,0.8796287027787065,0.8096523257659946,0.8102873471979679
BNG(breast-w),tie,0.9880619761239524,0.9880619761239524,0.0,0.9880774596607574,0.9880774596607574,0.0,0.9880918254272,0.9880918254272,0.0,0.9990917657501776,0.999091193994276,5.71755901512816e-07,0.0343117793715498,0.0343132452765176,-1.4659049678011904e-06,39366,9,9,0,2,binclass,31492,6299,7874,9,2,False,False,670.4671075344086,44.22048830986023,626.2466192245483,40.85415768623352,20.40172266960144,20.45243501663208,True,48,670.063068151474,,0.998802814825534,0.998802814825534,0.98714081600254,0.98714081600254,binclass,31492,6299,7874,9,2,True,24,43.96511721611023,,0.9988056620762288,0.9988056620762288,0.98666454992856,0.98666454992856
BNG(cmc),tie,0.5876130198915009,0.5876130198915009,0.0,0.5863973804291363,0.5862962516292766,0.00010112879985968437,0.5695022144018181,0.5687889901282926,0.0007132242735254923,0.7646141815548501,0.7654486569444182,-0.0008344753895681567,0.875189190152952,0.874089921449486,0.0010992687034659943,55296,9,2,7,3,multiclass,44236,8848,11060,9,3,False,False,1090.6153709888458,140.5880937576294,950.0272772312164,77.29545331001282,36.62359881401062,40.6718544960022,True,64,1089.9680469036102,,0.7591380674379433,0.7591380674379433,0.5765144665461122,0.5765144665461122,multiclass,44236,8848,11060,9,3,True,72,140.19423007965088,,0.7589704602393859,0.7600613014482193,0.5762884267631103,0.577870705244123
Bank_Customer_Churn_Dataset,tie,0.8755,0.8755,0.0,0.8652834419381789,0.8652834419381789,0.0,0.7444077359331597,0.7444077359331597,0.0,0.8821109244838059,0.883157425530307,-0.0010465010465010582,0.3136568889686981,0.3123494973601377,0.0013073916085604154,10000,10,6,4,2,binclass,8000,1600,2000,10,2,False,False,171.75213241577148,18.857383251190186,152.8947491645813,4.504229068756104,2.833881139755249,1.6703479290008554,True,18,171.6148717403412,,0.8782336200171432,0.8784202213211854,0.86125,0.86125,binclass,8000,1600,2000,10,2,True,12,18.769643783569336,,0.8777604954204428,0.8791762575724013,0.861875,0.86375
FOREX_audcad-day-High,tie,0.7547683923705722,0.7547683923705722,0.0,0.7547683923705722,0.7547428929461306,2.549942444163289e-05,0.7547228657993228,0.754648606903107,7.42588962158175e-05,0.834848214816135,0.8315956751618844,0.0032525396542506524,0.5022843839866397,0.5067577745561708,-0.0044733905695311105,1834,10,10,0,2,binclass,1467,294,367,10,2,False,False,36.458722829818726,4.879014253616333,31.579708576202393,0.943687915802002,0.5395162105560303,0.4041717052459717,True,19,36.3972270488739,,0.7958805831983337,0.7992362878963203,0.7040816326530612,0.717687074829932,binclass,1467,294,367,10,2,True,11,4.841969966888428,,0.7950011571395511,0.7968757232122194,0.7108843537414966,0.7108843537414966
FOREX_audchf-day-High,tie,0.7493188010899182,0.7493188010899182,0.0,0.749274129655601,0.7493076338946711,-3.350423907011457e-05,0.7495692984019486,0.7494950395057328,7.42588962158175e-05,0.8392888968098379,0.8393186003683241,-2.970355848619377e-05,0.4968636932425303,0.4969293944762287,-6.570123369836756e-05,1833,10,10,0,2,binclass,1466,294,367,10,2,False,False,16.152185201644897,5.943689346313477,10.208495855331421,1.0052814483642578,0.5287985801696777,0.4764828681945801,True,8,16.100667715072632,,0.7918768803517705,0.7918768803517705,0.7108843537414966,0.7108843537414966,binclass,1466,294,367,10,2,True,13,5.908594846725464,,0.7934968757232121,0.7946077296922007,0.7108843537414966,0.7142857142857143
GAMETES_Epistasis_2-Way_20atts_0.1H_EDM-1_1,tie,0.678125,0.678125,0.0,0.6727529066015349,0.6727529066015349,0.0,0.6781250000000001,0.6781250000000001,0.0,0.7307421875,0.72978515625,0.0009570312500000178,0.6016723698373412,0.6015619283103112,0.00011044152702999188,1600,20,0,20,2,binclass,1280,256,320,20,2,False,False,26.688899040222168,5.361689567565918,21.32720947265625,0.8026454448699951,0.5508594512939453,0.2517859935760498,True,10,26.520202159881592,,0.67193603515625,0.67340087890625,0.64453125,0.65625,binclass,1280,256,320,20,2,True,10,5.302006006240845,,0.67071533203125,0.671142578125,0.65234375,0.64453125
Indian_pines,tie,0.9879715691634772,0.9879715691634772,0.0,0.9879578467409422,0.9879578467409422,0.0,0.993097442680776,0.993097442680776,0.0,0.9998890431897652,0.9998888550784032,1.8811136204277545e-07,0.0299664506645526,0.0299785469077627,-1.2096243210100999e-05,9144,220,220,0,8,multiclass,7315,1463,1829,220,8,True,True,51.20152306556702,6.913709402084351,44.287813663482666,66.4612398147583,15.958953142166138,50.50228667259216,False,0,45.98795199394226,"TTT OOM; used original model parameters for inference: OutOfMemoryError: CUDA out of memory. Tried to allocate 332.00 MiB. GPU 0 has a total capacity of 10.57 GiB of which 245.06 MiB is free. Including non-PyTorch memory, this process has 10.28 GiB memory in use. Of the allocated memory 10.01 GiB is allocated by PyTorch, and 54.20 MiB is reserved by PyTorch but unallocated. If reserved but unallocated memory is large try setting PYTORCH_CUDA_ALLOC_CONF=expandable_segments:True to avoid fragmentation. See documentation for Memory Management (https://docs.pytorch.org/docs/stable/notes/cuda.html#optimizing-memory-usage-with-pytorch-cuda-alloc-conf)",,,,,multiclass,7315,1463,1829,220,8,False,0,4.893718719482422,"TTT OOM; used original model parameters for inference: OutOfMemoryError: Caught OutOfMemoryError in replica 0 on device 0. Original Traceback (most recent call last): File ""/home/crc00006699/anaconda3/envs/tabicl/lib/python3.10/site-packages/torch/nn/parallel/parallel_apply.py"", line 96, in _worker output = module(*input, **kwargs) File ""/home/crc00006699/anaconda3/envs/tabicl/lib/python3.10/site-packages/torch/nn/modules/module.py"", line 1739, in _wrapped_call_impl return self._call_impl(*args, **kwargs) File ""/home/crc00006699/anaconda3/envs/tabicl/lib/python3.10/site-packages/torch/nn/modules/module.py"", line 1750, in _call_impl return forward_call(*args, **kwargs) File ""/home/crc00006699/zh/tabiclv2/src/tabicl/model/tabicl.py"", line 496, in forward out = self._train_forward(X, y_train, d=d, embed_with_test=embed_with_test) File ""/home/crc00006699/zh/tabiclv2/src/tabicl/model/tabicl.py"", line 335, in _train_forward self.col_embedder( File ""/home/crc00006699/anaconda3/envs/tabicl/lib/python3.10/site-packages/torch/nn/modules/module.py"", line 1739, in _wrapped_call_impl return self._call_impl(*args, **kwargs) File ""/home/crc00006699/anaconda3/envs/tabicl/lib/python3.10/site-packages/torch/nn/modules/module.py"", line 1750, in _call_impl return forward_call(*args, **kwargs) File ""/home/crc00006699/zh/tabiclv2/src/tabicl/model/embedding.py"", line 728, in forward embeddings = self._train_forward(X, y_train, d, embed_with_test) File ""/home/crc00006699/zh/tabiclv2/src/tabicl/model/embedding.py"", line 458, in _train_forward return self._train_forward_with_feature_group(X, y_train, embed_with_test) File ""/home/crc00006699/zh/tabiclv2/src/tabicl/model/embedding.py"", line 474, in _train_forward_with_feature_group embeddings = self._compute_embeddings(features, train_size, y_train, embed_with_test) File ""/home/crc00006699/zh/tabiclv2/src/tabicl/model/embedding.py"", line 388, in _compute_embeddings src = self.tf_col(src, train_size=None if embed_with_test else train_size) File ""/home/crc00006699/anaconda3/envs/tabicl/lib/python3.10/site-packages/torch/nn/modules/module.py"", line 1739, in _wrapped_call_impl return self._call_impl(*args, **kwargs) File ""/home/crc00006699/anaconda3/envs/tabicl/lib/python3.10/site-packages/torch/nn/modules/module.py"", line 1750, in _call_impl return forward_call(*args, **kwargs) File ""/home/crc00006699/zh/tabiclv2/src/tabicl/model/encoders.py"", line 331, in forward out = block(out, train_size) File ""/home/crc00006699/anaconda3/envs/tabicl/lib/python3.10/site-packages/torch/nn/modules/module.py"", line 1739, in _wrapped_call_impl return self._call_impl(*args, **kwargs) File ""/home/crc00006699/anaconda3/envs/tabicl/lib/python3.10/site-packages/torch/nn/modules/module.py"", line 1750, in _call_impl return forward_call(*args, **kwargs) File ""/home/crc00006699/zh/tabiclv2/src/tabicl/model/layers.py"", line 679, in forward out = self.induced_attention(src, train_size) File ""/home/crc00006699/zh/tabiclv2/src/tabicl/model/layers.py"", line 647, in induced_attention out = self.multihead_attn2(src, hidden, hidden) File ""/home/crc00006699/anaconda3/envs/tabicl/lib/python3.10/site-packages/torch/nn/modules/module.py"", line 1739, in _wrapped_call_impl return self._call_impl(*args, **kwargs) File ""/home/crc00006699/anaconda3/envs/tabicl/lib/python3.10/site-packages/torch/nn/modules/module.py"", line 1750, in _call_impl return forward_call(*args, **kwargs) File ""/home/crc00006699/zh/tabiclv2/src/tabicl/model/layers.py"", line 454, in forward attn_result = self._attn_block( File ""/home/crc00006699/zh/tabiclv2/src/tabicl/model/layers.py"", line 506, in _attn_block result = self.attn( File ""/home/crc00006699/anaconda3/envs/tabicl/lib/python3.10/site-packages/torch/nn/modules/module.py"", line 1739, in _wrapped_call_impl return self._call_impl(*args, **kwargs) File ""/home/crc00006699/anaconda3/envs/tabicl/lib/python3.10/site-packages/torch/nn/modules/module.py"", line 1750, in _call_impl return forward_call(*args, **kwargs) File ""/home/crc00006699/zh/tabiclv2/src/tabicl/model/layers.py"", line 269, in forward return multi_head_attention_forward( File ""/home/crc00006699/zh/tabiclv2/src/tabicl/model/attention.py"", line 293, in multi_head_attention_forward attn_output = F.linear(attn_output, out_proj_weight, out_proj_bias) # (batch_shape, tgt_len, E) torch.OutOfMemoryError: CUDA out of memory. Tried to allocate 642.00 MiB. GPU 0 has a total capacity of 23.57 GiB of which 54.00 MiB is free. Process 16410 has 23.51 GiB memory in use. Of the allocated memory 23.00 GiB is allocated by PyTorch, and 101.18 MiB is reserved by PyTorch but unallocated. If reserved but unallocated memory is large try setting PYTORCH_CUDA_ALLOC_CONF=expandable_segments:True to avoid fragmentation. See documentation for Memory Management (https://pytorch.org/docs/stable/notes/cuda.html#environment-variables)",,,,
JapaneseVowels,tie,0.9994982438534872,0.9994982438534872,0.0,0.999498083906782,0.999498083906782,0.0,0.9993540051679586,0.9993540051679586,0.0,1.0,1.0,0.0,0.0009663665822946,0.0009732406068493,-6.874024554699991e-06,9961,14,14,0,9,multiclass,7968,1594,1993,14,9,False,False,232.7750265598297,13.728927612304688,219.04609894752502,4.934724569320679,3.1056275367736816,1.829097032546997,True,16,232.4714343547821,,0.9999152688978848,0.9999152688978848,0.9968632371392724,0.9968632371392724,multiclass,7968,1594,1993,14,9,True,8,13.619115352630615,,0.9999138240003982,0.9999138240003982,0.9968632371392724,0.9968632371392724
Cardiovascular-Disease-dataset,down,0.7333571428571428,0.7343571428571428,-0.0010000000000000009,0.7329787914892053,0.7340055546229096,-0.0010267631337043115,0.7333357088443131,0.7343364438649612,-0.0010007350206481247,0.8009206798924668,0.801391935148387,-0.0004712552559201777,0.5423015367658063,0.5423214612870783,-1.9924521271974527e-05,70000,11,5,6,2,binclass,56000,11200,14000,11,2,False,False,1399.9436287879944,105.75850772857666,1294.1851210594177,141.2313323020935,56.59321331977844,84.63811898231506,True,81,1399.0810360908508,,0.7884386031870991,0.7986294064944088,0.7082142857142857,0.7329464285714286,binclass,56000,11200,14000,11,2,True,50,105.25375294685364,,0.8000135905651249,0.8006131761963835,0.7323214285714286,0.7322321428571429
HR_Analytics_Job_Change_of_Data_Scientists,down,0.8006263048016702,0.8021920668058455,-0.0015657620041753528,0.8031068007088733,0.8056503154010644,-0.002543514692191051,0.7469025872281881,0.7549407013923389,-0.00803811416415079,0.8109467213338502,0.8113254244258945,-0.0003787030920443524,0.4298063095795387,0.4291463234129257,0.0006599861666130025,19158,13,3,10,2,binclass,15326,3066,3832,13,2,False,False,395.2193360328674,61.95024728775024,333.26908874511713,12.358816862106323,7.151583909988403,5.20723295211792,True,24,394.59088921546936,,0.8096695667981809,0.8096695667981809,0.8033268101761253,0.8033268101761253,binclass,15326,3066,3832,13,2,True,40,61.70848178863525,,0.8086660247178692,0.8116465418559138,0.8036529680365296,0.8052837573385518
FOREX_audjpy-hour-High,down,0.7210496292070736,0.7226468910439247,-0.0015972618368510494,0.7210234579408102,0.7226478377577257,-0.0016243798169154333,0.7207125910690356,0.7224003797172696,-0.0016877886482339344,0.8001567719946424,0.8013075867264469,-0.0011508147318044504,0.541027605599689,0.5395295546399607,0.0014980509597283254,43825,10,10,0,2,binclass,35060,7012,8765,10,2,False,False,844.9406905174255,107.27595067024232,737.6647398471832,50.06035900115967,24.730113983154297,25.33024501800537,True,54,844.4071056842804,,0.7892385244179001,0.78942804464551,0.716343411294923,0.7169138619509412,binclass,35060,7012,8765,10,2,True,51,106.98905372619627,,0.7906073856623042,0.7924514927964807,0.7183399885909869,0.7136337706788363
INNHotelsGroup,down,0.9036526533425224,0.9058580289455548,-0.0022053756030323557,0.9030775803600974,0.9051363195601292,-0.002058739200031745,0.8849968253573997,0.8859897528297959,-0.00099292747239621,0.9631092040832064,0.9644257191414992,-0.0013165150582927776,0.2250875210682927,0.218588627250278,0.006498893818014689,36275,17,11,6,2,binclass,29020,5804,7255,17,2,False,False,1099.947179555893,140.66341757774353,959.2837619781494,38.56600499153137,19.704845905303955,18.861159086227417,True,50,1099.0157566070557,,0.9585029058408396,0.9616596358415244,0.8993797381116472,0.9007580978635424,binclass,29020,5804,7255,17,2,True,72,140.22182416915894,,0.9610815263115629,0.963131756962511,0.9016195727084768,0.9073053066850448
Customer_Personality_Analysis,down,0.890625,0.8928571428571429,-0.0022321428571429047,0.8819285508425728,0.8848287598792377,-0.0029002090366648803,0.7204332667371802,0.7278959533043444,-0.007462686567164201,0.913209542836996,0.9132487170446978,-3.917420770183089e-05,0.2436454730991126,0.2437763592344614,-0.00013088613534878446,2240,24,22,2,2,binclass,1792,359,448,24,2,False,False,29.182388305664062,6.328336000442505,22.854052305221558,1.099330186843872,0.7953402996063232,0.30398988723754883,True,8,29.07831239700317,,0.8802565051177704,0.8802565051177704,0.8913649025069638,0.8913649025069638,binclass,1792,359,448,24,2,True,10,6.263239145278931,,0.8795474164508571,0.8800098655814528,0.8913649025069638,0.8941504178272981
FOREX_audusd-hour-High,down,0.7065601825442099,0.7088419851682829,-0.0022818026240729594,0.7065561884334839,0.7087748969669463,-0.002218708533462399,0.705514158915377,0.7076006091447156,-0.00208645022933851,0.7858375421117316,0.7894865898189066,-0.0036490477071750016,0.5548860978589416,0.5513911886139851,0.0034949092449565455,43825,10,10,0,2,binclass,35060,7012,8765,10,2,False,False,852.9869527816772,139.08980679512024,713.897145986557,50.1055223941803,24.65716004371643,25.448362350463867,True,54,852.3675305843353,,0.7771021862436497,0.7788385643883321,0.7082144894466629,0.7097832287507131,binclass,35060,7012,8765,10,2,True,66,138.761887550354,,0.7781984185843283,0.7835975312463976,0.7102110667427267,0.7149172846548774
MagicTelescope,down,0.8943217665615142,0.8966876971608833,-0.0023659305993690705,0.8928632735921345,0.895273436766104,-0.0024101631739695817,0.8721682141701126,0.8748477045668628,-0.002679490396750195,0.9469811862859554,0.9494364008209708,-0.002455214535015404,0.2635283442004189,0.2556997859029004,0.007828558297518495,19020,9,9,0,2,binclass,15216,3044,3804,9,2,False,False,393.5977876186371,85.94193482398987,307.6558527946472,11.776468515396118,6.608947277069092,5.167521238327026,True,24,393.1837990283966,,0.9360819153670616,0.9360819153670616,0.8814060446780552,0.8814060446780552,binclass,15216,3044,3804,9,2,True,60,85.76494264602661,,0.9361896239903796,0.9397724152297624,0.8814060446780552,0.8843626806833115
Credit_c,down,0.81855,0.82095,-0.0023999999999999577,0.8185514098696635,0.8209020879322274,-0.002350678062563949,0.8263726852219944,0.8347819621770226,-0.008409276955028244,0.9311084887978704,0.9325832655665872,-0.0014747767687167679,0.4245330533497137,0.4139023909501131,0.010630662399600588,100000,22,17,5,3,multiclass,80000,16000,20000,22,3,False,False,2053.029340028763,525.1858155727386,1527.8435244560242,296.6062159538269,116.82571601867676,179.78049993515015,True,104,2050.555273294449,,0.9259059114989652,0.9259059114989652,0.812625,0.812625,multiclass,80000,16000,20000,22,3,True,196,523.6956560611725,,0.9259133161803352,0.930034004365829,0.812875,0.8234375
FOREX_cadjpy-hour-High,down,0.7162578436965202,0.7187678265830005,-0.0025099828864802998,0.716237094612191,0.7188016857723856,-0.0025645911601945848,0.7158261987109249,0.7185433557013952,-0.0027171569904702597,0.7899004233906136,0.7909321558430293,-0.0010317324524157234,0.5539565337062107,0.553124267763451,0.0008322659427596468,43825,10,10,0,2,binclass,35060,7012,8765,10,2,False,False,763.2512171268463,93.7470681667328,669.5041489601135,50.08178782463074,24.66270613670349,25.419081687927246,True,48,762.3891124725342,,0.7875864941308987,0.7875864941308987,0.7136337706788363,0.7136337706788363,binclass,35060,7012,8765,10,2,True,45,93.4448835849762,,0.7883437594261059,0.7924799031247813,0.7139189960068454,0.7114945807187678
FOREX_audjpy-day-High,down,0.782016348773842,0.784741144414169,-0.0027247956403270157,0.7815679029797274,0.7843529871692693,-0.00278508418954182,0.7808394269068426,0.7836484156708876,-0.002808988764045006,0.8556566197015636,0.8545568039950062,0.0010998157065573722,0.4749917720630157,0.4779773935283937,-0.0029856214653780078,1832,10,10,0,2,binclass,1465,293,367,10,2,False,False,16.24092149734497,7.372165679931641,8.86875581741333,0.9583768844604492,0.6041548252105713,0.35422205924987793,True,8,16.19559669494629,,0.8312820512820512,0.8312820512820512,0.7508532423208191,0.7508532423208191,binclass,1465,293,367,10,2,True,17,7.339414596557617,,0.8309090909090909,0.8374592074592074,0.7508532423208191,0.7542662116040956
MIC,down,0.9030303030303032,0.906060606060606,-0.0030303030303028278,0.8941558441558441,0.8955868413554079,-0.0014309971995637438,0.7423571579169301,0.7361374657389838,0.006219692177946379,0.881228477053904,0.8841801953756413,-0.002951718321737351,0.2770351929160788,0.2648456013208185,0.012189591595260285,1649,104,9,95,2,binclass,1319,264,330,104,2,False,False,166.65714192390442,15.47303819656372,151.1841037273407,2.721400499343872,1.5391623973846436,1.1822381019592285,True,17,166.022075176239,,0.8808377994093842,0.8838455649130482,0.875,0.8674242424242424,binclass,1319,264,330,104,2,True,12,15.169031143188477,,0.8825877720660615,0.8845564913048233,0.8674242424242424,0.8712121212121212
FOREX_audsgd-hour-High,down,0.708157444381061,0.7116942384483742,-0.0035367940673132203,0.7081756160870584,0.7117385439509797,-0.003562927863921317,0.7079698800429568,0.7116413601662905,-0.003671480123333737,0.7805232758103167,0.7886960633128388,-0.00817278750252215,0.5697491363251507,0.5529508672680582,0.016798269057092474,43825,10,10,0,2,binclass,35060,7012,8765,10,2,False,False,1228.0737645626068,108.7659842967987,1119.307780265808,49.96764302253723,24.73375010490417,25.23389291763306,True,78,1227.4253525733948,,0.7759432596879825,0.7844809890577048,0.6995151169423844,0.7117798060467769,binclass,35060,7012,8765,10,2,True,51,108.42542052268982,,0.7774450395707273,0.7914857939553768,0.7007986309184255,0.7139189960068454
ASP-POTASSCO-classification,down,0.4864864864864865,0.4903474903474903,-0.0038610038610037978,0.4677189476256108,0.4709621259507563,-0.003243178325145535,0.3979633853965404,0.4015997490329041,-0.0036363636363636598,0.8513989588114014,0.8512095632231967,0.00018939558820463276,1.503789239435718,1.5039419252701582,-0.0001526858344402804,1294,141,140,1,11,multiclass,1035,207,259,141,11,False,False,6.412717580795288,1.3360629081726074,5.076654672622681,13.25194525718689,4.025086402893066,9.226858854293823,False,0,5.5302581787109375,,,,,,multiclass,1035,207,259,141,11,False,0,0.7601296901702881,,,,,
Firm-Teacher_Clave-Direction_Classification,down,0.8810185185185185,0.8851851851851852,-0.004166666666666652,0.8807586851223602,0.883839227996472,-0.003080542874111747,0.8089529402231681,0.8071704433333176,0.0017824968898505489,0.9722726495261734,0.9725621413036504,-0.00028949177747694677,0.3082737481830931,0.3021326004020527,0.0061411477810404125,10800,16,0,16,4,multiclass,8640,1728,2160,16,4,False,False,789.4068884849548,47.88285446166992,741.5240340232849,5.826144456863403,3.5732438564300537,2.2529006004333496,True,58,789.0708785057068,,0.9648407346944146,0.9680849583923584,0.8674768518518519,0.8744212962962963,multiclass,8640,1728,2160,16,4,True,25,47.68090963363648,,0.9649145982054098,0.9681399774154804,0.8674768518518519,0.8738425925925926
GesturePhaseSegmentationProcessed,down,0.8384810126582278,0.8470886075949368,-0.008607594936708929,0.8374098194257072,0.8462368646654465,-0.008827045239739206,0.8139182762631858,0.8283058954590364,-0.014387619195850632,0.97099536727292,0.972801326150932,-0.0018059588780119373,0.4540028598221567,0.4322826913077344,0.021720168514422322,9873,32,32,0,5,multiclass,7898,1580,1975,32,5,False,False,978.7465233802797,65.75474739074707,912.9917759895326,6.628843784332275,4.134371995925903,2.494471788406372,True,60,978.33850979805,,0.9481578182013908,0.9540567684588046,0.7854430379746835,0.8006329113924051,multiclass,7898,1580,1975,32,5,True,30,65.54086208343506,,0.948143365819948,0.955472930740986,0.7879746835443038,0.8006329113924051
Gender_Gap_in_Spanish_WP,down,0.6031578947368421,0.6126315789473684,-0.0094736842105263,0.5426453139556644,0.5664220544780934,-0.023776740522428952,0.4070716487355859,0.4222363774177564,-0.015164728682170503,0.7055111070310756,0.707506125076442,-0.0019950180453663924,0.7932894403349626,0.7898800574616557,0.003409382873306943,4746,13,13,0,3,multiclass,3796,760,950,13,3,False,False,166.80789518356323,17.653764724731445,149.1541304588318,2.0109076499938965,1.3471958637237549,0.6637117862701416,True,16,166.63362169265747,,0.6751431426314422,0.6774304418130527,0.6092105263157894,0.6039473684210527,multiclass,3796,760,950,13,3,True,22,17.594812870025635,,0.6748721072245575,0.6788016075346702,0.6092105263157894,0.6118421052631579
Fitness_Club_c,down,0.79,0.8033333333333333,-0.013333333333333308,0.7842062756703683,0.7961465279630122,-0.01194025229264395,0.728298017771702,0.7378673957621326,-0.009569377990430561,0.8223618486776382,0.8231505336768494,-0.0007886849992112532,0.4544997610164932,0.4538117058789082,0.0006880551375850197,1500,6,3,3,2,binclass,1200,240,300,6,2,False,False,25.39248824119568,3.2258071899414062,22.166681051254272,0.4676475524902344,0.3036196231842041,0.16402792930603027,True,16,25.347725868225098,,0.8249528340579115,0.8261832499384792,0.7666666666666667,0.7708333333333334,binclass,1200,240,300,6,2,True,8,3.1982574462890625,,0.8249528340579115,0.8249528340579115,0.7666666666666667,0.7666666666666667
FOREX_cadjpy-day-High,down,0.7247956403269755,0.7411444141689373,-0.01634877384196176,0.724709800552843,0.7408442805973467,-0.016134480044503796,0.7248455690187694,0.7412390116417201,-0.016393442622950727,0.790775718698028,0.7941613209788548,-0.0033856022808268493,0.5539200445989151,0.5518971723837227,0.002022872215192373,1834,10,10,0,2,binclass,1467,294,367,10,2,False,False,32.044498682022095,5.054574489593506,26.98992419242859,0.76930832862854,0.5225706100463867,0.24673771858215332,True,16,31.985440015792847,,0.7786236579044798,0.7816549426138467,0.7006802721088435,0.7244897959183674,binclass,1467,294,367,10,2,True,12,5.022535800933838,,0.7791095890410958,0.781492965568308,0.7006802721088435,0.6904761904761905
BLE_RSSI_dataset_for_Indoor_localization,down,0.7336004006009014,0.771657486229344,-0.03805708562844268,0.7330939074782732,0.7713721249448069,-0.038278217466533704,0.7326163567434275,0.7710444732685625,-0.038428116525135,0.902818518321014,0.9238727621912004,-0.021054243870186395,0.5858824810446973,0.5233806799055356,0.0625018011391617,9984,3,3,0,3,multiclass,7987,1598,1997,3,3,False,False,134.11887955665588,37.562498331069946,96.55638122558594,2.203818798065185,1.4478209018707275,0.7559978961944576,True,16,134.06568121910095,,0.9016697085347304,0.9016697085347304,0.7509386733416771,0.7509386733416771,multiclass,7987,1598,1997,3,3,True,30,37.52864050865173,,0.9016391855752374,0.9192374442026102,0.7509386733416771,0.7828535669586983
