dataset_name,task_type,baseline_acc,n_classes,up_count,down_count,flat_count,first_up_step,last_up_step,best_step,best_acc,best_delta_pp,up_steps,first_down_step,last_down_step,worst_step,worst_acc,worst_delta_pp,down_steps,flat_steps,final_step,final_delta_pp,pattern,delta_pp_step1,delta_pp_step2,delta_pp_step3,delta_pp_step4,delta_pp_step5,delta_pp_step10,delta_pp_step20,delta_pp_step30,delta_pp_step40,delta_pp_step50
ASP-POTASSCO-classification,multiclass,0.4401544401544401,11,0,0,10,,,1,0.4401544401544401,0.0,,,,1,0.4401544401544401,0.0,,"1,2,3,4,5,10,20,30,40,50",50,0.0,all_steps_flat,0.0,0.0,0.0,0.0,0.0,0.0,0.0,0.0,0.0,0.0
Amazon_employee_access,binclass,0.9443088190418064,2,2,2,6,3,4,3,0.9446139761977418,0.030515715593537607,"3,4",5,10,5,0.9440036618858711,-0.030515715593526505,"5,10","1,2,20,30,40,50",50,0.0,mixed_ended_flat,0.0,0.0,0.030515715593537607,0.030515715593537607,-0.030515715593526505,-0.015257857796757701,0.0,0.0,0.0,0.0
BLE_RSSI_dataset_for_Indoor_localization,multiclass,0.7406109163745619,3,0,9,1,,,1,0.7406109163745619,0.0,,2,50,20,0.7376064096144216,-0.3004506760140302,"2,3,4,5,10,20,30,40,50",1,50,-0.10015022533801377,nonpositive_decline,0.0,-0.050075112669012434,-0.050075112669012434,-0.10015022533801377,-0.1502253380070151,-0.1502253380070151,-0.3004506760140302,-0.20030045067601643,-0.1502253380070151,-0.10015022533801377
BNG(breast-w),binclass,0.9883159766319533,2,4,1,5,5,50,5,0.9884429768859536,0.012700025400036452,"5,30,40,50",20,20,20,0.9881889763779528,-0.012700025400047554,20,"1,2,3,4,10",50,0.012700025400036452,mixed_recovered_to_gain,0.0,0.0,0.0,0.0,0.012700025400036452,0.0,-0.012700025400047554,0.012700025400036452,0.012700025400036452,0.012700025400036452
BNG(cmc),multiclass,0.58625678119349,3,10,0,0,1,50,20,0.5884267631103074,0.21699819168173873,"1,2,3,4,5,10,20,30,40,50",,,1,0.5863471971066908,0.009041591320080311,,,50,0.14466546112116285,all_steps_up,0.009041591320080311,0.02712477396021873,0.009041591320080311,0.01808318264014952,0.03616636528029904,0.13562386980109364,0.21699819168173873,0.14466546112116285,0.21699819168173873,0.14466546112116285
BNG(tic-tac-toe),binclass,0.8150876301752603,2,5,4,1,1,10,3,0.8157226314452629,0.06350012700025998,"1,3,4,5,10",20,50,50,0.8129286258572517,-0.21590043180086393,"20,30,40,50",2,50,-0.21590043180086393,mixed_ended_in_decline,0.012700025400058657,0.0,0.06350012700025998,0.05080010160021242,0.06350012700025998,0.02540005080010621,-0.06350012700024887,-0.08890017780035508,-0.1397002794005564,-0.21590043180086393
Bank_Customer_Churn_Dataset,binclass,0.877,2,2,4,4,5,10,5,0.8775,0.04999999999999449,"5,10",20,50,30,0.8755,-0.15000000000000568,"20,30,40,50","1,2,3,4",50,-0.050000000000005596,mixed_ended_in_decline,0.0,0.0,0.0,0.0,0.04999999999999449,0.04999999999999449,-0.10000000000000009,-0.15000000000000568,-0.15000000000000568,-0.050000000000005596
Basketball_c,binclass,0.7126865671641791,2,0,5,5,,,1,0.7126865671641791,0.0,,10,50,10,0.7089552238805971,-0.3731343283582045,"10,20,30,40,50","1,2,3,4,5",50,-0.3731343283582045,nonpositive_decline,0.0,0.0,0.0,0.0,0.0,-0.3731343283582045,-0.3731343283582045,-0.3731343283582045,-0.3731343283582045,-0.3731343283582045
California-Housing-Classification,binclass,0.9127906976744186,2,2,3,5,10,20,20,0.9132751937984496,0.04844961240310086,"10,20",30,50,40,0.912063953488372,-0.07267441860465684,"30,40,50","1,2,3,4,5",50,-0.07267441860465684,mixed_ended_in_decline,0.0,0.0,0.0,0.0,0.0,0.02422480620154488,0.04844961240310086,-0.04844961240310086,-0.07267441860465684,-0.07267441860465684
Cardiovascular-Disease-dataset,binclass,0.7341428571428571,2,4,4,2,20,50,30,0.7345,0.03571428571429447,"20,30,40,50",1,4,3,0.7338571428571429,-0.028571428571422253,"1,2,3,4","5,10",50,0.028571428571433355,mixed_recovered_to_gain,-0.014285714285711126,-0.02142857142857224,-0.028571428571422253,-0.007142857142850012,0.0,0.0,0.014285714285722229,0.03571428571429447,0.03571428571429447,0.028571428571433355
Click_prediction_small,binclass,0.8320400500625782,2,0,10,0,,,1,0.8319148936170213,-0.012515644555688432,,1,50,3,0.8317897371714643,-0.025031289111387967,"1,2,3,4,5,10,20,30,40,50",,50,-0.025031289111387967,all_steps_down,-0.012515644555688432,-0.012515644555688432,-0.025031289111387967,-0.025031289111387967,-0.025031289111387967,-0.025031289111387967,-0.025031289111387967,-0.025031289111387967,-0.025031289111387967,-0.025031289111387967
Customer_Personality_Analysis,binclass,0.8839285714285714,2,2,0,8,40,50,50,0.8883928571428571,0.44642857142856984,"40,50",,,1,0.8839285714285714,0.0,,"1,2,3,4,5,10,20,30",50,0.44642857142856984,nonnegative_gain,0.0,0.0,0.0,0.0,0.0,0.0,0.0,0.0,0.22321428571429047,0.44642857142856984
Diabetic_Retinopathy_Debrecen,binclass,0.7489177489177489,2,1,2,7,20,20,20,0.7532467532467533,0.43290043290044045,20,40,50,40,0.7445887445887446,-0.43290043290042934,"40,50","1,2,3,4,5,10,30",50,-0.43290043290042934,mixed_ended_in_decline,0.0,0.0,0.0,0.0,0.0,0.0,0.43290043290044045,0.0,-0.43290043290042934,-0.43290043290042934
E-CommereShippingData,binclass,0.6781818181818182,2,0,9,1,,,1,0.6781818181818182,0.0,,2,50,50,0.6754545454545454,-0.27272727272728003,"2,3,4,5,10,20,30,40,50",1,50,-0.27272727272728003,nonpositive_decline,0.0,-0.09090909090909705,-0.09090909090909705,-0.13636363636364557,-0.13636363636364557,-0.2272727272727315,-0.181818181818183,-0.09090909090909705,-0.181818181818183,-0.27272727272728003
Employee,binclass,0.8528464017185822,2,0,9,1,,,1,0.8528464017185822,0.0,,2,50,20,0.849624060150376,-0.3222341568206222,"2,3,4,5,10,20,30,40,50",1,50,-0.10741138560687036,nonpositive_decline,0.0,-0.21482277121375182,-0.21482277121375182,-0.10741138560687036,-0.10741138560687036,-0.10741138560687036,-0.3222341568206222,-0.3222341568206222,-0.3222341568206222,-0.10741138560687036
FICO-HELOC-cleaned,binclass,0.7448101265822785,2,2,3,5,40,50,40,0.7468354430379747,0.20253164556961467,"40,50",10,30,20,0.7432911392405064,-0.15189873417721378,"10,20,30","1,2,3,4,5",50,0.20253164556961467,mixed_recovered_to_gain,0.0,0.0,0.0,0.0,0.0,-0.10126582278481289,-0.15189873417721378,-0.10126582278481289,0.20253164556961467,0.20253164556961467
FOREX_audcad-day-High,binclass,0.7438692098092643,2,3,4,3,2,50,2,0.7465940054495913,0.27247956403270157,"2,40,50",5,30,20,0.7356948228882834,-0.8174386920980936,"5,10,20,30","1,3,4",50,0.27247956403270157,mixed_recovered_to_gain,0.0,0.27247956403270157,0.0,0.0,-0.27247956403270157,-0.27247956403270157,-0.8174386920980936,-0.27247956403270157,0.27247956403270157,0.27247956403270157
FOREX_audcad-hour-High,binclass,0.7120365088419852,2,7,2,1,1,50,20,0.7153451226468911,0.330861380490588,"1,5,10,20,30,40,50",3,4,3,0.7113519680547633,-0.068454078722191,"3,4",2,50,0.1369081574443709,mixed_recovered_to_gain,0.04563605248145697,0.0,-0.068454078722191,-0.03422703936110105,0.022818026240722933,0.29663434112948694,0.330861380490588,0.25099828864803,0.14831717056473792,0.1369081574443709
FOREX_audchf-day-High,binclass,0.7547683923705722,2,1,9,0,1,1,1,0.7574931880108992,0.27247956403269047,1,2,50,50,0.7302452316076294,-2.452316076294281,"2,3,4,5,10,20,30,40,50",,50,-2.452316076294281,mixed_ended_in_decline,0.27247956403269047,-0.27247956403270157,-0.27247956403270157,-0.5449591280654031,-1.0899182561307952,-1.6348773841961872,-1.6348773841961872,-1.0899182561307952,-2.1798365122615793,-2.452316076294281
FOREX_audjpy-day-High,binclass,0.7656675749318801,2,4,0,6,10,50,10,0.771117166212534,0.544959128065392,"10,20,30,50",,,1,0.7656675749318801,0.0,,"1,2,3,4,5,40",50,0.27247956403270157,nonnegative_gain,0.0,0.0,0.0,0.0,0.0,0.544959128065392,0.544959128065392,0.544959128065392,0.0,0.27247956403270157
FOREX_audjpy-hour-High,binclass,0.7086138049058757,2,7,2,1,1,50,50,0.7148887621220764,0.6274957216200749,"1,3,10,20,30,40,50",4,5,5,0.7082715345122647,-0.03422703936110105,"4,5",2,50,0.6274957216200749,mixed_recovered_to_gain,0.011409013120367018,0.0,0.03422703936108995,-0.022818026240734035,-0.03422703936110105,0.011409013120367018,0.10268111808328095,0.07986309184255802,0.23958927552766296,0.6274957216200749
FOREX_audsgd-hour-High,binclass,0.6838562464346833,2,10,0,0,1,50,40,0.6990302338847689,1.517398745008558,"1,2,3,4,5,10,20,30,40,50",,,1,0.6861380490587564,0.22818026240730704,,,50,1.346263548203086,all_steps_up,0.22818026240730704,0.46776953793497,0.5818596691386291,0.5704506560182621,0.6389047347404531,0.8442669709070261,1.118083285795779,1.426126640045644,1.517398745008558,1.346263548203086
FOREX_audusd-hour-High,binclass,0.6816885339418141,2,10,0,0,1,50,30,0.6956075299486595,1.391899600684543,"1,2,3,4,5,10,20,30,40,50",,,1,0.6827153451226469,0.10268111808328095,,,50,1.391899600684543,all_steps_up,0.10268111808328095,0.262407301768397,0.43354249857386895,0.513405590416427,0.536223616657161,0.787221905305191,1.197946377638337,1.391899600684543,1.346263548203075,1.391899600684543
FOREX_cadjpy-day-High,binclass,0.7166212534059946,2,2,6,2,20,40,20,0.7193460490463215,0.27247956403269047,"20,40",2,50,50,0.6948228882833788,-2.1798365122615793,"2,3,4,5,10,50","1,30",50,-2.1798365122615793,mixed_ended_in_decline,0.0,-0.27247956403270157,-0.27247956403270157,-0.27247956403270157,-0.5449591280654031,-0.8174386920980936,0.27247956403269047,0.0,0.27247956403269047,-2.1798365122615793
FOREX_cadjpy-hour-High,binclass,0.7007415858528238,2,6,2,2,4,50,50,0.7043924700513405,0.36508841985167795,"4,10,20,30,40,50",1,2,1,0.7002852253280091,-0.04563605248146807,"1,2","3,5",50,0.36508841985167795,mixed_recovered_to_gain,-0.04563605248146807,-0.03422703936110105,0.0,0.03422703936108995,0.0,0.04563605248145697,0.04563605248145697,0.04563605248145697,0.193953223046206,0.36508841985167795
Firm-Teacher_Clave-Direction_Classification,multiclass,0.8782407407407408,4,0,7,3,,,2,0.8782407407407408,0.0,,1,40,40,0.875462962962963,-0.2777777777777768,"1,3,4,5,10,30,40","2,20,50",50,0.0,nonpositive_decline,-0.04629629629629983,0.0,-0.09259259259259967,-0.1388888888888884,-0.1388888888888884,-0.1388888888888884,0.0,-0.09259259259259967,-0.2777777777777768,0.0
Fitness_Club_c,binclass,0.7866666666666666,2,6,0,4,5,50,10,0.7933333333333333,0.666666666666671,"5,10,20,30,40,50",,,1,0.7866666666666666,0.0,,"1,2,3,4",50,0.666666666666671,nonnegative_gain,0.0,0.0,0.0,0.0,0.33333333333334103,0.666666666666671,0.666666666666671,0.666666666666671,0.666666666666671,0.666666666666671
GAMETES_Epistasis_2-Way_20atts_0.1H_EDM-1_1,binclass,0.66875,2,1,0,9,50,50,50,0.675,0.6250000000000089,50,,,1,0.66875,0.0,,"1,2,3,4,5,10,20,30,40",50,0.6250000000000089,nonnegative_gain,0.0,0.0,0.0,0.0,0.0,0.0,0.0,0.0,0.0,0.6250000000000089
GAMETES_Heterogeneity_20atts_1600_Het_0.4_0.2_50_EDM-2_001,binclass,0.68125,2,0,1,9,,,1,0.68125,0.0,,50,50,50,0.678125,-0.31250000000000444,50,"1,2,3,4,5,10,20,30,40",50,-0.31250000000000444,nonpositive_decline,0.0,0.0,0.0,0.0,0.0,0.0,0.0,0.0,0.0,-0.31250000000000444
Gender_Gap_in_Spanish_WP,multiclass,0.6052631578947368,3,6,0,4,1,50,40,0.611578947368421,0.6315789473684164,"1,10,20,30,40,50",,,2,0.6052631578947368,0.0,,"2,3,4,5",50,0.5263157894736858,nonnegative_gain,0.10526315789474161,0.0,0.0,0.0,0.0,0.31578947368421373,0.42105263157894424,0.5263157894736858,0.6315789473684164,0.5263157894736858
GesturePhaseSegmentationProcessed,multiclass,0.7863291139240506,5,10,0,0,1,50,20,0.7984810126582278,1.2151898734177213,"1,2,3,4,5,10,20,30,40,50",,,1,0.789873417721519,0.35443037974683955,,,50,1.0632911392405076,all_steps_up,0.35443037974683955,0.6075949367088662,0.6582278481012671,0.6582278481012671,0.75949367088608,0.75949367088608,1.2151898734177213,1.0632911392405076,1.0126582278481067,1.0632911392405076
HR_Analytics_Job_Change_of_Data_Scientists,binclass,0.7993215031315241,2,10,0,0,1,50,10,0.8001043841336117,0.07828810020876764,"1,2,3,4,5,10,20,30,40,50",,,1,0.7995824634655533,0.026096033402922547,,,50,0.07828810020876764,all_steps_up,0.026096033402922547,0.026096033402922547,0.026096033402922547,0.026096033402922547,0.026096033402922547,0.07828810020876764,0.07828810020876764,0.052192066805845094,0.07828810020876764,0.07828810020876764
IBM_HR_Analytics_Employee_Attrition_and_Performance,binclass,0.8639455782312925,2,0,0,10,,,1,0.8639455782312925,0.0,,,,1,0.8639455782312925,0.0,,"1,2,3,4,5,10,20,30,40,50",50,0.0,all_steps_flat,0.0,0.0,0.0,0.0,0.0,0.0,0.0,0.0,0.0,0.0
INNHotelsGroup,binclass,0.9021364576154376,2,5,2,3,3,50,50,0.9032391454169538,0.11026878015162334,"3,4,30,40,50",5,10,10,0.9018607856650586,-0.02756719503790306,"5,10","1,2,20",50,0.11026878015162334,mixed_recovered_to_gain,0.0,0.0,0.02756719503790306,0.01378359751895708,-0.01378359751895708,-0.02756719503790306,0.0,0.04135079255686014,0.0689179875947632,0.11026878015162334
Indian_pines,multiclass,0.9622744669218152,8,1,0,9,40,40,40,0.9628212137780208,0.05467468562055933,40,,,1,0.9622744669218152,0.0,,"1,2,3,4,5,10,20,30,50",50,0.0,nonnegative_gain,0.0,0.0,0.0,0.0,0.0,0.0,0.0,0.0,0.05467468562055933,0.0
JapaneseVowels,multiclass,0.9989964877069744,9,0,0,10,,,1,0.9989964877069744,0.0,,,,1,0.9989964877069744,0.0,,"1,2,3,4,5,10,20,30,40,50",50,0.0,all_steps_flat,0.0,0.0,0.0,0.0,0.0,0.0,0.0,0.0,0.0,0.0
KDDCup09_upselling,binclass,0.8118908382066277,2,3,0,7,10,40,40,0.8148148148148148,0.29239766081871066,"10,20,40",,,1,0.8118908382066277,0.0,,"1,2,3,4,5,30,50",50,0.0,nonnegative_gain,0.0,0.0,0.0,0.0,0.0,0.19493177387914784,0.19493177387914784,0.0,0.29239766081871066,0.0
MIC,binclass,0.9090909090909092,2,0,3,7,,,1,0.9090909090909092,0.0,,20,50,20,0.906060606060606,-0.3030303030303161,"20,30,50","1,2,3,4,5,10,40",50,-0.3030303030303161,nonpositive_decline,0.0,0.0,0.0,0.0,0.0,0.0,-0.3030303030303161,-0.3030303030303161,0.0,-0.3030303030303161
MagicTelescope,binclass,0.8848580441640379,2,0,9,1,,,1,0.8848580441640379,0.0,,2,50,10,0.8832807570977917,-0.1577287066246158,"2,3,4,5,10,20,30,40,50",1,50,-0.02628811777076745,nonpositive_decline,0.0,-0.0525762355415349,-0.07886435331230235,-0.1051524710830809,-0.13144058885384835,-0.1577287066246158,-0.1577287066246158,-0.02628811777076745,-0.0525762355415349,-0.02628811777076745
Marketing_Campaign,binclass,0.890625,2,0,1,9,,,1,0.890625,0.0,,50,50,50,0.8883928571428571,-0.22321428571429047,50,"1,2,3,4,5,10,20,30,40",50,-0.22321428571429047,nonpositive_decline,0.0,0.0,0.0,0.0,0.0,0.0,0.0,0.0,0.0,-0.22321428571429047
Mobile_Price_Classification,multiclass,0.94,4,0,0,10,,,1,0.94,0.0,,,,1,0.94,0.0,,"1,2,3,4,5,10,20,30,40,50",50,0.0,all_steps_flat,0.0,0.0,0.0,0.0,0.0,0.0,0.0,0.0,0.0,0.0
National_Health_and_Nutrition_Health_Survey,binclass,0.8399122807017544,2,0,6,4,,,1,0.8399122807017544,0.0,,3,50,3,0.8377192982456141,-0.21929824561403022,"3,4,5,10,20,50","1,2,30,40",50,-0.21929824561403022,nonpositive_decline,0.0,0.0,-0.21929824561403022,-0.21929824561403022,-0.21929824561403022,-0.21929824561403022,-0.21929824561403022,0.0,0.0,-0.21929824561403022
PhishingWebsites,binclass,0.979194934418815,2,7,2,1,1,20,5,0.9800995024875622,0.09045680687471691,"1,2,3,4,5,10,20",40,50,40,0.9782903663500678,-0.09045680687471691,"40,50",30,50,-0.09045680687471691,mixed_ended_in_decline,0.045228403437358455,0.045228403437358455,0.045228403437358455,0.045228403437358455,0.09045680687471691,0.09045680687471691,0.09045680687471691,0.0,-0.09045680687471691,-0.09045680687471691
PieChart3,binclass,0.875,2,3,2,5,20,50,20,0.8796296296296297,0.462962962962965,"20,30,50",1,2,1,0.8703703703703703,-0.462962962962965,"1,2","3,4,5,10,40",50,0.462962962962965,mixed_recovered_to_gain,-0.462962962962965,-0.462962962962965,0.0,0.0,0.0,0.0,0.462962962962965,0.462962962962965,0.0,0.462962962962965
Pima_Indians_Diabetes_Database,binclass,0.7467532467532467,2,0,0,10,,,1,0.7467532467532467,0.0,,,,1,0.7467532467532467,0.0,,"1,2,3,4,5,10,20,30,40,50",50,0.0,all_steps_flat,0.0,0.0,0.0,0.0,0.0,0.0,0.0,0.0,0.0,0.0
PizzaCutter3,binclass,0.8803827751196173,2,0,0,10,,,1,0.8803827751196173,0.0,,,,1,0.8803827751196173,0.0,,"1,2,3,4,5,10,20,30,40,50",50,0.0,all_steps_flat,0.0,0.0,0.0,0.0,0.0,0.0,0.0,0.0,0.0,0.0
Pumpkin_Seeds,binclass,0.872,2,3,3,4,5,20,5,0.874,0.20000000000000018,"5,10,20",30,50,40,0.868,-0.40000000000000036,"30,40,50","1,2,3,4",50,-0.40000000000000036,mixed_ended_in_decline,0.0,0.0,0.0,0.0,0.20000000000000018,0.20000000000000018,0.20000000000000018,-0.20000000000000018,-0.40000000000000036,-0.40000000000000036
QSAR_biodegradation,binclass,0.8862559241706162,2,1,3,6,10,10,10,0.8909952606635071,0.4739336492890933,10,20,40,20,0.8815165876777251,-0.4739336492891044,"20,30,40","1,2,3,4,5,50",50,0.0,mixed_ended_flat,0.0,0.0,0.0,0.0,0.0,0.4739336492890933,-0.4739336492891044,-0.4739336492891044,-0.4739336492891044,0.0
Satellite,binclass,0.9931372549019608,2,0,0,10,,,1,0.9931372549019608,0.0,,,,1,0.9931372549019608,0.0,,"1,2,3,4,5,10,20,30,40,50",50,0.0,all_steps_flat,0.0,0.0,0.0,0.0,0.0,0.0,0.0,0.0,0.0,0.0
Telecom_Churn_Dataset,binclass,0.9550224887556222,2,0,3,7,,,1,0.9550224887556222,0.0,,30,50,50,0.952023988005997,-0.2998500749625266,"30,40,50","1,2,3,4,5,10,20",50,-0.2998500749625266,nonpositive_decline,0.0,0.0,0.0,0.0,0.0,0.0,0.0,-0.14992503748126884,-0.14992503748126884,-0.2998500749625266
UJI_Pen_Characters,multiclass,0.5421245421245421,35,0,0,10,,,1,0.5421245421245421,0.0,,,,1,0.5421245421245421,0.0,,"1,2,3,4,5,10,20,30,40,50",50,0.0,all_steps_flat,0.0,0.0,0.0,0.0,0.0,0.0,0.0,0.0,0.0,0.0
Water_Quality_and_Potability,binclass,0.6417682926829268,2,1,2,7,50,50,50,0.6432926829268293,0.1524390243902496,50,20,30,20,0.6371951219512195,-0.45731707317072656,"20,30","1,2,3,4,5,10,40",50,0.1524390243902496,mixed_recovered_to_gain,0.0,0.0,0.0,0.0,0.0,0.0,-0.45731707317072656,-0.1524390243902385,0.0,0.1524390243902496
Wilt,binclass,0.9927461139896372,2,0,0,10,,,1,0.9927461139896372,0.0,,,,1,0.9927461139896372,0.0,,"1,2,3,4,5,10,20,30,40,50",50,0.0,all_steps_flat,0.0,0.0,0.0,0.0,0.0,0.0,0.0,0.0,0.0,0.0
abalone,multiclass,0.6519138755980861,3,3,6,1,2,10,2,0.65311004784689,0.11961722488038617,"2,3,10",4,50,50,0.6291866028708134,-2.2727272727272707,"4,5,20,30,40,50",1,50,-2.2727272727272707,mixed_ended_in_decline,0.0,0.11961722488038617,0.11961722488038617,-0.11961722488038617,-0.11961722488038617,0.11961722488038617,-0.5980861244019087,-0.9569377990430561,-1.3157894736842146,-2.2727272727272707
ada,binclass,0.8481927710843373,2,0,5,5,,,1,0.8481927710843373,0.0,,3,50,3,0.846987951807229,-0.12048192771083599,"3,4,5,10,50","1,2,20,30,40",50,-0.12048192771083599,nonpositive_decline,0.0,0.0,-0.12048192771083599,-0.12048192771083599,-0.12048192771083599,-0.12048192771083599,0.0,0.0,0.0,-0.12048192771083599
ada_agnostic,binclass,0.8400876232201533,2,0,0,10,,,1,0.8400876232201533,0.0,,,,1,0.8400876232201533,0.0,,"1,2,3,4,5,10,20,30,40,50",50,0.0,all_steps_flat,0.0,0.0,0.0,0.0,0.0,0.0,0.0,0.0,0.0,0.0
ada_prior,binclass,0.8411829134720701,2,0,4,6,,,1,0.8411829134720701,0.0,,10,50,10,0.8400876232201533,-0.10952902519167917,"10,30,40,50","1,2,3,4,5,20",50,-0.10952902519167917,nonpositive_decline,0.0,0.0,0.0,0.0,0.0,-0.10952902519167917,0.0,-0.10952902519167917,-0.10952902519167917,-0.10952902519167917
airlines_seed_0_nrows_2000_nclasses_10_ncols_100_stratify_True,binclass,0.6025,2,10,0,0,1,50,3,0.6125,1.0000000000000009,"1,2,3,4,5,10,20,30,40,50",,,1,0.605,0.24999999999999467,,,50,0.5000000000000004,all_steps_up,0.24999999999999467,0.5000000000000004,1.0000000000000009,1.0000000000000009,1.0000000000000009,0.7499999999999951,1.0000000000000009,0.7499999999999951,0.5000000000000004,0.5000000000000004
allbp,multiclass,0.9788079470198676,3,0,0,10,,,1,0.9788079470198676,0.0,,,,1,0.9788079470198676,0.0,,"1,2,3,4,5,10,20,30,40,50",50,0.0,all_steps_flat,0.0,0.0,0.0,0.0,0.0,0.0,0.0,0.0,0.0,0.0
allrep,multiclass,0.9854304635761588,4,0,0,10,,,1,0.9854304635761588,0.0,,,,1,0.9854304635761588,0.0,,"1,2,3,4,5,10,20,30,40,50",50,0.0,all_steps_flat,0.0,0.0,0.0,0.0,0.0,0.0,0.0,0.0,0.0,0.0
analcatdata_authorship,multiclass,0.9881656804733728,4,0,0,10,,,1,0.9881656804733728,0.0,,,,1,0.9881656804733728,0.0,,"1,2,3,4,5,10,20,30,40,50",50,0.0,all_steps_flat,0.0,0.0,0.0,0.0,0.0,0.0,0.0,0.0,0.0,0.0
artificial-characters,multiclass,0.8639921722113503,10,10,0,0,1,50,50,0.8825831702544031,1.8590998043052864,"1,2,3,4,5,10,20,30,40,50",,,1,0.8644814090019569,0.04892367906066397,,,50,1.8590998043052864,all_steps_up,0.04892367906066397,0.14677103718200302,0.24461839530333096,0.3913894324853229,0.5870841487279899,0.6849315068493178,1.3209393346379716,1.4677103718199636,1.8101761252446225,1.8590998043052864
autoUniv-au4-2500,multiclass,0.522,3,4,2,4,20,50,50,0.538,1.6000000000000014,"20,30,40,50",1,2,1,0.52,-0.20000000000000018,"1,2","3,4,5,10",50,1.6000000000000014,mixed_recovered_to_gain,-0.20000000000000018,-0.20000000000000018,0.0,0.0,0.0,0.0,0.6000000000000005,0.20000000000000018,1.4000000000000012,1.6000000000000014
autoUniv-au7-1100,multiclass,0.4045454545454545,5,3,1,6,5,50,50,0.4227272727272727,1.8181818181818188,"5,40,50",30,30,30,0.3909090909090909,-1.3636363636363613,30,"1,2,3,4,10,20",50,1.8181818181818188,mixed_recovered_to_gain,0.0,0.0,0.0,0.0,0.454545454545463,0.0,0.0,-1.3636363636363613,1.3636363636363613,1.8181818181818188
bank,binclass,0.9089903792989052,2,2,7,1,10,50,50,0.909322127612518,0.033174831361271195,"10,50",1,40,3,0.9086586309852924,-0.0331748313612823,"1,2,3,4,20,30,40",5,50,0.033174831361271195,mixed_recovered_to_gain,-0.011058277120423732,-0.022116554240847464,-0.0331748313612823,-0.0331748313612823,0.0,0.011058277120434834,-0.0331748313612823,-0.022116554240847464,-0.022116554240847464,0.033174831361271195
banknote_authentication,binclass,0.5490909090909091,2,6,2,2,2,30,20,0.5563636363636364,0.727272727272732,"2,3,4,5,20,30",40,50,50,0.5163636363636364,-3.2727272727272716,"40,50","1,10",50,-3.2727272727272716,mixed_ended_in_decline,0.0,0.363636363636366,0.363636363636366,0.363636363636366,0.363636363636366,0.0,0.727272727272732,0.727272727272732,-1.0909090909090868,-3.2727272727272716
baseball,multiclass,0.9477611940298508,3,0,0,10,,,1,0.9477611940298508,0.0,,,,1,0.9477611940298508,0.0,,"1,2,3,4,5,10,20,30,40,50",50,0.0,all_steps_flat,0.0,0.0,0.0,0.0,0.0,0.0,0.0,0.0,0.0,0.0
car-evaluation,multiclass,0.9739884393063584,4,10,0,0,1,50,5,0.9826589595375722,0.8670520231213841,"1,2,3,4,5,10,20,30,40,50",,,1,0.976878612716763,0.28901734104046506,,,50,0.578034682080919,all_steps_up,0.28901734104046506,0.28901734104046506,0.578034682080919,0.578034682080919,0.8670520231213841,0.8670520231213841,0.8670520231213841,0.8670520231213841,0.578034682080919,0.578034682080919
churn,binclass,0.952,2,5,0,5,10,50,20,0.954,0.20000000000000018,"10,20,30,40,50",,,1,0.952,0.0,,"1,2,3,4,5",50,0.20000000000000018,nonnegative_gain,0.0,0.0,0.0,0.0,0.0,0.10000000000000009,0.20000000000000018,0.20000000000000018,0.20000000000000018,0.20000000000000018
cmc,multiclass,0.5898305084745763,3,0,7,3,,,1,0.5898305084745763,0.0,,4,50,40,0.5830508474576271,-0.6779661016949157,"4,5,10,20,30,40,50","1,2,3",50,-0.6779661016949157,nonpositive_decline,0.0,0.0,0.0,-0.3389830508474634,-0.3389830508474634,-0.3389830508474634,-0.3389830508474634,-0.3389830508474634,-0.6779661016949157,-0.6779661016949157
company_bankruptcy_prediction,binclass,0.9706744868035192,2,6,0,4,2,50,2,0.9714076246334312,0.07331378299120228,"2,3,4,5,10,50",,,1,0.9706744868035192,0.0,,"1,20,30,40",50,0.07331378299120228,nonnegative_gain,0.0,0.07331378299120228,0.07331378299120228,0.07331378299120228,0.07331378299120228,0.07331378299120228,0.0,0.0,0.0,0.07331378299120228
compass,binclass,0.8266746770802043,2,9,0,1,2,50,50,0.8392910784019225,1.2616401321718262,"2,3,4,5,10,20,30,40,50",,,1,0.8266746770802043,0.0,,1,50,1.2616401321718262,nonnegative_gain,0.0,0.12015620306398134,0.21027335536196734,0.30039050765995334,0.3304295584259598,0.8110543706818851,1.051366776809859,1.1715229798738402,1.231601081405831,1.2616401321718262
contraceptive_method_choice,multiclass,0.6271186440677966,3,1,3,6,30,30,30,0.6305084745762712,0.3389830508474634,30,10,50,10,0.6237288135593221,-0.3389830508474523,"10,20,50","1,2,3,4,5,40",50,-0.3389830508474523,mixed_ended_in_decline,0.0,0.0,0.0,0.0,0.0,-0.3389830508474523,-0.3389830508474523,0.3389830508474634,0.0,-0.3389830508474523
credit,binclass,0.7828297935985642,2,8,0,2,2,50,10,0.784026323661382,0.11965300628178355,"2,3,4,5,10,20,40,50",,,1,0.7828297935985642,0.0,,"1,30",50,0.08973975471133766,nonnegative_gain,0.0,0.029913251570445887,0.059826503140891774,0.059826503140891774,0.059826503140891774,0.11965300628178355,0.11965300628178355,0.0,0.059826503140891774,0.08973975471133766
default_of_credit_card_clients,binclass,0.8261666666666667,2,5,0,5,10,50,20,0.8271666666666667,0.10000000000000009,"10,20,30,40,50",,,1,0.8261666666666667,0.0,,"1,2,3,4,5",50,0.08333333333332416,nonnegative_gain,0.0,0.0,0.0,0.0,0.0,0.04999999999999449,0.10000000000000009,0.08333333333332416,0.10000000000000009,0.08333333333332416
delta_ailerons,binclass,0.9509116409537168,2,4,0,6,5,50,20,0.953015427769986,0.21037868162692153,"5,10,20,50",,,1,0.9509116409537168,0.0,,"1,2,3,4,30,40",50,0.07012622720895534,nonnegative_gain,0.0,0.0,0.0,0.0,0.07012622720895534,0.07012622720895534,0.21037868162692153,0.0,0.0,0.07012622720895534
dis,binclass,0.9841059602649008,2,0,1,9,,,1,0.9841059602649008,0.0,,50,50,50,0.9827814569536424,-0.13245033112584403,50,"1,2,3,4,5,10,20,30,40",50,-0.13245033112584403,nonpositive_decline,0.0,0.0,0.0,0.0,0.0,0.0,0.0,0.0,0.0,-0.13245033112584403
dna,multiclass,0.9655172413793104,3,0,7,3,,,1,0.9655172413793104,0.0,,3,50,40,0.9608150470219436,-0.470219435736674,"3,4,5,20,30,40,50","1,2,10",50,-0.470219435736674,nonpositive_decline,0.0,0.0,-0.15673981191224318,-0.15673981191224318,-0.15673981191224318,0.0,-0.15673981191224318,-0.31347962382444194,-0.470219435736674,-0.470219435736674
drug_consumption,multiclass,0.403183023872679,7,0,0,10,,,1,0.403183023872679,0.0,,,,1,0.403183023872679,0.0,,"1,2,3,4,5,10,20,30,40,50",50,0.0,all_steps_flat,0.0,0.0,0.0,0.0,0.0,0.0,0.0,0.0,0.0,0.0
dry_bean_dataset,multiclass,0.927653323540213,7,3,5,2,30,50,50,0.929122291590158,0.14689680499450075,"30,40,50",2,10,5,0.9265515975027544,-0.11017260374586169,"2,3,4,5,10","1,20",50,0.14689680499450075,mixed_recovered_to_gain,0.0,-0.03672420124861686,-0.03672420124861686,-0.03672420124861686,-0.11017260374586169,-0.11017260374586169,0.0,0.07344840249725593,0.11017260374586169,0.14689680499450075
eeg-eye-state,binclass,0.9913217623497996,2,0,0,10,,,1,0.9913217623497996,0.0,,,,1,0.9913217623497996,0.0,,"1,2,3,4,5,10,20,30,40,50",50,0.0,all_steps_flat,0.0,0.0,0.0,0.0,0.0,0.0,0.0,0.0,0.0,0.0
electricity,binclass,0.9037846187796535,2,5,5,0,10,50,50,0.906874103497738,0.30894847180844565,"10,20,30,40,50",1,5,2,0.9032329250799956,-0.05516936996579069,"1,2,3,4,5",,50,0.30894847180844565,mixed_recovered_to_gain,-0.044135495972630334,-0.05516936996579069,-0.033101621979469975,-0.05516936996579069,-0.022067747986309616,0.011033873993160359,0.1875758578837039,0.20964360587002462,0.22067747986316277,0.30894847180844565
estimation_of_obesity_levels,multiclass,0.9858156028368794,7,0,9,1,,,1,0.9858156028368794,0.0,,2,50,2,0.983451536643026,-0.23640661938534313,"2,3,4,5,10,20,30,40,50",1,50,-0.23640661938534313,nonpositive_decline,0.0,-0.23640661938534313,-0.23640661938534313,-0.23640661938534313,-0.23640661938534313,-0.23640661938534313,-0.23640661938534313,-0.23640661938534313,-0.23640661938534313,-0.23640661938534313
eye_movements,multiclass,0.7148080438756855,3,10,0,0,1,50,40,0.7248628884826326,1.0054844606947055,"1,2,3,4,5,10,20,30,40,50",,,2,0.7152650822669104,0.04570383912249065,,,50,0.9140767824497242,all_steps_up,0.13711151736746086,0.04570383912249065,0.04570383912249065,0.0914076782449702,0.04570383912249065,0.4570383912248621,0.7312614259597838,0.7769652650822745,1.0054844606947055,0.9140767824497242
eye_movements_bin,binclass,0.6254927726675427,2,8,1,1,3,50,50,0.6379763469119579,1.2483574244415263,"3,4,5,10,20,30,40,50",1,1,1,0.6248357424441524,-0.06570302233902536,1,2,50,1.2483574244415263,mixed_recovered_to_gain,-0.06570302233902536,0.0,0.13140604467806183,0.13140604467806183,0.1971090670170872,0.26281208935611255,0.06570302233903647,0.5256241787122251,0.7227332457293123,1.2483574244415263
first-order-theorem-proving,multiclass,0.6372549019607843,6,1,7,2,3,3,3,0.6380718954248366,0.08169934640522847,3,1,50,30,0.6274509803921569,-0.9803921568627416,"1,5,10,20,30,40,50","2,4",50,-0.8986928104575131,mixed_ended_in_decline,-0.08169934640522847,0.0,0.08169934640522847,0.0,-0.08169934640522847,-0.08169934640522847,-0.8986928104575131,-0.9803921568627416,-0.6535947712418277,-0.8986928104575131
gas-drift,multiclass,0.9964054636951832,6,1,0,9,50,50,50,0.996764917325665,0.035945363048173196,50,,,1,0.9964054636951832,0.0,,"1,2,3,4,5,10,20,30,40",50,0.035945363048173196,nonnegative_gain,0.0,0.0,0.0,0.0,0.0,0.0,0.0,0.0,0.0,0.035945363048173196
gina_agnostic,binclass,0.9279538904899136,2,3,3,4,30,50,30,0.930835734870317,0.2881844380403398,"30,40,50",3,5,3,0.926512968299712,-0.14409221902016434,"3,4,5","1,2,10,20",50,0.2881844380403398,mixed_recovered_to_gain,0.0,0.0,-0.14409221902016434,-0.14409221902016434,-0.14409221902016434,0.0,0.0,0.2881844380403398,0.2881844380403398,0.2881844380403398
golf_play_dataset_extended,binclass,0.9360730593607306,2,0,3,7,,,1,0.9360730593607306,0.0,,30,50,30,0.9269406392694064,-0.91324200913242,"30,40,50","1,2,3,4,5,10,20",50,-0.91324200913242,nonpositive_decline,0.0,0.0,0.0,0.0,0.0,0.0,0.0,-0.91324200913242,-0.91324200913242,-0.91324200913242
heloc,binclass,0.7255,2,3,2,5,30,50,30,0.726,0.04999999999999449,"30,40,50",5,10,5,0.725,-0.050000000000005596,"5,10","1,2,3,4,20",50,0.04999999999999449,mixed_recovered_to_gain,0.0,0.0,0.0,0.0,-0.050000000000005596,-0.050000000000005596,0.0,0.04999999999999449,0.04999999999999449,0.04999999999999449
hill-valley,binclass,0.9300411522633744,2,3,1,6,30,50,30,0.934156378600823,0.4115226337448652,"30,40,50",20,20,20,0.925925925925926,-0.4115226337448319,20,"1,2,3,4,5,10",50,0.4115226337448652,mixed_recovered_to_gain,0.0,0.0,0.0,0.0,0.0,0.0,-0.4115226337448319,0.4115226337448652,0.4115226337448652,0.4115226337448652
house_16H,binclass,0.890659747961453,2,0,9,1,,,5,0.890659747961453,0.0,,1,50,50,0.885470719051149,-0.5189028910303928,"1,2,3,4,10,20,30,40,50",5,50,-0.5189028910303928,nonpositive_decline,-0.03706449221646535,-0.03706449221646535,-0.03706449221646535,-0.03706449221646535,0.0,-0.03706449221646535,-0.0741289844329196,-0.11119347664937385,-0.40770941438103003,-0.5189028910303928
htru,binclass,0.9793296089385476,2,5,0,5,10,50,30,0.9804469273743016,0.11173184357540222,"10,20,30,40,50",,,1,0.9793296089385476,0.0,,"1,2,3,4,5",50,0.027932960893839454,nonnegative_gain,0.0,0.0,0.0,0.0,0.0,0.027932960893839454,0.027932960893839454,0.11173184357540222,0.08379888268156277,0.027932960893839454
ibm-employee-performance,binclass,1.0,2,0,0,10,,,1,1.0,0.0,,,,1,1.0,0.0,,"1,2,3,4,5,10,20,30,40,50",50,0.0,all_steps_flat,0.0,0.0,0.0,0.0,0.0,0.0,0.0,0.0,0.0,0.0
in_vehicle_coupon_recommendation,binclass,0.7906976744186046,2,9,1,0,1,50,10,0.795821836815136,0.5124162396531351,"1,2,3,4,5,10,20,30,50",40,40,40,0.7899093417422152,-0.07883326763894472,40,,50,0.19708316909736734,mixed_recovered_to_gain,0.27591643673631205,0.15766653527788943,0.35474970437524567,0.35474970437524567,0.31533307055577886,0.5124162396531351,0.3941663381947236,0.31533307055577886,-0.07883326763894472,0.19708316909736734
internet_firewall,multiclass,0.9310292210269322,4,0,3,7,,,1,0.9310292210269322,0.0,,30,50,30,0.9250782024872206,-0.5951018539711583,"30,40,50","1,2,3,4,5,10,20",50,-0.5951018539711583,nonpositive_decline,0.0,0.0,0.0,0.0,0.0,0.0,0.0,-0.5951018539711583,-0.5951018539711583,-0.5951018539711583
internet_usage,multiclass,0.5296735905044511,46,0,0,10,,,1,0.5296735905044511,0.0,,,,1,0.5296735905044511,0.0,,"1,2,3,4,5,10,20,30,40,50",50,0.0,all_steps_flat,0.0,0.0,0.0,0.0,0.0,0.0,0.0,0.0,0.0,0.0
jm1,binclass,0.8213137344970143,2,3,5,2,20,50,30,0.8231511254019293,0.18373909049149706,"20,30,50",2,10,3,0.8203950390445567,-0.09186954524575963,"2,3,4,5,10","1,40",50,0.045934772622868714,mixed_recovered_to_gain,0.0,-0.045934772622879816,-0.09186954524575963,-0.045934772622879816,-0.09186954524575963,-0.09186954524575963,0.09186954524574853,0.18373909049149706,0.0,0.045934772622868714
jungle_chess_2pcs_raw_endgame_complete,multiclass,0.8624497991967871,3,7,2,1,4,50,50,0.8796296296296297,1.7179830432842547,"4,5,10,20,30,40,50",1,2,1,0.8621151271753681,-0.03346720214190135,"1,2",3,50,1.7179830432842547,mixed_recovered_to_gain,-0.03346720214190135,-0.01115573404729675,0.0,0.011155734047307853,0.022311468094604603,0.14502454261491327,0.31236055332440893,0.513163766175817,1.0932619366354368,1.7179830432842547
kc1,binclass,0.8815165876777251,2,4,0,6,20,50,20,0.8838862559241706,0.23696682464454666,"20,30,40,50",,,1,0.8815165876777251,0.0,,"1,2,3,4,5,10",50,0.23696682464454666,nonnegative_gain,0.0,0.0,0.0,0.0,0.0,0.0,0.23696682464454666,0.23696682464454666,0.23696682464454666,0.23696682464454666
kdd_ipums_la_97-small,binclass,0.8882466281310212,2,0,4,6,,,1,0.8882466281310212,0.0,,10,40,10,0.8863198458574181,-0.19267822736031004,"10,20,30,40","1,2,3,4,5,50",50,0.0,nonpositive_decline,0.0,0.0,0.0,0.0,0.0,-0.19267822736031004,-0.09633911368015502,-0.09633911368015502,-0.09633911368015502,0.0
kr-vs-k,multiclass,0.8508553100498931,18,0,0,10,,,1,0.8508553100498931,0.0,,,,1,0.8508553100498931,0.0,,"1,2,3,4,5,10,20,30,40,50",50,0.0,all_steps_flat,0.0,0.0,0.0,0.0,0.0,0.0,0.0,0.0,0.0,0.0
kropt,multiclass,0.852815395580898,18,0,0,10,,,1,0.852815395580898,0.0,,,,1,0.852815395580898,0.0,,"1,2,3,4,5,10,20,30,40,50",50,0.0,all_steps_flat,0.0,0.0,0.0,0.0,0.0,0.0,0.0,0.0,0.0,0.0
led24,multiclass,0.734375,10,1,2,7,30,30,30,0.7359375,0.15625000000000222,30,10,40,10,0.7328125,-0.15625000000000222,"10,40","1,2,3,4,5,20,50",50,0.0,mixed_ended_flat,0.0,0.0,0.0,0.0,0.0,-0.15625000000000222,0.0,0.15625000000000222,-0.15625000000000222,0.0
led7,multiclass,0.7375,10,5,0,5,10,50,20,0.74375,0.6249999999999978,"10,20,30,40,50",,,1,0.7375,0.0,,"1,2,3,4,5",50,0.6249999999999978,nonnegative_gain,0.0,0.0,0.0,0.0,0.0,0.31249999999999334,0.6249999999999978,0.6249999999999978,0.6249999999999978,0.6249999999999978
letter,multiclass,0.98625,26,0,0,10,,,1,0.98625,0.0,,,,1,0.98625,0.0,,"1,2,3,4,5,10,20,30,40,50",50,0.0,all_steps_flat,0.0,0.0,0.0,0.0,0.0,0.0,0.0,0.0,0.0,0.0
madeline,binclass,0.7531847133757962,2,2,2,6,10,30,10,0.7547770700636943,0.15923566878981443,"10,30",3,4,3,0.7515923566878981,-0.15923566878980333,"3,4","1,2,5,20,40,50",50,0.0,mixed_ended_flat,0.0,0.0,-0.15923566878980333,-0.15923566878980333,0.0,0.15923566878981443,0.0,0.15923566878981443,0.0,0.0
mammography,binclass,0.9888243182834152,2,1,1,8,20,20,20,0.9892713455520786,0.04470272686634136,20,50,50,50,0.9874832364774252,-0.13410818059900187,50,"1,2,3,4,5,10,30,40",50,-0.13410818059900187,mixed_ended_in_decline,0.0,0.0,0.0,0.0,0.0,0.0,0.04470272686634136,0.0,0.0,-0.13410818059900187
maternal_health_risk,multiclass,0.8719211822660099,3,0,0,10,,,1,0.8719211822660099,0.0,,,,1,0.8719211822660099,0.0,,"1,2,3,4,5,10,20,30,40,50",50,0.0,all_steps_flat,0.0,0.0,0.0,0.0,0.0,0.0,0.0,0.0,0.0,0.0
mfeat-factors,multiclass,0.975,10,2,7,1,40,50,40,0.9775,0.2500000000000058,"40,50",2,30,2,0.9725,-0.24999999999999467,"2,3,4,5,10,20,30",1,50,0.2500000000000058,mixed_recovered_to_gain,0.0,-0.24999999999999467,-0.24999999999999467,-0.24999999999999467,-0.24999999999999467,-0.24999999999999467,-0.24999999999999467,-0.24999999999999467,0.2500000000000058,0.2500000000000058
mfeat-fourier,multiclass,0.885,10,10,0,0,1,50,50,0.8975,1.2499999999999956,"1,2,3,4,5,10,20,30,40,50",,,1,0.8875,0.24999999999999467,,,50,1.2499999999999956,all_steps_up,0.24999999999999467,0.24999999999999467,0.5000000000000004,0.5000000000000004,0.5000000000000004,1.0000000000000009,0.5000000000000004,0.24999999999999467,1.0000000000000009,1.2499999999999956
mfeat-karhunen,multiclass,0.975,10,0,0,10,,,1,0.975,0.0,,,,1,0.975,0.0,,"1,2,3,4,5,10,20,30,40,50",50,0.0,all_steps_flat,0.0,0.0,0.0,0.0,0.0,0.0,0.0,0.0,0.0,0.0
mfeat-morphological,multiclass,0.76,10,1,5,4,40,40,40,0.7625,0.24999999999999467,40,4,30,5,0.755,-0.5000000000000004,"4,5,10,20,30","1,2,3,50",50,0.0,mixed_ended_flat,0.0,0.0,0.0,-0.2500000000000058,-0.5000000000000004,-0.5000000000000004,-0.5000000000000004,-0.2500000000000058,0.24999999999999467,0.0
mfeat-pixel,multiclass,0.975,10,0,0,10,,,1,0.975,0.0,,,,1,0.975,0.0,,"1,2,3,4,5,10,20,30,40,50",50,0.0,all_steps_flat,0.0,0.0,0.0,0.0,0.0,0.0,0.0,0.0,0.0,0.0
mfeat-zernike,multiclass,0.8525,10,10,0,0,1,50,50,0.87,1.749999999999996,"1,2,3,4,5,10,20,30,40,50",,,1,0.855,0.24999999999999467,,,50,1.749999999999996,all_steps_up,0.24999999999999467,0.24999999999999467,0.24999999999999467,0.24999999999999467,0.5000000000000004,1.0000000000000009,1.0000000000000009,1.2499999999999956,1.5000000000000013,1.749999999999996
mice_protein_expression,multiclass,1.0,8,0,0,10,,,1,1.0,0.0,,,,1,1.0,0.0,,"1,2,3,4,5,10,20,30,40,50",50,0.0,all_steps_flat,0.0,0.0,0.0,0.0,0.0,0.0,0.0,0.0,0.0,0.0
microaggregation2,multiclass,0.6405,5,0,9,1,,,4,0.6405,0.0,,1,50,30,0.63725,-0.3249999999999975,"1,2,3,5,10,20,30,40,50",4,50,-0.12499999999999734,nonpositive_decline,-0.024999999999997247,-0.07499999999999174,-0.07499999999999174,0.0,-0.024999999999997247,-0.10000000000000009,-0.24999999999999467,-0.3249999999999975,-0.10000000000000009,-0.12499999999999734
mobile_c36_oversampling,binclass,0.990533230293663,2,9,0,1,2,50,50,0.991112828438949,0.05795981452859644,"2,3,4,5,10,20,30,40,50",,,1,0.990533230293663,0.0,,1,50,0.05795981452859644,nonnegative_gain,0.0,0.009659969088093856,0.009659969088093856,0.02897990726429267,0.02897990726429267,0.009659969088093856,0.009659969088093856,0.02897990726429267,0.04829984544050259,0.05795981452859644
mozilla4,binclass,0.9401736892891605,2,8,0,2,2,50,30,0.9414602766162752,0.128658732711473,"2,4,5,10,20,30,40,50",,,1,0.9401736892891605,0.0,,"1,3",50,0.09649404953361307,nonnegative_gain,0.0,0.03216468317787102,0.0,0.03216468317787102,0.03216468317787102,0.06432936635575315,0.03216468317787102,0.128658732711473,0.09649404953361307,0.09649404953361307
naticusdroid+android+permissions+dataset,binclass,0.9710243736151356,2,10,0,0,1,50,30,0.972387932503835,0.13635588886994343,"1,2,3,4,5,10,20,30,40,50",,,20,0.9711948184762228,0.017044486108719337,,,50,0.10226691665243814,all_steps_up,0.03408897221748308,0.03408897221748308,0.03408897221748308,0.03408897221748308,0.03408897221748308,0.03408897221748308,0.017044486108719337,0.13635588886994343,0.08522243054371881,0.10226691665243814
national-longitudinal-survey-binary,binclass,1.0,2,0,0,10,,,1,1.0,0.0,,,,1,1.0,0.0,,"1,2,3,4,5,10,20,30,40,50",50,0.0,all_steps_flat,0.0,0.0,0.0,0.0,0.0,0.0,0.0,0.0,0.0,0.0
okcupid_stem,multiclass,0.7475637181409296,3,8,0,2,2,50,50,0.7488755622188905,0.1311844077960922,"2,3,4,5,10,30,40,50",,,1,0.7475637181409296,0.0,,"1,20",50,0.1311844077960922,nonnegative_gain,0.0,0.018740629685154442,0.037481259370308884,0.037481259370308884,0.037481259370308884,0.018740629685154442,0.0,0.07496251874062887,0.09370314842578331,0.1311844077960922
one-hundred-plants-margin,multiclass,0.909375,100,0,0,10,,,1,0.909375,0.0,,,,1,0.909375,0.0,,"1,2,3,4,5,10,20,30,40,50",50,0.0,all_steps_flat,0.0,0.0,0.0,0.0,0.0,0.0,0.0,0.0,0.0,0.0
one-hundred-plants-shape,multiclass,0.8,100,0,0,10,,,1,0.8,0.0,,,,1,0.8,0.0,,"1,2,3,4,5,10,20,30,40,50",50,0.0,all_steps_flat,0.0,0.0,0.0,0.0,0.0,0.0,0.0,0.0,0.0,0.0
one-hundred-plants-texture,multiclass,0.91875,100,0,0,10,,,1,0.91875,0.0,,,,1,0.91875,0.0,,"1,2,3,4,5,10,20,30,40,50",50,0.0,all_steps_flat,0.0,0.0,0.0,0.0,0.0,0.0,0.0,0.0,0.0,0.0
online_shoppers,binclass,0.9042984590429846,2,4,4,2,4,20,4,0.9047039740470396,0.0405515004055057,"4,5,10,20",2,50,50,0.9022708840227088,-0.20275750202757292,"2,3,40,50","1,30",50,-0.20275750202757292,mixed_ended_in_decline,0.0,-0.040551500405516805,-0.040551500405516805,0.0405515004055057,0.0405515004055057,0.0405515004055057,0.0405515004055057,0.0,-0.040551500405516805,-0.20275750202757292
optdigits,multiclass,0.9955516014234876,10,4,0,6,20,50,20,0.99644128113879,0.0889679715302405,"20,30,40,50",,,1,0.9955516014234876,0.0,,"1,2,3,4,5,10",50,0.0889679715302405,nonnegative_gain,0.0,0.0,0.0,0.0,0.0,0.0,0.0889679715302405,0.0889679715302405,0.0889679715302405,0.0889679715302405
ozone-level-8hr,binclass,0.9566074950690336,2,0,0,10,,,1,0.9566074950690336,0.0,,,,1,0.9566074950690336,0.0,,"1,2,3,4,5,10,20,30,40,50",50,0.0,all_steps_flat,0.0,0.0,0.0,0.0,0.0,0.0,0.0,0.0,0.0,0.0
page-blocks,multiclass,0.9789954337899544,5,0,0,10,,,1,0.9789954337899544,0.0,,,,1,0.9789954337899544,0.0,,"1,2,3,4,5,10,20,30,40,50",50,0.0,all_steps_flat,0.0,0.0,0.0,0.0,0.0,0.0,0.0,0.0,0.0,0.0
pc1,binclass,0.9414414414414416,2,6,0,4,5,50,5,0.945945945945946,0.45045045045044585,"5,10,20,30,40,50",,,1,0.9414414414414416,0.0,,"1,2,3,4",50,0.45045045045044585,nonnegative_gain,0.0,0.0,0.0,0.0,0.45045045045044585,0.45045045045044585,0.45045045045044585,0.45045045045044585,0.45045045045044585,0.45045045045044585
pc3,binclass,0.9009584664536742,2,0,0,10,,,1,0.9009584664536742,0.0,,,,1,0.9009584664536742,0.0,,"1,2,3,4,5,10,20,30,40,50",50,0.0,all_steps_flat,0.0,0.0,0.0,0.0,0.0,0.0,0.0,0.0,0.0,0.0
pc4,binclass,0.9143835616438356,2,0,3,7,,,1,0.9143835616438356,0.0,,30,50,30,0.910958904109589,-0.3424657534246589,"30,40,50","1,2,3,4,5,10,20",50,-0.3424657534246589,nonpositive_decline,0.0,0.0,0.0,0.0,0.0,0.0,0.0,-0.3424657534246589,-0.3424657534246589,-0.3424657534246589
pendigits,multiclass,0.9972714870395636,10,0,0,10,,,1,0.9972714870395636,0.0,,,,1,0.9972714870395636,0.0,,"1,2,3,4,5,10,20,30,40,50",50,0.0,all_steps_flat,0.0,0.0,0.0,0.0,0.0,0.0,0.0,0.0,0.0,0.0
phoneme,binclass,0.9037927844588344,2,0,10,0,,,1,0.902867715078631,-0.09250693802034249,,1,50,50,0.8973172987974098,-0.6475485661424529,"1,2,3,4,5,10,20,30,40,50",,50,-0.6475485661424529,all_steps_down,-0.09250693802034249,-0.18501387604069608,-0.18501387604069608,-0.09250693802034249,-0.09250693802034249,-0.18501387604069608,-0.46253469010175685,-0.27752081406103857,-0.37002775208140326,-0.6475485661424529
pol,binclass,0.9836390679226574,2,0,7,3,,,4,0.9836390679226574,0.0,,1,50,30,0.9821517104610809,-0.14873574615765772,"1,2,3,20,30,40,50","4,5,10",50,-0.14873574615765772,nonpositive_decline,-0.04957858205254517,-0.04957858205254517,-0.04957858205254517,0.0,0.0,0.0,-0.04957858205254517,-0.14873574615765772,-0.14873574615765772,-0.14873574615765772
predict_students_dropout_and_academic_success,multiclass,0.7627118644067796,3,3,1,6,1,50,40,0.7649717514124293,0.2259887005649719,"1,40,50",30,30,30,0.7615819209039548,-0.1129943502824804,30,"2,3,4,5,10,20",50,0.1129943502824915,mixed_recovered_to_gain,0.1129943502824915,0.0,0.0,0.0,0.0,0.0,0.0,-0.1129943502824804,0.2259887005649719,0.1129943502824915
qsar,binclass,0.90521327014218,2,2,0,8,40,50,40,0.909952606635071,0.4739336492891044,"40,50",,,1,0.90521327014218,0.0,,"1,2,3,4,5,10,20,30",50,0.4739336492891044,nonnegative_gain,0.0,0.0,0.0,0.0,0.0,0.0,0.0,0.0,0.4739336492891044,0.4739336492891044
rice_cammeo_and_osmancik,binclass,0.9291338582677166,2,0,0,10,,,1,0.9291338582677166,0.0,,,,1,0.9291338582677166,0.0,,"1,2,3,4,5,10,20,30,40,50",50,0.0,all_steps_flat,0.0,0.0,0.0,0.0,0.0,0.0,0.0,0.0,0.0,0.0
ringnorm,binclass,0.9797297297297296,2,3,0,7,30,50,30,0.9804054054054054,0.06756756756758353,"30,40,50",,,1,0.9797297297297296,0.0,,"1,2,3,4,5,10,20",50,0.06756756756758353,nonnegative_gain,0.0,0.0,0.0,0.0,0.0,0.0,0.0,0.06756756756758353,0.06756756756758353,0.06756756756758353
rl,binclass,0.8541247484909457,2,2,1,7,40,50,50,0.8601609657947686,0.6036217303822977,"40,50",20,20,20,0.8531187122736419,-0.1006036217303774,20,"1,2,3,4,5,10,30",50,0.6036217303822977,mixed_recovered_to_gain,0.0,0.0,0.0,0.0,0.0,0.0,-0.1006036217303774,0.0,0.4024144869215318,0.6036217303822977
satimage,multiclass,0.9284603421461898,6,10,0,0,1,50,30,0.942457231726283,1.3996889580093264,"1,2,3,4,5,10,20,30,40,50",,,1,0.9315707620528773,0.3110419906687478,,,50,1.244167962674958,all_steps_up,0.3110419906687478,0.38880248833592645,0.38880248833592645,0.4665629860031051,0.5443234836703059,0.9331259720062213,1.0108864696734,1.3996889580093264,1.3219284603421477,1.244167962674958
segment,multiclass,0.935064935064935,7,0,3,7,,,1,0.935064935064935,0.0,,30,50,30,0.9329004329004328,-0.21645021645022577,"30,40,50","1,2,3,4,5,10,20",50,-0.21645021645022577,nonpositive_decline,0.0,0.0,0.0,0.0,0.0,0.0,0.0,-0.21645021645022577,-0.21645021645022577,-0.21645021645022577
seismic+bumps,binclass,0.9342359767891684,2,0,0,10,,,1,0.9342359767891684,0.0,,,,1,0.9342359767891684,0.0,,"1,2,3,4,5,10,20,30,40,50",50,0.0,all_steps_flat,0.0,0.0,0.0,0.0,0.0,0.0,0.0,0.0,0.0,0.0
semeion,multiclass,0.9592476489028212,10,0,4,6,,,1,0.9592476489028212,0.0,,20,50,30,0.9498432601880876,-0.9404388714733591,"20,30,40,50","1,2,3,4,5,10",50,-0.9404388714733591,nonpositive_decline,0.0,0.0,0.0,0.0,0.0,0.0,-0.31347962382444194,-0.9404388714733591,-0.9404388714733591,-0.9404388714733591
shuttle,multiclass,0.9994827586206896,7,0,0,10,,,1,0.9994827586206896,0.0,,,,1,0.9994827586206896,0.0,,"1,2,3,4,5,10,20,30,40,50",50,0.0,all_steps_flat,0.0,0.0,0.0,0.0,0.0,0.0,0.0,0.0,0.0,0.0
spambase,binclass,0.9598262757871878,2,0,7,3,,,1,0.9598262757871878,0.0,,3,50,50,0.9511400651465798,-0.8686210640608039,"3,4,5,10,30,40,50","1,2,20",50,-0.8686210640608039,nonpositive_decline,0.0,0.0,-0.10857763300760048,-0.10857763300760048,-0.21715526601520097,-0.10857763300760048,0.0,-0.43431053203040193,-0.6514657980456029,-0.8686210640608039
splice,multiclass,0.9561128526645768,3,8,0,2,3,50,30,0.962382445141066,0.6269592476489172,"3,4,5,10,20,30,40,50",,,1,0.9561128526645768,0.0,,"1,2",50,0.6269592476489172,nonnegative_gain,0.0,0.0,0.15673981191222097,0.31347962382444194,0.31347962382444194,0.31347962382444194,0.31347962382444194,0.6269592476489172,0.6269592476489172,0.6269592476489172
sports_articles_for_objectivity_analysis,binclass,0.855,2,0,3,7,,,1,0.855,0.0,,30,50,50,0.835,-2.0000000000000018,"30,40,50","1,2,3,4,5,10,20",50,-2.0000000000000018,nonpositive_decline,0.0,0.0,0.0,0.0,0.0,0.0,0.0,-1.5000000000000013,-1.5000000000000013,-2.0000000000000018
statlog,binclass,0.745,2,0,4,6,,,1,0.745,0.0,,10,40,10,0.735,-1.0000000000000009,"10,20,30,40","1,2,3,4,5,50",50,0.0,nonpositive_decline,0.0,0.0,0.0,0.0,0.0,-1.0000000000000009,-1.0000000000000009,-1.0000000000000009,-0.5000000000000004,0.0
steel_plates_faults,multiclass,0.8380462724935732,7,0,0,10,,,1,0.8380462724935732,0.0,,,,1,0.8380462724935732,0.0,,"1,2,3,4,5,10,20,30,40,50",50,0.0,all_steps_flat,0.0,0.0,0.0,0.0,0.0,0.0,0.0,0.0,0.0,0.0
sylvine,binclass,0.9707317073170731,2,0,1,9,,,1,0.9707317073170731,0.0,,50,50,50,0.9697560975609756,-0.09756097560975618,50,"1,2,3,4,5,10,20,30,40",50,-0.09756097560975618,nonpositive_decline,0.0,0.0,0.0,0.0,0.0,0.0,0.0,0.0,0.0,-0.09756097560975618
taiwanese_bankruptcy_prediction,binclass,0.9706744868035192,2,5,0,5,10,50,10,0.9721407624633432,0.14662756598240456,"10,20,30,40,50",,,1,0.9706744868035192,0.0,,"1,2,3,4,5",50,0.07331378299120228,nonnegative_gain,0.0,0.0,0.0,0.0,0.0,0.14662756598240456,0.14662756598240456,0.14662756598240456,0.14662756598240456,0.07331378299120228
telco-customer-churn,binclass,0.8048261178140526,2,3,4,3,1,50,50,0.8069552874378992,0.21291696238466828,"1,40,50",2,30,30,0.8034066713981547,-0.14194464158978626,"2,3,4,30","5,10,20",50,0.21291696238466828,mixed_recovered_to_gain,0.07097232079488203,-0.07097232079489313,-0.07097232079489313,-0.07097232079489313,0.0,0.0,0.0,-0.14194464158978626,0.14194464158977516,0.21291696238466828
texture,multiclass,1.0,11,0,0,10,,,1,1.0,0.0,,,,1,1.0,0.0,,"1,2,3,4,5,10,20,30,40,50",50,0.0,all_steps_flat,0.0,0.0,0.0,0.0,0.0,0.0,0.0,0.0,0.0,0.0
thyroid,multiclass,0.99375,3,0,4,6,,,1,0.99375,0.0,,20,50,40,0.9916666666666668,-0.2083333333333215,"20,30,40,50","1,2,3,4,5,10",50,-0.2083333333333215,nonpositive_decline,0.0,0.0,0.0,0.0,0.0,0.0,-0.1388888888888773,-0.1388888888888773,-0.2083333333333215,-0.2083333333333215
thyroid-ann,multiclass,0.9880794701986756,3,10,0,0,1,50,40,0.9933774834437086,0.5298013245032984,"1,2,3,4,5,10,20,30,40,50",,,1,0.9894039735099338,0.13245033112582183,,,50,0.5298013245032984,all_steps_up,0.13245033112582183,0.13245033112582183,0.13245033112582183,0.13245033112582183,0.13245033112582183,0.13245033112582183,0.26490066225164366,0.26490066225164366,0.5298013245032984,0.5298013245032984
thyroid-dis,multiclass,0.6910714285714286,5,7,0,3,4,50,20,0.6964285714285714,0.5357142857142838,"4,5,10,20,30,40,50",,,1,0.6910714285714286,0.0,,"1,2,3",50,0.17857142857142794,nonnegative_gain,0.0,0.0,0.0,0.17857142857142794,0.17857142857142794,0.3571428571428559,0.5357142857142838,0.5357142857142838,0.17857142857142794,0.17857142857142794
turiye_student_evaluation,multiclass,0.5223367697594502,5,5,4,1,10,50,50,0.5352233676975945,1.2886597938144284,"10,20,30,40,50",1,5,4,0.520618556701031,-0.1718213058419238,"1,3,4,5",2,50,1.2886597938144284,mixed_recovered_to_gain,-0.0859106529209619,0.0,-0.0859106529209619,-0.1718213058419238,-0.0859106529209619,0.3436426116838476,0.3436426116838476,0.773195876288657,0.6872852233676952,1.2886597938144284
twonorm,binclass,0.979054054054054,2,2,2,6,20,30,20,0.9797297297297296,0.06756756756756133,"20,30",5,10,5,0.9783783783783784,-0.06756756756756133,"5,10","1,2,3,4,40,50",50,0.0,mixed_ended_flat,0.0,0.0,0.0,0.0,-0.06756756756756133,-0.06756756756756133,0.06756756756756133,0.06756756756756133,0.0,0.0
vehicle,multiclass,0.8588235294117647,4,3,0,7,30,50,30,0.8647058823529412,0.5882352941176561,"30,40,50",,,1,0.8588235294117647,0.0,,"1,2,3,4,5,10,20",50,0.5882352941176561,nonnegative_gain,0.0,0.0,0.0,0.0,0.0,0.0,0.0,0.5882352941176561,0.5882352941176561,0.5882352941176561
volkert,multiclass,0.7337506431143886,10,0,0,10,,,1,0.7337506431143886,0.0,,,,1,0.7337506431143886,0.0,,"1,2,3,4,5,10,20,30,40,50",50,0.0,all_steps_flat,0.0,0.0,0.0,0.0,0.0,0.0,0.0,0.0,0.0,0.0
walking-activity,multiclass,0.6641443733886898,22,0,0,10,,,1,0.6641443733886898,0.0,,,,1,0.6641443733886898,0.0,,"1,2,3,4,5,10,20,30,40,50",50,0.0,all_steps_flat,0.0,0.0,0.0,0.0,0.0,0.0,0.0,0.0,0.0,0.0
wall-robot-navigation,multiclass,0.9862637362637364,4,6,0,4,4,50,40,0.98992673992674,0.3663003663003539,"4,5,20,30,40,50",,,1,0.9862637362637364,0.0,,"1,2,3,10",50,0.3663003663003539,nonnegative_gain,0.0,0.0,0.0,0.09157509157508015,0.09157509157508015,0.0,0.27472527472526265,0.27472527472526265,0.3663003663003539,0.3663003663003539
water_quality,binclass,0.908125,2,1,2,7,30,30,30,0.90875,0.06249999999999867,30,5,50,5,0.9075,-0.06249999999999867,"5,50","1,2,3,4,10,20,40",50,-0.06249999999999867,mixed_ended_in_decline,0.0,0.0,0.0,0.0,-0.06249999999999867,0.0,0.0,0.06249999999999867,0.0,-0.06249999999999867
waveform-5000,multiclass,0.866,3,8,0,2,3,50,20,0.873,0.7000000000000006,"3,4,5,10,20,30,40,50",,,1,0.866,0.0,,"1,2",50,0.20000000000000018,nonnegative_gain,0.0,0.0,0.10000000000000009,0.10000000000000009,0.20000000000000018,0.30000000000000027,0.7000000000000006,0.30000000000000027,0.10000000000000009,0.20000000000000018
waveform_database_generator,multiclass,0.356,3,4,4,2,1,50,1,0.36,0.40000000000000036,"1,2,3,50",4,40,4,0.353,-0.30000000000000027,"4,5,10,40","20,30",50,0.30000000000000027,mixed_recovered_to_gain,0.40000000000000036,0.40000000000000036,0.20000000000000018,-0.30000000000000027,-0.20000000000000018,-0.30000000000000027,0.0,0.0,-0.20000000000000018,0.30000000000000027
waveform_database_generator_version_1,multiclass,0.866,3,1,6,3,40,40,40,0.867,0.10000000000000009,40,3,50,50,0.863,-0.30000000000000027,"3,4,5,10,30,50","1,2,20",50,-0.30000000000000027,mixed_ended_in_decline,0.0,0.0,-0.10000000000000009,-0.10000000000000009,-0.10000000000000009,-0.10000000000000009,0.0,-0.20000000000000018,0.10000000000000009,-0.30000000000000027
website_phishing,multiclass,0.911439114391144,3,4,0,6,20,50,20,0.922509225092251,1.1070110701106972,"20,30,40,50",,,1,0.911439114391144,0.0,,"1,2,3,4,5,10",50,0.36900369003689537,nonnegative_gain,0.0,0.0,0.0,0.0,0.0,0.0,1.1070110701106972,0.36900369003689537,0.36900369003689537,0.36900369003689537
wine,binclass,0.7749510763209393,2,0,4,6,,,1,0.7749510763209393,0.0,,20,50,30,0.7710371819960861,-0.3913894324853229,"20,30,40,50","1,2,3,4,5,10",50,-0.3913894324853229,nonpositive_decline,0.0,0.0,0.0,0.0,0.0,0.0,-0.1956947162426559,-0.3913894324853229,-0.3913894324853229,-0.3913894324853229
wine-quality-red,multiclass,0.66875,6,1,4,5,3,3,3,0.671875,0.31250000000000444,3,1,40,1,0.665625,-0.31249999999999334,"1,2,30,40","4,5,10,20,50",50,0.0,mixed_ended_flat,-0.31249999999999334,-0.31249999999999334,0.31250000000000444,0.0,0.0,0.0,0.0,-0.31249999999999334,-0.31249999999999334,0.0
wine-quality-white,multiclass,0.6826530612244898,7,8,0,2,1,50,50,0.6887755102040817,0.612244897959191,"1,2,5,10,20,30,40,50",,,3,0.6826530612244898,0.0,,"3,4",50,0.612244897959191,nonnegative_gain,0.10204081632653184,0.10204081632653184,0.0,0.0,0.10204081632653184,0.10204081632653184,0.3061224489795955,0.40816326530612734,0.5102040816326592,0.612244897959191
yeast,multiclass,0.6296296296296297,10,0,8,2,,,40,0.6296296296296297,0.0,,1,30,5,0.6161616161616161,-1.3468013468013518,"1,2,3,4,5,10,20,30","40,50",50,0.0,nonpositive_decline,-1.0101010101010166,-1.0101010101010166,-1.0101010101010166,-1.0101010101010166,-1.3468013468013518,-0.6734006734006703,-0.33670033670033517,-0.33670033670033517,0.0,0.0
