dataset_name,acc_full,task_type,acc_step,step,delta,delta_pp,winner
ASP-POTASSCO-classification,0.4401544401544401,multiclass,0.4401544401544401,1,0.0,0.0,tie
Bank_Customer_Churn_Dataset,0.877,binclass,0.877,1,0.0,0.0,tie
Customer_Personality_Analysis,0.8839285714285714,binclass,0.8839285714285714,1,0.0,0.0,tie
Employee,0.8528464017185822,binclass,0.8528464017185822,1,0.0,0.0,tie
FOREX_cadjpy-day-High,0.7166212534059946,binclass,0.7166212534059946,1,0.0,0.0,tie
Fitness_Club_c,0.7866666666666666,binclass,0.7866666666666666,1,0.0,0.0,tie
Gender_Gap_in_Spanish_WP,0.6063157894736843,multiclass,0.6063157894736843,1,0.0,0.0,tie
IBM_HR_Analytics_Employee_Attrition_and_Performance,0.8639455782312925,binclass,0.8639455782312925,1,0.0,0.0,tie
JapaneseVowels,0.9989964877069744,multiclass,0.9989964877069744,1,0.0,0.0,tie
MagicTelescope,0.8848580441640379,binclass,0.8848580441640379,1,0.0,0.0,tie
National_Health_and_Nutrition_Health_Survey,0.8399122807017544,binclass,0.8399122807017544,1,0.0,0.0,tie
Pima_Indians_Diabetes_Database,0.7467532467532467,binclass,0.7467532467532467,1,0.0,0.0,tie
QSAR_biodegradation,0.8862559241706162,binclass,0.8862559241706162,1,0.0,0.0,tie
Satellite,0.9931372549019608,binclass,0.9931372549019608,1,0.0,0.0,tie
Water_Quality_and_Potability,0.6417682926829268,binclass,0.6417682926829268,1,0.0,0.0,tie
ada_prior,0.8411829134720701,binclass,0.8411829134720701,1,0.0,0.0,tie
allrep,0.9854304635761588,multiclass,0.9854304635761588,1,0.0,0.0,tie
autoUniv-au4-2500,0.522,multiclass,0.52,1,0.0020000000000000018,0.20000000000000018,full_training
banknote_authentication,0.5490909090909091,binclass,0.5490909090909091,1,0.0,0.0,tie
churn,0.952,binclass,0.952,1,0.0,0.0,tie
compass,0.8269750675878642,binclass,0.8266746770802043,1,0.00030039050765995334,0.030039050765995334,full_training
delta_ailerons,0.9509116409537168,binclass,0.9509116409537168,1,0.0,0.0,tie
drug_consumption,0.403183023872679,multiclass,0.403183023872679,1,0.0,0.0,tie
eye_movements_bin,0.6254927726675427,binclass,0.6248357424441524,1,0.0006570302233902536,0.06570302233902536,full_training
hill-valley,0.9300411522633744,binclass,0.9300411522633744,1,0.0,0.0,tie
ibm-employee-performance,1.0,binclass,1.0,1,0.0,0.0,tie
internet_usage,0.5296735905044511,multiclass,0.5296735905044511,1,0.0,0.0,tie
kc1,0.8815165876777251,binclass,0.8815165876777251,1,0.0,0.0,tie
kropt,0.852815395580898,multiclass,0.852815395580898,1,0.0,0.0,tie
letter,0.98625,multiclass,0.98625,1,0.0,0.0,tie
maternal_health_risk,0.8719211822660099,multiclass,0.8719211822660099,1,0.0,0.0,tie
mfeat-karhunen,0.975,multiclass,0.975,1,0.0,0.0,tie
mfeat-zernike,0.8525,multiclass,0.855,1,-0.0024999999999999467,-0.24999999999999467,icl_training
national-longitudinal-survey-binary,1.0,binclass,1.0,1,0.0,0.0,tie
one-hundred-plants-shape,0.8,multiclass,0.8,1,0.0,0.0,tie
optdigits,0.9955516014234876,multiclass,0.9955516014234876,1,0.0,0.0,tie
pc1,0.9414414414414416,binclass,0.9414414414414416,1,0.0,0.0,tie
pendigits,0.9972714870395636,multiclass,0.9972714870395636,1,0.0,0.0,tie
predict_students_dropout_and_academic_success,0.7638418079096045,multiclass,0.7638418079096045,1,0.0,0.0,tie
ringnorm,0.9797297297297296,binclass,0.9797297297297296,1,0.0,0.0,tie
segment,0.935064935064935,multiclass,0.935064935064935,1,0.0,0.0,tie
sports_articles_for_objectivity_analysis,0.855,binclass,0.855,1,0.0,0.0,tie
sylvine,0.9707317073170731,binclass,0.9707317073170731,1,0.0,0.0,tie
texture,1.0,multiclass,1.0,1,0.0,0.0,tie
thyroid-dis,0.6928571428571428,multiclass,0.6910714285714286,1,0.0017857142857142794,0.17857142857142794,full_training
vehicle,0.8588235294117647,multiclass,0.8588235294117647,1,0.0,0.0,tie
wall-robot-navigation,0.9862637362637364,multiclass,0.9862637362637364,1,0.0,0.0,tie
waveform_database_generator,0.358,multiclass,0.36,1,-0.0020000000000000018,-0.20000000000000018,icl_training
wine,0.7749510763209393,binclass,0.7749510763209393,1,0.0,0.0,tie
yeast,0.622895622895623,multiclass,0.6195286195286195,1,0.0033670033670034627,0.33670033670034627,full_training
Amazon_employee_access,0.9443088190418064,binclass,0.9443088190418064,1,0.0,0.0,tie
Basketball_c,0.7126865671641791,binclass,0.7126865671641791,1,0.0,0.0,tie
Click_prediction_small,0.8319148936170213,binclass,0.8319148936170213,1,0.0,0.0,tie
Diabetic_Retinopathy_Debrecen,0.7489177489177489,binclass,0.7489177489177489,1,0.0,0.0,tie
FICO-HELOC-cleaned,0.7448101265822785,binclass,0.7448101265822785,1,0.0,0.0,tie
FOREX_audchf-day-High,0.7574931880108992,binclass,0.7574931880108992,1,0.0,0.0,tie
GAMETES_Epistasis_2-Way_20atts_0.1H_EDM-1_1,0.66875,binclass,0.66875,1,0.0,0.0,tie
GesturePhaseSegmentationProcessed,0.789873417721519,multiclass,0.789873417721519,1,0.0,0.0,tie
KDDCup09_upselling,0.8118908382066277,binclass,0.8118908382066277,1,0.0,0.0,tie
Marketing_Campaign,0.890625,binclass,0.890625,1,0.0,0.0,tie
PhishingWebsites,0.9796472184531886,binclass,0.9796472184531886,1,0.0,0.0,tie
PizzaCutter3,0.8803827751196173,binclass,0.8803827751196173,1,0.0,0.0,tie
Telecom_Churn_Dataset,0.9550224887556222,binclass,0.9550224887556222,1,0.0,0.0,tie
Wilt,0.9927461139896372,binclass,0.9927461139896372,1,0.0,0.0,tie
ada,0.846987951807229,binclass,0.8481927710843373,1,-0.00120481927710836,-0.12048192771083599,icl_training
airlines_seed_0_nrows_2000_nclasses_10_ncols_100_stratify_True,0.605,binclass,0.605,1,0.0,0.0,tie
analcatdata_authorship,0.9881656804733728,multiclass,0.9881656804733728,1,0.0,0.0,tie
autoUniv-au7-1100,0.4045454545454545,multiclass,0.4045454545454545,1,0.0,0.0,tie
baseball,0.9477611940298508,multiclass,0.9477611940298508,1,0.0,0.0,tie
cmc,0.5898305084745763,multiclass,0.5898305084745763,1,0.0,0.0,tie
contraceptive_method_choice,0.6271186440677966,multiclass,0.6271186440677966,1,0.0,0.0,tie
dis,0.9841059602649008,binclass,0.9841059602649008,1,0.0,0.0,tie
dry_bean_dataset,0.927653323540213,multiclass,0.927653323540213,1,0.0,0.0,tie
estimation_of_obesity_levels,0.9858156028368794,multiclass,0.9858156028368794,1,0.0,0.0,tie
first-order-theorem-proving,0.6372549019607843,multiclass,0.636437908496732,1,0.0008169934640522847,0.08169934640522847,full_training
golf_play_dataset_extended,0.9360730593607306,binclass,0.9360730593607306,1,0.0,0.0,tie
house_16H,0.890659747961453,binclass,0.8902891030392883,1,0.0003706449221646535,0.03706449221646535,full_training
in_vehicle_coupon_recommendation,0.793062672447773,binclass,0.7934568387859677,1,-0.0003941663381947791,-0.03941663381947791,icl_training
jm1,0.8213137344970143,binclass,0.8213137344970143,1,0.0,0.0,tie
kdd_ipums_la_97-small,0.8882466281310212,binclass,0.8882466281310212,1,0.0,0.0,tie
led24,0.734375,multiclass,0.734375,1,0.0,0.0,tie
mfeat-factors,0.975,multiclass,0.975,1,0.0,0.0,tie
mfeat-morphological,0.76,multiclass,0.76,1,0.0,0.0,tie
mice_protein_expression,1.0,multiclass,1.0,1,0.0,0.0,tie
mozilla4,0.9401736892891605,binclass,0.9401736892891605,1,0.0,0.0,tie
okcupid_stem,0.7477511244377811,multiclass,0.7475637181409296,1,0.00018740629685154442,0.018740629685154442,full_training
one-hundred-plants-texture,0.91875,multiclass,0.91875,1,0.0,0.0,tie
ozone-level-8hr,0.9566074950690336,binclass,0.9566074950690336,1,0.0,0.0,tie
pc3,0.9009584664536742,binclass,0.9009584664536742,1,0.0,0.0,tie
phoneme,0.902867715078631,binclass,0.902867715078631,1,0.0,0.0,tie
qsar,0.90521327014218,binclass,0.90521327014218,1,0.0,0.0,tie
rl,0.8541247484909457,binclass,0.8541247484909457,1,0.0,0.0,tie
seismic+bumps,0.9342359767891684,binclass,0.9342359767891684,1,0.0,0.0,tie
spambase,0.9587404994571118,binclass,0.9598262757871878,1,-0.0010857763300760048,-0.10857763300760048,icl_training
statlog,0.745,binclass,0.745,1,0.0,0.0,tie
taiwanese_bankruptcy_prediction,0.9706744868035192,binclass,0.9706744868035192,1,0.0,0.0,tie
thyroid,0.99375,multiclass,0.99375,1,0.0,0.0,tie
turiye_student_evaluation,0.5223367697594502,multiclass,0.5214776632302406,1,0.0008591065292096189,0.0859106529209619,full_training
volkert,0.7337506431143886,multiclass,0.7337506431143886,1,0.0,0.0,tie
water_quality,0.908125,binclass,0.908125,1,0.0,0.0,tie
waveform_database_generator_version_1,0.866,multiclass,0.866,1,0.0,0.0,tie
wine-quality-red,0.665625,multiclass,0.665625,1,0.0,0.0,tie
BLE_RSSI_dataset_for_Indoor_localization,0.7401101652478718,multiclass,0.7406109163745619,1,-0.0005007511266901243,-0.050075112669012434,icl_training
California-Housing-Classification,0.9125484496124032,binclass,0.9127906976744186,1,-0.00024224806201533777,-0.024224806201533777,icl_training
E-CommereShippingData,0.6781818181818182,binclass,0.6781818181818182,1,0.0,0.0,tie
FOREX_audcad-day-High,0.7438692098092643,binclass,0.7438692098092643,1,0.0,0.0,tie
FOREX_audjpy-day-High,0.7656675749318801,binclass,0.7656675749318801,1,0.0,0.0,tie
Firm-Teacher_Clave-Direction_Classification,0.8787037037037037,multiclass,0.8777777777777778,1,0.0009259259259258856,0.09259259259258856,full_training
GAMETES_Heterogeneity_20atts_1600_Het_0.4_0.2_50_EDM-2_001,0.68125,binclass,0.68125,1,0.0,0.0,tie
HR_Analytics_Job_Change_of_Data_Scientists,0.7995824634655533,binclass,0.7995824634655533,1,0.0,0.0,tie
MIC,0.9090909090909092,binclass,0.9090909090909092,1,0.0,0.0,tie
Mobile_Price_Classification,0.94,multiclass,0.94,1,0.0,0.0,tie
PieChart3,0.8703703703703703,binclass,0.8703703703703703,1,0.0,0.0,tie
Pumpkin_Seeds,0.872,binclass,0.872,1,0.0,0.0,tie
UJI_Pen_Characters,0.5421245421245421,multiclass,0.5421245421245421,1,0.0,0.0,tie
abalone,0.65311004784689,multiclass,0.6519138755980861,1,0.0011961722488038617,0.11961722488038617,full_training
ada_agnostic,0.8400876232201533,binclass,0.8400876232201533,1,0.0,0.0,tie
allbp,0.9788079470198676,multiclass,0.9788079470198676,1,0.0,0.0,tie
artificial-characters,0.8639921722113503,multiclass,0.8644814090019569,1,-0.0004892367906066397,-0.04892367906066397,icl_training
car-evaluation,0.976878612716763,multiclass,0.976878612716763,1,0.0,0.0,tie
company_bankruptcy_prediction,0.9714076246334312,binclass,0.9706744868035192,1,0.0007331378299120228,0.07331378299120228,full_training
credit,0.7831289261142687,binclass,0.7828297935985642,1,0.00029913251570445887,0.029913251570445887,full_training
dna,0.963949843260188,multiclass,0.9655172413793104,1,-0.0015673981191224318,-0.15673981191224318,icl_training
eeg-eye-state,0.9913217623497996,binclass,0.9913217623497996,1,0.0,0.0,tie
eye_movements,0.7161791590493601,multiclass,0.7161791590493601,1,0.0,0.0,tie
heloc,0.7255,binclass,0.7255,1,0.0,0.0,tie
htru,0.9793296089385476,binclass,0.9793296089385476,1,0.0,0.0,tie
kr-vs-k,0.8508553100498931,multiclass,0.8508553100498931,1,0.0,0.0,tie
led7,0.7375,multiclass,0.7375,1,0.0,0.0,tie
mammography,0.9888243182834152,binclass,0.9888243182834152,1,0.0,0.0,tie
mfeat-fourier,0.8875,multiclass,0.8875,1,0.0,0.0,tie
mfeat-pixel,0.975,multiclass,0.975,1,0.0,0.0,tie
microaggregation2,0.64075,multiclass,0.64025,1,0.000500000000000056,0.050000000000005596,full_training
one-hundred-plants-margin,0.909375,multiclass,0.909375,1,0.0,0.0,tie
online_shoppers,0.9042984590429846,binclass,0.9042984590429846,1,0.0,0.0,tie
page-blocks,0.9789954337899544,multiclass,0.9789954337899544,1,0.0,0.0,tie
pc4,0.9143835616438356,binclass,0.9143835616438356,1,0.0,0.0,tie
pol,0.983143282102132,binclass,0.983143282102132,1,0.0,0.0,tie
rice_cammeo_and_osmancik,0.9291338582677166,binclass,0.9291338582677166,1,0.0,0.0,tie
satimage,0.9315707620528773,multiclass,0.9315707620528773,1,0.0,0.0,tie
semeion,0.9592476489028212,multiclass,0.9592476489028212,1,0.0,0.0,tie
splice,0.9561128526645768,multiclass,0.9561128526645768,1,0.0,0.0,tie
steel_plates_faults,0.8380462724935732,multiclass,0.8380462724935732,1,0.0,0.0,tie
telco-customer-churn,0.8055358410220014,binclass,0.8055358410220014,1,0.0,0.0,tie
thyroid-ann,0.9894039735099338,multiclass,0.9894039735099338,1,0.0,0.0,tie
twonorm,0.979054054054054,binclass,0.979054054054054,1,0.0,0.0,tie
walking-activity,0.6641443733886898,multiclass,0.6641443733886898,1,0.0,0.0,tie
waveform-5000,0.866,multiclass,0.866,1,0.0,0.0,tie
website_phishing,0.911439114391144,multiclass,0.911439114391144,1,0.0,0.0,tie
wine-quality-white,0.6836734693877551,multiclass,0.6836734693877551,1,0.0,0.0,tie
ASP-POTASSCO-classification,0.4401544401544401,multiclass,0.4401544401544401,10,0.0,0.0,tie
Bank_Customer_Churn_Dataset,0.877,binclass,0.8775,10,-0.0004999999999999449,-0.04999999999999449,icl_training
Customer_Personality_Analysis,0.8839285714285714,binclass,0.8839285714285714,10,0.0,0.0,tie
Employee,0.8517722878625135,binclass,0.8517722878625135,10,0.0,0.0,tie
FOREX_cadjpy-day-High,0.7138964577656676,binclass,0.7084468664850136,10,0.00544959128065392,0.544959128065392,full_training
Fitness_Club_c,0.7933333333333333,binclass,0.7933333333333333,10,0.0,0.0,tie
Gender_Gap_in_Spanish_WP,0.6105263157894737,multiclass,0.608421052631579,10,0.002105263157894721,0.21052631578947212,full_training
IBM_HR_Analytics_Employee_Attrition_and_Performance,0.8639455782312925,binclass,0.8639455782312925,10,0.0,0.0,tie
JapaneseVowels,0.9989964877069744,multiclass,0.9989964877069744,10,0.0,0.0,tie
MagicTelescope,0.8830178759200841,binclass,0.8832807570977917,10,-0.0002628811777076745,-0.02628811777076745,icl_training
National_Health_and_Nutrition_Health_Survey,0.8377192982456141,binclass,0.8377192982456141,10,0.0,0.0,tie
Pima_Indians_Diabetes_Database,0.7467532467532467,binclass,0.7467532467532467,10,0.0,0.0,tie
QSAR_biodegradation,0.8767772511848341,binclass,0.8909952606635071,10,-0.014218009478673022,-1.4218009478673022,icl_training
Satellite,0.9931372549019608,binclass,0.9931372549019608,10,0.0,0.0,tie
Water_Quality_and_Potability,0.6402439024390244,binclass,0.6417682926829268,10,-0.0015243902439023849,-0.1524390243902385,icl_training
ada_prior,0.8411829134720701,binclass,0.8400876232201533,10,0.0010952902519167917,0.10952902519167917,full_training
allrep,0.9854304635761588,multiclass,0.9854304635761588,10,0.0,0.0,tie
autoUniv-au4-2500,0.522,multiclass,0.522,10,0.0,0.0,tie
banknote_authentication,0.5490909090909091,binclass,0.5490909090909091,10,0.0,0.0,tie
churn,0.953,binclass,0.953,10,0.0,0.0,tie
compass,0.8344848302793632,binclass,0.8347852207870231,10,-0.00030039050765995334,-0.030039050765995334,icl_training
delta_ailerons,0.9523141654978962,binclass,0.9516129032258064,10,0.0007012622720897754,0.07012622720897754,full_training
drug_consumption,0.403183023872679,multiclass,0.403183023872679,10,0.0,0.0,tie
eye_movements_bin,0.6281208935611038,binclass,0.6281208935611038,10,0.0,0.0,tie
hill-valley,0.925925925925926,binclass,0.9300411522633744,10,-0.004115226337448319,-0.4115226337448319,icl_training
ibm-employee-performance,1.0,binclass,1.0,10,0.0,0.0,tie
internet_usage,0.5296735905044511,multiclass,0.5296735905044511,10,0.0,0.0,tie
kc1,0.8815165876777251,binclass,0.8815165876777251,10,0.0,0.0,tie
kropt,0.852815395580898,multiclass,0.852815395580898,10,0.0,0.0,tie
letter,0.98625,multiclass,0.98625,10,0.0,0.0,tie
maternal_health_risk,0.8719211822660099,multiclass,0.8719211822660099,10,0.0,0.0,tie
mfeat-karhunen,0.975,multiclass,0.975,10,0.0,0.0,tie
mfeat-zernike,0.8625,multiclass,0.8625,10,0.0,0.0,tie
national-longitudinal-survey-binary,1.0,binclass,1.0,10,0.0,0.0,tie
one-hundred-plants-shape,0.8,multiclass,0.8,10,0.0,0.0,tie
optdigits,0.99644128113879,multiclass,0.9955516014234876,10,0.000889679715302405,0.0889679715302405,full_training
pc1,0.945945945945946,binclass,0.945945945945946,10,0.0,0.0,tie
pendigits,0.9972714870395636,multiclass,0.9972714870395636,10,0.0,0.0,tie
predict_students_dropout_and_academic_success,0.7627118644067796,multiclass,0.7627118644067796,10,0.0,0.0,tie
ringnorm,0.9797297297297296,binclass,0.9797297297297296,10,0.0,0.0,tie
segment,0.935064935064935,multiclass,0.935064935064935,10,0.0,0.0,tie
sports_articles_for_objectivity_analysis,0.855,binclass,0.855,10,0.0,0.0,tie
sylvine,0.9707317073170731,binclass,0.9707317073170731,10,0.0,0.0,tie
texture,1.0,multiclass,1.0,10,0.0,0.0,tie
thyroid-dis,0.6946428571428571,multiclass,0.6946428571428571,10,0.0,0.0,tie
vehicle,0.8588235294117647,multiclass,0.8588235294117647,10,0.0,0.0,tie
wall-robot-navigation,0.9862637362637364,multiclass,0.9862637362637364,10,0.0,0.0,tie
waveform_database_generator,0.35,multiclass,0.353,10,-0.0030000000000000027,-0.30000000000000027,icl_training
wine,0.7749510763209393,binclass,0.7749510763209393,10,0.0,0.0,tie
yeast,0.622895622895623,multiclass,0.622895622895623,10,0.0,0.0,tie
Amazon_employee_access,0.9441562404638388,binclass,0.9441562404638388,10,0.0,0.0,tie
Basketball_c,0.7089552238805971,binclass,0.7089552238805971,10,0.0,0.0,tie
Click_prediction_small,0.8317897371714643,binclass,0.8317897371714643,10,0.0,0.0,tie
Diabetic_Retinopathy_Debrecen,0.7532467532467533,binclass,0.7489177489177489,10,0.0043290043290044045,0.43290043290044045,full_training
FICO-HELOC-cleaned,0.7448101265822785,binclass,0.7437974683544304,10,0.0010126582278481289,0.10126582278481289,full_training
FOREX_audchf-day-High,0.7438692098092643,binclass,0.7384196185286104,10,0.00544959128065392,0.544959128065392,full_training
GAMETES_Epistasis_2-Way_20atts_0.1H_EDM-1_1,0.66875,binclass,0.66875,10,0.0,0.0,tie
GesturePhaseSegmentationProcessed,0.7964556962025316,multiclass,0.7939240506329114,10,0.0025316455696202667,0.25316455696202667,full_training
KDDCup09_upselling,0.8138401559454191,binclass,0.8138401559454191,10,0.0,0.0,tie
Marketing_Campaign,0.890625,binclass,0.890625,10,0.0,0.0,tie
PhishingWebsites,0.9800995024875622,binclass,0.9800995024875622,10,0.0,0.0,tie
PizzaCutter3,0.8803827751196173,binclass,0.8803827751196173,10,0.0,0.0,tie
Telecom_Churn_Dataset,0.9550224887556222,binclass,0.9550224887556222,10,0.0,0.0,tie
Wilt,0.9927461139896372,binclass,0.9927461139896372,10,0.0,0.0,tie
ada,0.846987951807229,binclass,0.846987951807229,10,0.0,0.0,tie
airlines_seed_0_nrows_2000_nclasses_10_ncols_100_stratify_True,0.6125,binclass,0.61,10,0.0025000000000000577,0.2500000000000058,full_training
analcatdata_authorship,0.9881656804733728,multiclass,0.9881656804733728,10,0.0,0.0,tie
autoUniv-au7-1100,0.4045454545454545,multiclass,0.4045454545454545,10,0.0,0.0,tie
baseball,0.9477611940298508,multiclass,0.9477611940298508,10,0.0,0.0,tie
cmc,0.5898305084745763,multiclass,0.5864406779661017,10,0.003389830508474634,0.3389830508474634,full_training
contraceptive_method_choice,0.6305084745762712,multiclass,0.6237288135593221,10,0.006779661016949157,0.6779661016949157,full_training
dis,0.9827814569536424,binclass,0.9841059602649008,10,-0.0013245033112584403,-0.13245033112584403,icl_training
dry_bean_dataset,0.9265515975027544,multiclass,0.9265515975027544,10,0.0,0.0,tie
estimation_of_obesity_levels,0.983451536643026,multiclass,0.983451536643026,10,0.0,0.0,tie
first-order-theorem-proving,0.6331699346405228,multiclass,0.636437908496732,10,-0.0032679738562091387,-0.32679738562091387,icl_training
golf_play_dataset_extended,0.9360730593607306,binclass,0.9360730593607306,10,0.0,0.0,tie
house_16H,0.8884358784284655,binclass,0.8902891030392883,10,-0.0018532246108228234,-0.18532246108228234,icl_training
in_vehicle_coupon_recommendation,0.7950335041387465,binclass,0.795821836815136,10,-0.0007883326763894472,-0.07883326763894472,icl_training
jm1,0.8203950390445567,binclass,0.8203950390445567,10,0.0,0.0,tie
kdd_ipums_la_97-small,0.8863198458574181,binclass,0.8863198458574181,10,0.0,0.0,tie
led24,0.7328125,multiclass,0.7328125,10,0.0,0.0,tie
mfeat-factors,0.9725,multiclass,0.9725,10,0.0,0.0,tie
mfeat-morphological,0.7575,multiclass,0.755,10,0.0024999999999999467,0.24999999999999467,full_training
mice_protein_expression,1.0,multiclass,1.0,10,0.0,0.0,tie
mozilla4,0.9404953361209392,binclass,0.940816982952718,10,-0.00032164683177882125,-0.032164683177882125,icl_training
okcupid_stem,0.7481259370314842,multiclass,0.7477511244377811,10,0.00037481259370308884,0.037481259370308884,full_training
one-hundred-plants-texture,0.91875,multiclass,0.91875,10,0.0,0.0,tie
ozone-level-8hr,0.9566074950690336,binclass,0.9566074950690336,10,0.0,0.0,tie
pc3,0.9009584664536742,binclass,0.9009584664536742,10,0.0,0.0,tie
phoneme,0.901017576318224,binclass,0.9019426456984274,10,-0.0009250693802034249,-0.09250693802034249,icl_training
qsar,0.90521327014218,binclass,0.90521327014218,10,0.0,0.0,tie
rl,0.852112676056338,binclass,0.8541247484909457,10,-0.002012072434607659,-0.2012072434607659,icl_training
seismic+bumps,0.9342359767891684,binclass,0.9342359767891684,10,0.0,0.0,tie
spambase,0.9609120521172638,binclass,0.9587404994571118,10,0.0021715526601520097,0.21715526601520097,full_training
statlog,0.735,binclass,0.735,10,0.0,0.0,tie
taiwanese_bankruptcy_prediction,0.9721407624633432,binclass,0.9721407624633432,10,0.0,0.0,tie
thyroid,0.9930555555555556,multiclass,0.99375,10,-0.000694444444444442,-0.0694444444444442,icl_training
turiye_student_evaluation,0.5249140893470791,multiclass,0.5257731958762887,10,-0.0008591065292096189,-0.0859106529209619,icl_training
volkert,0.7337506431143886,multiclass,0.7337506431143886,10,0.0,0.0,tie
water_quality,0.908125,binclass,0.908125,10,0.0,0.0,tie
waveform_database_generator_version_1,0.865,multiclass,0.865,10,0.0,0.0,tie
wine-quality-red,0.66875,multiclass,0.66875,10,0.0,0.0,tie
BLE_RSSI_dataset_for_Indoor_localization,0.7386079118678017,multiclass,0.7391086629944917,10,-0.0005007511266900133,-0.05007511266900133,icl_training
California-Housing-Classification,0.913032945736434,binclass,0.913032945736434,10,0.0,0.0,tie
E-CommereShippingData,0.6763636363636364,binclass,0.6759090909090909,10,0.00045454545454548523,0.04545454545454852,full_training
FOREX_audcad-day-High,0.7411444141689373,binclass,0.7411444141689373,10,0.0,0.0,tie
FOREX_audjpy-day-High,0.771117166212534,binclass,0.771117166212534,10,0.0,0.0,tie
Firm-Teacher_Clave-Direction_Classification,0.8777777777777778,multiclass,0.8768518518518519,10,0.0009259259259258856,0.09259259259258856,full_training
GAMETES_Heterogeneity_20atts_1600_Het_0.4_0.2_50_EDM-2_001,0.68125,binclass,0.68125,10,0.0,0.0,tie
HR_Analytics_Job_Change_of_Data_Scientists,0.7995824634655533,binclass,0.8001043841336117,10,-0.0005219206680584509,-0.052192066805845094,icl_training
MIC,0.9090909090909092,binclass,0.9090909090909092,10,0.0,0.0,tie
Mobile_Price_Classification,0.94,multiclass,0.94,10,0.0,0.0,tie
PieChart3,0.8796296296296297,binclass,0.875,10,0.00462962962962965,0.462962962962965,full_training
Pumpkin_Seeds,0.874,binclass,0.874,10,0.0,0.0,tie
UJI_Pen_Characters,0.5421245421245421,multiclass,0.5421245421245421,10,0.0,0.0,tie
abalone,0.6495215311004785,multiclass,0.65311004784689,10,-0.0035885167464114742,-0.3588516746411474,icl_training
ada_agnostic,0.8400876232201533,binclass,0.8400876232201533,10,0.0,0.0,tie
allbp,0.9788079470198676,multiclass,0.9788079470198676,10,0.0,0.0,tie
artificial-characters,0.8732876712328768,multiclass,0.8708414872798435,10,0.0024461839530333096,0.24461839530333096,full_training
car-evaluation,0.9826589595375722,multiclass,0.9826589595375722,10,0.0,0.0,tie
company_bankruptcy_prediction,0.9714076246334312,binclass,0.9714076246334312,10,0.0,0.0,tie
credit,0.7828297935985642,binclass,0.784026323661382,10,-0.0011965300628178355,-0.11965300628178355,icl_training
dna,0.963949843260188,multiclass,0.9655172413793104,10,-0.0015673981191224318,-0.15673981191224318,icl_training
eeg-eye-state,0.9913217623497996,binclass,0.9913217623497996,10,0.0,0.0,tie
eye_movements,0.7175502742230347,multiclass,0.7193784277879341,10,-0.001828153564899404,-0.1828153564899404,icl_training
heloc,0.725,binclass,0.725,10,0.0,0.0,tie
htru,0.979608938547486,binclass,0.979608938547486,10,0.0,0.0,tie
kr-vs-k,0.8508553100498931,multiclass,0.8508553100498931,10,0.0,0.0,tie
led7,0.740625,multiclass,0.740625,10,0.0,0.0,tie
mammography,0.9892713455520786,binclass,0.9888243182834152,10,0.0004470272686634136,0.04470272686634136,full_training
mfeat-fourier,0.8925,multiclass,0.895,10,-0.0025000000000000577,-0.2500000000000058,icl_training
mfeat-pixel,0.975,multiclass,0.975,10,0.0,0.0,tie
microaggregation2,0.63925,multiclass,0.6395,10,-0.00024999999999997247,-0.024999999999997247,icl_training
one-hundred-plants-margin,0.909375,multiclass,0.909375,10,0.0,0.0,tie
online_shoppers,0.90551500405515,binclass,0.9047039740470396,10,0.0008110300081103361,0.08110300081103361,full_training
page-blocks,0.9789954337899544,multiclass,0.9789954337899544,10,0.0,0.0,tie
pc4,0.9143835616438356,binclass,0.9143835616438356,10,0.0,0.0,tie
pol,0.9826474962816064,binclass,0.9836390679226574,10,-0.0009915716410510145,-0.09915716410510145,icl_training
rice_cammeo_and_osmancik,0.9291338582677166,binclass,0.9291338582677166,10,0.0,0.0,tie
satimage,0.93701399688958,multiclass,0.937791601866252,10,-0.0007776049766720083,-0.07776049766720083,icl_training
semeion,0.9592476489028212,multiclass,0.9592476489028212,10,0.0,0.0,tie
splice,0.9592476489028212,multiclass,0.9592476489028212,10,0.0,0.0,tie
steel_plates_faults,0.8380462724935732,multiclass,0.8380462724935732,10,0.0,0.0,tie
telco-customer-churn,0.8062455642299503,binclass,0.8048261178140526,10,0.0014194464158977516,0.14194464158977516,full_training
thyroid-ann,0.9894039735099338,multiclass,0.9894039735099338,10,0.0,0.0,tie
twonorm,0.9783783783783784,binclass,0.9783783783783784,10,0.0,0.0,tie
walking-activity,0.6641443733886898,multiclass,0.6641443733886898,10,0.0,0.0,tie
waveform-5000,0.87,multiclass,0.869,10,0.0010000000000000009,0.10000000000000009,full_training
website_phishing,0.911439114391144,multiclass,0.911439114391144,10,0.0,0.0,tie
wine-quality-white,0.6836734693877551,multiclass,0.6836734693877551,10,0.0,0.0,tie
ASP-POTASSCO-classification,0.4401544401544401,multiclass,0.4401544401544401,20,0.0,0.0,tie
Bank_Customer_Churn_Dataset,0.877,binclass,0.876,20,0.0010000000000000009,0.10000000000000009,full_training
Customer_Personality_Analysis,0.8839285714285714,binclass,0.8839285714285714,20,0.0,0.0,tie
Employee,0.849624060150376,binclass,0.849624060150376,20,0.0,0.0,tie
FOREX_cadjpy-day-High,0.7275204359673024,binclass,0.7193460490463215,20,0.008174386920980936,0.8174386920980936,full_training
Fitness_Club_c,0.7933333333333333,binclass,0.7933333333333333,20,0.0,0.0,tie
Gender_Gap_in_Spanish_WP,0.6094736842105263,multiclass,0.6094736842105263,20,0.0,0.0,tie
IBM_HR_Analytics_Employee_Attrition_and_Performance,0.8639455782312925,binclass,0.8639455782312925,20,0.0,0.0,tie
JapaneseVowels,0.9989964877069744,multiclass,0.9989964877069744,20,0.0,0.0,tie
MagicTelescope,0.8840694006309149,binclass,0.8832807570977917,20,0.0007886435331231345,0.07886435331231345,full_training
National_Health_and_Nutrition_Health_Survey,0.8377192982456141,binclass,0.8377192982456141,20,0.0,0.0,tie
Pima_Indians_Diabetes_Database,0.7467532467532467,binclass,0.7467532467532467,20,0.0,0.0,tie
QSAR_biodegradation,0.8815165876777251,binclass,0.8815165876777251,20,0.0,0.0,tie
Satellite,0.9931372549019608,binclass,0.9931372549019608,20,0.0,0.0,tie
Water_Quality_and_Potability,0.6387195121951219,binclass,0.6371951219512195,20,0.0015243902439023849,0.1524390243902385,full_training
ada_prior,0.8400876232201533,binclass,0.8411829134720701,20,-0.0010952902519167917,-0.10952902519167917,icl_training
allrep,0.9854304635761588,multiclass,0.9854304635761588,20,0.0,0.0,tie
autoUniv-au4-2500,0.526,multiclass,0.528,20,-0.0020000000000000018,-0.20000000000000018,icl_training
banknote_authentication,0.5563636363636364,binclass,0.5563636363636364,20,0.0,0.0,tie
churn,0.954,binclass,0.954,20,0.0,0.0,tie
compass,0.8347852207870231,binclass,0.8371883448483028,20,-0.0024031240612797378,-0.24031240612797378,icl_training
delta_ailerons,0.953015427769986,binclass,0.953015427769986,20,0.0,0.0,tie
drug_consumption,0.403183023872679,multiclass,0.403183023872679,20,0.0,0.0,tie
eye_movements_bin,0.6307490144546649,binclass,0.626149802890933,20,0.0045992115637318864,0.45992115637318864,full_training
hill-valley,0.925925925925926,binclass,0.925925925925926,20,0.0,0.0,tie
ibm-employee-performance,1.0,binclass,1.0,20,0.0,0.0,tie
internet_usage,0.5296735905044511,multiclass,0.5296735905044511,20,0.0,0.0,tie
kc1,0.8838862559241706,binclass,0.8838862559241706,20,0.0,0.0,tie
kropt,0.852815395580898,multiclass,0.852815395580898,20,0.0,0.0,tie
letter,0.98625,multiclass,0.98625,20,0.0,0.0,tie
maternal_health_risk,0.8719211822660099,multiclass,0.8719211822660099,20,0.0,0.0,tie
mfeat-karhunen,0.975,multiclass,0.975,20,0.0,0.0,tie
mfeat-zernike,0.8625,multiclass,0.8625,20,0.0,0.0,tie
national-longitudinal-survey-binary,1.0,binclass,1.0,20,0.0,0.0,tie
one-hundred-plants-shape,0.8,multiclass,0.8,20,0.0,0.0,tie
optdigits,0.99644128113879,multiclass,0.99644128113879,20,0.0,0.0,tie
pc1,0.945945945945946,binclass,0.945945945945946,20,0.0,0.0,tie
pendigits,0.9972714870395636,multiclass,0.9972714870395636,20,0.0,0.0,tie
predict_students_dropout_and_academic_success,0.7627118644067796,multiclass,0.7627118644067796,20,0.0,0.0,tie
ringnorm,0.9797297297297296,binclass,0.9797297297297296,20,0.0,0.0,tie
segment,0.935064935064935,multiclass,0.935064935064935,20,0.0,0.0,tie
sports_articles_for_objectivity_analysis,0.85,binclass,0.855,20,-0.0050000000000000044,-0.5000000000000004,icl_training
sylvine,0.9697560975609756,binclass,0.9707317073170731,20,-0.0009756097560975618,-0.09756097560975618,icl_training
texture,1.0,multiclass,1.0,20,0.0,0.0,tie
thyroid-dis,0.6910714285714286,multiclass,0.6964285714285714,20,-0.005357142857142838,-0.5357142857142838,icl_training
vehicle,0.8647058823529412,multiclass,0.8588235294117647,20,0.005882352941176561,0.5882352941176561,full_training
wall-robot-navigation,0.9871794871794872,multiclass,0.989010989010989,20,-0.001831501831501825,-0.1831501831501825,icl_training
waveform_database_generator,0.355,multiclass,0.356,20,-0.0010000000000000009,-0.10000000000000009,icl_training
wine,0.7729941291585127,binclass,0.7729941291585127,20,0.0,0.0,tie
yeast,0.6262626262626263,multiclass,0.6262626262626263,20,0.0,0.0,tie
Amazon_employee_access,0.9440036618858711,binclass,0.9443088190418064,20,-0.00030515715593526505,-0.030515715593526505,icl_training
Basketball_c,0.7089552238805971,binclass,0.7089552238805971,20,0.0,0.0,tie
Click_prediction_small,0.8317897371714643,binclass,0.8317897371714643,20,0.0,0.0,tie
Diabetic_Retinopathy_Debrecen,0.7532467532467533,binclass,0.7532467532467533,20,0.0,0.0,tie
FICO-HELOC-cleaned,0.7432911392405064,binclass,0.7432911392405064,20,0.0,0.0,tie
FOREX_audchf-day-High,0.7384196185286104,binclass,0.7384196185286104,20,0.0,0.0,tie
GAMETES_Epistasis_2-Way_20atts_0.1H_EDM-1_1,0.66875,binclass,0.66875,20,0.0,0.0,tie
GesturePhaseSegmentationProcessed,0.8055696202531646,multiclass,0.7984810126582278,20,0.007088607594936791,0.7088607594936791,full_training
KDDCup09_upselling,0.8148148148148148,binclass,0.8138401559454191,20,0.0009746588693956282,0.09746588693956282,full_training
Marketing_Campaign,0.890625,binclass,0.890625,20,0.0,0.0,tie
PhishingWebsites,0.9800995024875622,binclass,0.9800995024875622,20,0.0,0.0,tie
PizzaCutter3,0.8803827751196173,binclass,0.8803827751196173,20,0.0,0.0,tie
Telecom_Churn_Dataset,0.9550224887556222,binclass,0.9550224887556222,20,0.0,0.0,tie
Wilt,0.9927461139896372,binclass,0.9927461139896372,20,0.0,0.0,tie
ada,0.8493975903614458,binclass,0.8481927710843373,20,0.001204819277108471,0.12048192771084709,full_training
airlines_seed_0_nrows_2000_nclasses_10_ncols_100_stratify_True,0.615,binclass,0.6125,20,0.0024999999999999467,0.24999999999999467,full_training
analcatdata_authorship,0.9881656804733728,multiclass,0.9881656804733728,20,0.0,0.0,tie
autoUniv-au7-1100,0.4090909090909091,multiclass,0.4045454545454545,20,0.00454545454545463,0.454545454545463,full_training
baseball,0.9477611940298508,multiclass,0.9477611940298508,20,0.0,0.0,tie
cmc,0.5898305084745763,multiclass,0.5864406779661017,20,0.003389830508474634,0.3389830508474634,full_training
contraceptive_method_choice,0.6305084745762712,multiclass,0.6237288135593221,20,0.006779661016949157,0.6779661016949157,full_training
dis,0.9827814569536424,binclass,0.9841059602649008,20,-0.0013245033112584403,-0.13245033112584403,icl_training
dry_bean_dataset,0.9280205655526992,multiclass,0.927653323540213,20,0.0003672420124861686,0.03672420124861686,full_training
estimation_of_obesity_levels,0.983451536643026,multiclass,0.983451536643026,20,0.0,0.0,tie
first-order-theorem-proving,0.6299019607843137,multiclass,0.6282679738562091,20,0.0016339869281045694,0.16339869281045694,full_training
golf_play_dataset_extended,0.9360730593607306,binclass,0.9360730593607306,20,0.0,0.0,tie
house_16H,0.8891771682727947,binclass,0.8899184581171238,20,-0.000741289844329085,-0.0741289844329085,icl_training
in_vehicle_coupon_recommendation,0.7950335041387465,binclass,0.7946393378005518,20,0.00039416633819466806,0.039416633819466806,full_training
jm1,0.8222324299494718,binclass,0.8222324299494718,20,0.0,0.0,tie
kdd_ipums_la_97-small,0.8863198458574181,binclass,0.8872832369942196,20,-0.0009633911368015502,-0.09633911368015502,icl_training
led24,0.734375,multiclass,0.734375,20,0.0,0.0,tie
mfeat-factors,0.9725,multiclass,0.9725,20,0.0,0.0,tie
mfeat-morphological,0.755,multiclass,0.755,20,0.0,0.0,tie
mice_protein_expression,1.0,multiclass,1.0,20,0.0,0.0,tie
mozilla4,0.9401736892891605,binclass,0.9404953361209392,20,-0.00032164683177871023,-0.03216468317787102,icl_training
okcupid_stem,0.7473763118440779,multiclass,0.7475637181409296,20,-0.00018740629685165544,-0.018740629685165544,icl_training
one-hundred-plants-texture,0.91875,multiclass,0.91875,20,0.0,0.0,tie
ozone-level-8hr,0.9566074950690336,binclass,0.9566074950690336,20,0.0,0.0,tie
pc3,0.9009584664536742,binclass,0.9009584664536742,20,0.0,0.0,tie
phoneme,0.9000925069380203,binclass,0.8991674375578168,20,0.0009250693802035359,0.09250693802035359,full_training
qsar,0.9004739336492891,binclass,0.90521327014218,20,-0.004739336492890933,-0.4739336492890933,icl_training
rl,0.8531187122736419,binclass,0.8531187122736419,20,0.0,0.0,tie
seismic+bumps,0.9342359767891684,binclass,0.9342359767891684,20,0.0,0.0,tie
spambase,0.9587404994571118,binclass,0.9598262757871878,20,-0.0010857763300760048,-0.10857763300760048,icl_training
statlog,0.735,binclass,0.735,20,0.0,0.0,tie
taiwanese_bankruptcy_prediction,0.9728739002932552,binclass,0.9721407624633432,20,0.0007331378299119118,0.07331378299119118,full_training
thyroid,0.9923611111111112,multiclass,0.9923611111111112,20,0.0,0.0,tie
turiye_student_evaluation,0.5223367697594502,multiclass,0.5257731958762887,20,-0.0034364261168384758,-0.3436426116838476,icl_training
volkert,0.7337506431143886,multiclass,0.7337506431143886,20,0.0,0.0,tie
water_quality,0.9075,binclass,0.908125,20,-0.0006249999999999867,-0.06249999999999867,icl_training
waveform_database_generator_version_1,0.865,multiclass,0.866,20,-0.0010000000000000009,-0.10000000000000009,icl_training
wine-quality-red,0.66875,multiclass,0.66875,20,0.0,0.0,tie
BLE_RSSI_dataset_for_Indoor_localization,0.7386079118678017,multiclass,0.7376064096144216,20,0.0010015022533801377,0.10015022533801377,full_training
California-Housing-Classification,0.9123062015503876,binclass,0.9132751937984496,20,-0.0009689922480620172,-0.09689922480620172,icl_training
E-CommereShippingData,0.6763636363636364,binclass,0.6763636363636364,20,0.0,0.0,tie
FOREX_audcad-day-High,0.7356948228882834,binclass,0.7356948228882834,20,0.0,0.0,tie
FOREX_audjpy-day-High,0.771117166212534,binclass,0.771117166212534,20,0.0,0.0,tie
Firm-Teacher_Clave-Direction_Classification,0.8787037037037037,multiclass,0.8782407407407408,20,0.0004629629629628873,0.04629629629628873,full_training
GAMETES_Heterogeneity_20atts_1600_Het_0.4_0.2_50_EDM-2_001,0.68125,binclass,0.68125,20,0.0,0.0,tie
HR_Analytics_Job_Change_of_Data_Scientists,0.7990605427974948,binclass,0.8001043841336117,20,-0.0010438413361169019,-0.10438413361169019,icl_training
MIC,0.9090909090909092,binclass,0.906060606060606,20,0.003030303030303161,0.3030303030303161,full_training
Mobile_Price_Classification,0.94,multiclass,0.94,20,0.0,0.0,tie
PieChart3,0.875,binclass,0.8796296296296297,20,-0.00462962962962965,-0.462962962962965,icl_training
Pumpkin_Seeds,0.872,binclass,0.874,20,-0.0020000000000000018,-0.20000000000000018,icl_training
UJI_Pen_Characters,0.5421245421245421,multiclass,0.5421245421245421,20,0.0,0.0,tie
abalone,0.6471291866028708,multiclass,0.645933014354067,20,0.0011961722488037507,0.11961722488037507,full_training
ada_agnostic,0.8378970427163198,binclass,0.8400876232201533,20,-0.0021905805038334725,-0.21905805038334725,icl_training
allbp,0.9788079470198676,multiclass,0.9788079470198676,20,0.0,0.0,tie
artificial-characters,0.87720156555773,multiclass,0.87720156555773,20,0.0,0.0,tie
car-evaluation,0.9797687861271676,multiclass,0.9826589595375722,20,-0.0028901734104046506,-0.28901734104046506,icl_training
company_bankruptcy_prediction,0.9699413489736072,binclass,0.9706744868035192,20,-0.0007331378299120228,-0.07331378299120228,icl_training
credit,0.784026323661382,binclass,0.784026323661382,20,0.0,0.0,tie
dna,0.963949843260188,multiclass,0.963949843260188,20,0.0,0.0,tie
eeg-eye-state,0.9913217623497996,binclass,0.9913217623497996,20,0.0,0.0,tie
eye_movements,0.720292504570384,multiclass,0.7221206581352834,20,-0.001828153564899404,-0.1828153564899404,icl_training
heloc,0.7265,binclass,0.7255,20,0.0010000000000000009,0.10000000000000009,full_training
htru,0.979608938547486,binclass,0.979608938547486,20,0.0,0.0,tie
kr-vs-k,0.8508553100498931,multiclass,0.8508553100498931,20,0.0,0.0,tie
led7,0.74375,multiclass,0.74375,20,0.0,0.0,tie
mammography,0.9892713455520786,binclass,0.9892713455520786,20,0.0,0.0,tie
mfeat-fourier,0.8925,multiclass,0.89,20,0.0024999999999999467,0.24999999999999467,full_training
mfeat-pixel,0.975,multiclass,0.975,20,0.0,0.0,tie
microaggregation2,0.63725,multiclass,0.638,20,-0.0007500000000000284,-0.07500000000000284,icl_training
one-hundred-plants-margin,0.909375,multiclass,0.909375,20,0.0,0.0,tie
online_shoppers,0.90551500405515,binclass,0.9047039740470396,20,0.0008110300081103361,0.08110300081103361,full_training
page-blocks,0.9789954337899544,multiclass,0.9789954337899544,20,0.0,0.0,tie
pc4,0.9143835616438356,binclass,0.9143835616438356,20,0.0,0.0,tie
pol,0.9826474962816064,binclass,0.983143282102132,20,-0.0004957858205255627,-0.049578582052556275,icl_training
rice_cammeo_and_osmancik,0.9291338582677166,binclass,0.9291338582677166,20,0.0,0.0,tie
satimage,0.937791601866252,multiclass,0.9385692068429238,20,-0.0007776049766717863,-0.07776049766717863,icl_training
semeion,0.9561128526645768,multiclass,0.9561128526645768,20,0.0,0.0,tie
splice,0.9592476489028212,multiclass,0.9592476489028212,20,0.0,0.0,tie
steel_plates_faults,0.8380462724935732,multiclass,0.8380462724935732,20,0.0,0.0,tie
telco-customer-churn,0.8062455642299503,binclass,0.8048261178140526,20,0.0014194464158977516,0.14194464158977516,full_training
thyroid-ann,0.9920529801324504,multiclass,0.990728476821192,20,0.0013245033112583293,0.13245033112583293,full_training
twonorm,0.9783783783783784,binclass,0.9797297297297296,20,-0.0013513513513512265,-0.13513513513512265,icl_training
walking-activity,0.6641443733886898,multiclass,0.6641443733886898,20,0.0,0.0,tie
waveform-5000,0.87,multiclass,0.873,20,-0.0030000000000000027,-0.30000000000000027,icl_training
website_phishing,0.915129151291513,multiclass,0.922509225092251,20,-0.0073800738007380184,-0.7380073800738018,icl_training
wine-quality-white,0.6836734693877551,multiclass,0.6857142857142857,20,-0.0020408163265306367,-0.20408163265306367,icl_training
ASP-POTASSCO-classification,0.4401544401544401,multiclass,0.4401544401544401,30,0.0,0.0,tie
Bank_Customer_Churn_Dataset,0.877,binclass,0.8755,30,0.0015000000000000568,0.15000000000000568,full_training
Customer_Personality_Analysis,0.8839285714285714,binclass,0.8839285714285714,30,0.0,0.0,tie
Employee,0.849624060150376,binclass,0.849624060150376,30,0.0,0.0,tie
FOREX_cadjpy-day-High,0.7220708446866485,binclass,0.7166212534059946,30,0.00544959128065392,0.544959128065392,full_training
Fitness_Club_c,0.7933333333333333,binclass,0.7933333333333333,30,0.0,0.0,tie
Gender_Gap_in_Spanish_WP,0.608421052631579,multiclass,0.6105263157894737,30,-0.002105263157894721,-0.21052631578947212,icl_training
IBM_HR_Analytics_Employee_Attrition_and_Performance,0.8639455782312925,binclass,0.8639455782312925,30,0.0,0.0,tie
JapaneseVowels,0.9989964877069744,multiclass,0.9989964877069744,30,0.0,0.0,tie
MagicTelescope,0.8840694006309149,binclass,0.8845951629863302,30,-0.000525762355415349,-0.0525762355415349,icl_training
National_Health_and_Nutrition_Health_Survey,0.8399122807017544,binclass,0.8399122807017544,30,0.0,0.0,tie
Pima_Indians_Diabetes_Database,0.7467532467532467,binclass,0.7467532467532467,30,0.0,0.0,tie
QSAR_biodegradation,0.8815165876777251,binclass,0.8815165876777251,30,0.0,0.0,tie
Satellite,0.9931372549019608,binclass,0.9931372549019608,30,0.0,0.0,tie
Water_Quality_and_Potability,0.6371951219512195,binclass,0.6402439024390244,30,-0.0030487804878048808,-0.3048780487804881,icl_training
ada_prior,0.8389923329682366,binclass,0.8400876232201533,30,-0.0010952902519166807,-0.10952902519166807,icl_training
allrep,0.9827814569536424,multiclass,0.9854304635761588,30,-0.0026490066225164366,-0.26490066225164366,icl_training
autoUniv-au4-2500,0.52,multiclass,0.524,30,-0.0040000000000000036,-0.40000000000000036,icl_training
banknote_authentication,0.5563636363636364,binclass,0.5563636363636364,30,0.0,0.0,tie
churn,0.952,binclass,0.954,30,-0.0020000000000000018,-0.20000000000000018,icl_training
compass,0.835386001802343,binclass,0.8383899068789427,30,-0.0030039050765996445,-0.30039050765996445,icl_training
delta_ailerons,0.9516129032258064,binclass,0.9509116409537168,30,0.0007012622720895534,0.07012622720895534,full_training
drug_consumption,0.403183023872679,multiclass,0.403183023872679,30,0.0,0.0,tie
eye_movements_bin,0.6353482260183968,binclass,0.6307490144546649,30,0.0045992115637318864,0.45992115637318864,full_training
hill-valley,0.9300411522633744,binclass,0.934156378600823,30,-0.004115226337448652,-0.4115226337448652,icl_training
ibm-employee-performance,1.0,binclass,1.0,30,0.0,0.0,tie
internet_usage,0.5296735905044511,multiclass,0.5296735905044511,30,0.0,0.0,tie
kc1,0.8862559241706162,binclass,0.8838862559241706,30,0.0023696682464455776,0.23696682464455776,full_training
kropt,0.852815395580898,multiclass,0.852815395580898,30,0.0,0.0,tie
letter,0.98625,multiclass,0.98625,30,0.0,0.0,tie
maternal_health_risk,0.8719211822660099,multiclass,0.8719211822660099,30,0.0,0.0,tie
mfeat-karhunen,0.975,multiclass,0.975,30,0.0,0.0,tie
mfeat-zernike,0.8625,multiclass,0.865,30,-0.0024999999999999467,-0.24999999999999467,icl_training
national-longitudinal-survey-binary,1.0,binclass,1.0,30,0.0,0.0,tie
one-hundred-plants-shape,0.8,multiclass,0.8,30,0.0,0.0,tie
optdigits,0.99644128113879,multiclass,0.99644128113879,30,0.0,0.0,tie
pc1,0.945945945945946,binclass,0.945945945945946,30,0.0,0.0,tie
pendigits,0.9972714870395636,multiclass,0.9972714870395636,30,0.0,0.0,tie
predict_students_dropout_and_academic_success,0.7649717514124293,multiclass,0.7615819209039548,30,0.003389830508474523,0.3389830508474523,full_training
ringnorm,0.9804054054054054,binclass,0.9804054054054054,30,0.0,0.0,tie
segment,0.935064935064935,multiclass,0.9329004329004328,30,0.0021645021645022577,0.21645021645022577,full_training
sports_articles_for_objectivity_analysis,0.84,binclass,0.84,30,0.0,0.0,tie
sylvine,0.9697560975609756,binclass,0.9707317073170731,30,-0.0009756097560975618,-0.09756097560975618,icl_training
texture,1.0,multiclass,1.0,30,0.0,0.0,tie
thyroid-dis,0.6910714285714286,multiclass,0.6964285714285714,30,-0.005357142857142838,-0.5357142857142838,icl_training
vehicle,0.8647058823529412,multiclass,0.8647058823529412,30,0.0,0.0,tie
wall-robot-navigation,0.98992673992674,multiclass,0.989010989010989,30,0.0009157509157509125,0.09157509157509125,full_training
waveform_database_generator,0.362,multiclass,0.356,30,0.006000000000000005,0.6000000000000005,full_training
wine,0.7710371819960861,binclass,0.7710371819960861,30,0.0,0.0,tie
yeast,0.632996632996633,multiclass,0.6262626262626263,30,0.006734006734006703,0.6734006734006703,full_training
Amazon_employee_access,0.9443088190418064,binclass,0.9443088190418064,30,0.0,0.0,tie
Basketball_c,0.7089552238805971,binclass,0.7089552238805971,30,0.0,0.0,tie
Click_prediction_small,0.8317897371714643,binclass,0.8317897371714643,30,0.0,0.0,tie
Diabetic_Retinopathy_Debrecen,0.7445887445887446,binclass,0.7489177489177489,30,-0.0043290043290042934,-0.43290043290042934,icl_training
FICO-HELOC-cleaned,0.7437974683544304,binclass,0.7437974683544304,30,0.0,0.0,tie
FOREX_audchf-day-High,0.7329700272479565,binclass,0.7438692098092643,30,-0.01089918256130784,-1.089918256130784,icl_training
GAMETES_Epistasis_2-Way_20atts_0.1H_EDM-1_1,0.66875,binclass,0.66875,30,0.0,0.0,tie
GesturePhaseSegmentationProcessed,0.8060759493670886,multiclass,0.7969620253164557,30,0.009113924050632938,0.9113924050632938,full_training
KDDCup09_upselling,0.8138401559454191,binclass,0.8118908382066277,30,0.0019493177387914784,0.19493177387914784,full_training
Marketing_Campaign,0.890625,binclass,0.890625,30,0.0,0.0,tie
PhishingWebsites,0.9796472184531886,binclass,0.979194934418815,30,0.00045228403437358455,0.045228403437358455,full_training
PizzaCutter3,0.8803827751196173,binclass,0.8803827751196173,30,0.0,0.0,tie
Telecom_Churn_Dataset,0.9565217391304348,binclass,0.9535232383808095,30,0.002998500749625266,0.2998500749625266,full_training
Wilt,0.9927461139896372,binclass,0.9927461139896372,30,0.0,0.0,tie
ada,0.8493975903614458,binclass,0.8481927710843373,30,0.001204819277108471,0.12048192771084709,full_training
airlines_seed_0_nrows_2000_nclasses_10_ncols_100_stratify_True,0.615,binclass,0.61,30,0.0050000000000000044,0.5000000000000004,full_training
analcatdata_authorship,0.9881656804733728,multiclass,0.9881656804733728,30,0.0,0.0,tie
autoUniv-au7-1100,0.3954545454545454,multiclass,0.3909090909090909,30,0.004545454545454519,0.4545454545454519,full_training
baseball,0.9477611940298508,multiclass,0.9477611940298508,30,0.0,0.0,tie
cmc,0.5830508474576271,multiclass,0.5864406779661017,30,-0.003389830508474523,-0.3389830508474523,icl_training
contraceptive_method_choice,0.6338983050847458,multiclass,0.6305084745762712,30,0.003389830508474523,0.3389830508474523,full_training
dis,0.9827814569536424,binclass,0.9841059602649008,30,-0.0013245033112584403,-0.13245033112584403,icl_training
dry_bean_dataset,0.9283878075651856,multiclass,0.9283878075651856,30,0.0,0.0,tie
estimation_of_obesity_levels,0.983451536643026,multiclass,0.983451536643026,30,0.0,0.0,tie
first-order-theorem-proving,0.6331699346405228,multiclass,0.6274509803921569,30,0.005718954248365993,0.5718954248365993,full_training
golf_play_dataset_extended,0.9269406392694064,binclass,0.9269406392694064,30,0.0,0.0,tie
house_16H,0.8902891030392883,binclass,0.8895478131949592,30,0.000741289844329085,0.0741289844329085,full_training
in_vehicle_coupon_recommendation,0.7910918407567994,binclass,0.7938510051241624,30,-0.0027591643673630095,-0.27591643673630095,icl_training
jm1,0.8231511254019293,binclass,0.8231511254019293,30,0.0,0.0,tie
kdd_ipums_la_97-small,0.8872832369942196,binclass,0.8872832369942196,30,0.0,0.0,tie
led24,0.734375,multiclass,0.7359375,30,-0.0015625000000000222,-0.15625000000000222,icl_training
mfeat-factors,0.975,multiclass,0.9725,30,0.0024999999999999467,0.24999999999999467,full_training
mfeat-morphological,0.7625,multiclass,0.7575,30,0.0050000000000000044,0.5000000000000004,full_training
mice_protein_expression,1.0,multiclass,1.0,30,0.0,0.0,tie
mozilla4,0.940816982952718,binclass,0.9414602766162752,30,-0.0006432936635571984,-0.06432936635571984,icl_training
okcupid_stem,0.7477511244377811,multiclass,0.7483133433283359,30,-0.0005622188905547443,-0.05622188905547443,icl_training
one-hundred-plants-texture,0.91875,multiclass,0.91875,30,0.0,0.0,tie
ozone-level-8hr,0.9566074950690336,binclass,0.9566074950690336,30,0.0,0.0,tie
pc3,0.9009584664536742,binclass,0.9009584664536742,30,0.0,0.0,tie
phoneme,0.9000925069380203,binclass,0.901017576318224,30,-0.0009250693802036469,-0.09250693802036469,icl_training
qsar,0.9004739336492891,binclass,0.90521327014218,30,-0.004739336492890933,-0.4739336492890933,icl_training
rl,0.858148893360161,binclass,0.8541247484909457,30,0.004024144869215318,0.4024144869215318,full_training
seismic+bumps,0.9342359767891684,binclass,0.9342359767891684,30,0.0,0.0,tie
spambase,0.9576547231270358,binclass,0.9554831704668838,30,0.0021715526601520097,0.21715526601520097,full_training
statlog,0.735,binclass,0.735,30,0.0,0.0,tie
taiwanese_bankruptcy_prediction,0.9721407624633432,binclass,0.9721407624633432,30,0.0,0.0,tie
thyroid,0.9916666666666668,multiclass,0.9923611111111112,30,-0.000694444444444442,-0.0694444444444442,icl_training
turiye_student_evaluation,0.5292096219931272,multiclass,0.5300687285223368,30,-0.0008591065292096189,-0.0859106529209619,icl_training
volkert,0.7337506431143886,multiclass,0.7337506431143886,30,0.0,0.0,tie
water_quality,0.9075,binclass,0.90875,30,-0.0012499999999999734,-0.12499999999999734,icl_training
waveform_database_generator_version_1,0.865,multiclass,0.864,30,0.0010000000000000009,0.10000000000000009,full_training
wine-quality-red,0.66875,multiclass,0.665625,30,0.0031249999999999334,0.31249999999999334,full_training
BLE_RSSI_dataset_for_Indoor_localization,0.7391086629944917,multiclass,0.7386079118678017,30,0.0005007511266900133,0.05007511266900133,full_training
California-Housing-Classification,0.912063953488372,binclass,0.9123062015503876,30,-0.00024224806201555982,-0.024224806201555982,icl_training
E-CommereShippingData,0.6763636363636364,binclass,0.6772727272727272,30,-0.0009090909090908594,-0.09090909090908594,icl_training
FOREX_audcad-day-High,0.7411444141689373,binclass,0.7411444141689373,30,0.0,0.0,tie
FOREX_audjpy-day-High,0.771117166212534,binclass,0.771117166212534,30,0.0,0.0,tie
Firm-Teacher_Clave-Direction_Classification,0.8763888888888889,multiclass,0.8773148148148148,30,-0.0009259259259258856,-0.09259259259258856,icl_training
GAMETES_Heterogeneity_20atts_1600_Het_0.4_0.2_50_EDM-2_001,0.68125,binclass,0.68125,30,0.0,0.0,tie
HR_Analytics_Job_Change_of_Data_Scientists,0.7995824634655533,binclass,0.7998434237995825,30,-0.00026096033402922547,-0.026096033402922547,icl_training
MIC,0.9090909090909092,binclass,0.906060606060606,30,0.003030303030303161,0.3030303030303161,full_training
Mobile_Price_Classification,0.94,multiclass,0.94,30,0.0,0.0,tie
PieChart3,0.875,binclass,0.8796296296296297,30,-0.00462962962962965,-0.462962962962965,icl_training
Pumpkin_Seeds,0.866,binclass,0.87,30,-0.0040000000000000036,-0.40000000000000036,icl_training
UJI_Pen_Characters,0.5421245421245421,multiclass,0.5421245421245421,30,0.0,0.0,tie
abalone,0.6363636363636364,multiclass,0.6423444976076556,30,-0.005980861244019198,-0.5980861244019198,icl_training
ada_agnostic,0.8389923329682366,binclass,0.8400876232201533,30,-0.0010952902519166807,-0.10952902519166807,icl_training
allbp,0.9788079470198676,multiclass,0.9788079470198676,30,0.0,0.0,tie
artificial-characters,0.8816046966731899,multiclass,0.8786692759295499,30,0.0029354207436399493,0.29354207436399493,full_training
car-evaluation,0.9797687861271676,multiclass,0.9826589595375722,30,-0.0028901734104046506,-0.28901734104046506,icl_training
company_bankruptcy_prediction,0.9728739002932552,binclass,0.9706744868035192,30,0.0021994134897359574,0.21994134897359574,full_training
credit,0.7843254561770865,binclass,0.7828297935985642,30,0.0014956625785222943,0.14956625785222943,full_training
dna,0.9655172413793104,multiclass,0.962382445141066,30,0.0031347962382444194,0.31347962382444194,full_training
eeg-eye-state,0.9913217623497996,binclass,0.9913217623497996,30,0.0,0.0,tie
eye_movements,0.7257769652650823,multiclass,0.7225776965265083,30,0.0031992687385740126,0.31992687385740126,full_training
heloc,0.726,binclass,0.726,30,0.0,0.0,tie
htru,0.979608938547486,binclass,0.9804469273743016,30,-0.0008379888268156277,-0.08379888268156277,icl_training
kr-vs-k,0.8508553100498931,multiclass,0.8508553100498931,30,0.0,0.0,tie
led7,0.74375,multiclass,0.74375,30,0.0,0.0,tie
mammography,0.9888243182834152,binclass,0.9888243182834152,30,0.0,0.0,tie
mfeat-fourier,0.8875,multiclass,0.8875,30,0.0,0.0,tie
mfeat-pixel,0.975,multiclass,0.975,30,0.0,0.0,tie
microaggregation2,0.63725,multiclass,0.63725,30,0.0,0.0,tie
one-hundred-plants-margin,0.909375,multiclass,0.909375,30,0.0,0.0,tie
online_shoppers,0.9030819140308192,binclass,0.9042984590429846,30,-0.0012165450121653931,-0.12165450121653931,icl_training
page-blocks,0.9789954337899544,multiclass,0.9789954337899544,30,0.0,0.0,tie
pc4,0.910958904109589,binclass,0.910958904109589,30,0.0,0.0,tie
pol,0.9821517104610809,binclass,0.9821517104610809,30,0.0,0.0,tie
rice_cammeo_and_osmancik,0.9291338582677166,binclass,0.9291338582677166,30,0.0,0.0,tie
satimage,0.9409020217729394,multiclass,0.942457231726283,30,-0.0015552099533436836,-0.15552099533436836,icl_training
semeion,0.9498432601880876,multiclass,0.9498432601880876,30,0.0,0.0,tie
splice,0.962382445141066,multiclass,0.962382445141066,30,0.0,0.0,tie
steel_plates_faults,0.8380462724935732,multiclass,0.8380462724935732,30,0.0,0.0,tie
telco-customer-churn,0.8062455642299503,binclass,0.8034066713981547,30,0.002838892831795614,0.2838892831795614,full_training
thyroid-ann,0.9920529801324504,multiclass,0.990728476821192,30,0.0013245033112583293,0.13245033112583293,full_training
twonorm,0.979054054054054,binclass,0.9797297297297296,30,-0.0006756756756756133,-0.06756756756756133,icl_training
walking-activity,0.6641443733886898,multiclass,0.6641443733886898,30,0.0,0.0,tie
waveform-5000,0.87,multiclass,0.869,30,0.0010000000000000009,0.10000000000000009,full_training
website_phishing,0.915129151291513,multiclass,0.915129151291513,30,0.0,0.0,tie
wine-quality-white,0.6826530612244898,multiclass,0.686734693877551,30,-0.004081632653061273,-0.40816326530612734,icl_training
ASP-POTASSCO-classification,0.4401544401544401,multiclass,0.4401544401544401,40,0.0,0.0,tie
Bank_Customer_Churn_Dataset,0.8775,binclass,0.8755,40,0.0020000000000000018,0.20000000000000018,full_training
Customer_Personality_Analysis,0.8816964285714286,binclass,0.8861607142857143,40,-0.004464285714285698,-0.44642857142856984,icl_training
Employee,0.8517722878625135,binclass,0.849624060150376,40,0.002148227712137518,0.21482277121375182,full_training
FOREX_cadjpy-day-High,0.7002724795640327,binclass,0.7193460490463215,40,-0.019073569482288777,-1.9073569482288777,icl_training
Fitness_Club_c,0.79,binclass,0.7933333333333333,40,-0.0033333333333332993,-0.33333333333332993,icl_training
Gender_Gap_in_Spanish_WP,0.608421052631579,multiclass,0.611578947368421,40,-0.0031578947368420263,-0.3157894736842026,icl_training
IBM_HR_Analytics_Employee_Attrition_and_Performance,0.8639455782312925,binclass,0.8639455782312925,40,0.0,0.0,tie
JapaneseVowels,0.9989964877069744,multiclass,0.9989964877069744,40,0.0,0.0,tie
MagicTelescope,0.8845951629863302,binclass,0.8843322818086226,40,0.0002628811777076745,0.02628811777076745,full_training
National_Health_and_Nutrition_Health_Survey,0.8399122807017544,binclass,0.8399122807017544,40,0.0,0.0,tie
Pima_Indians_Diabetes_Database,0.7467532467532467,binclass,0.7467532467532467,40,0.0,0.0,tie
QSAR_biodegradation,0.8862559241706162,binclass,0.8815165876777251,40,0.004739336492891044,0.4739336492891044,full_training
Satellite,0.9931372549019608,binclass,0.9931372549019608,40,0.0,0.0,tie
Water_Quality_and_Potability,0.6402439024390244,binclass,0.6417682926829268,40,-0.0015243902439023849,-0.1524390243902385,icl_training
ada_prior,0.8400876232201533,binclass,0.8400876232201533,40,0.0,0.0,tie
allrep,0.9827814569536424,multiclass,0.9854304635761588,40,-0.0026490066225164366,-0.26490066225164366,icl_training
autoUniv-au4-2500,0.534,multiclass,0.536,40,-0.0020000000000000018,-0.20000000000000018,icl_training
banknote_authentication,0.5163636363636364,binclass,0.5381818181818182,40,-0.021818181818181848,-2.1818181818181848,icl_training
churn,0.953,binclass,0.954,40,-0.0010000000000000009,-0.10000000000000009,icl_training
compass,0.8338840492640432,binclass,0.8389906878942626,40,-0.005106638630219318,-0.5106638630219318,icl_training
delta_ailerons,0.9502103786816268,binclass,0.9509116409537168,40,-0.0007012622720899975,-0.07012622720899975,icl_training
drug_consumption,0.403183023872679,multiclass,0.403183023872679,40,0.0,0.0,tie
eye_movements_bin,0.6346911957950065,binclass,0.6327201051248358,40,0.001971090670170761,0.1971090670170761,full_training
hill-valley,0.934156378600823,binclass,0.934156378600823,40,0.0,0.0,tie
ibm-employee-performance,1.0,binclass,1.0,40,0.0,0.0,tie
internet_usage,0.5296735905044511,multiclass,0.5296735905044511,40,0.0,0.0,tie
kc1,0.8838862559241706,binclass,0.8838862559241706,40,0.0,0.0,tie
kropt,0.852815395580898,multiclass,0.852815395580898,40,0.0,0.0,tie
letter,0.98625,multiclass,0.98625,40,0.0,0.0,tie
maternal_health_risk,0.8719211822660099,multiclass,0.8719211822660099,40,0.0,0.0,tie
mfeat-karhunen,0.975,multiclass,0.975,40,0.0,0.0,tie
mfeat-zernike,0.865,multiclass,0.8675,40,-0.0025000000000000577,-0.2500000000000058,icl_training
national-longitudinal-survey-binary,1.0,binclass,1.0,40,0.0,0.0,tie
one-hundred-plants-shape,0.8,multiclass,0.8,40,0.0,0.0,tie
optdigits,0.99644128113879,multiclass,0.99644128113879,40,0.0,0.0,tie
pc1,0.945945945945946,binclass,0.945945945945946,40,0.0,0.0,tie
pendigits,0.9972714870395636,multiclass,0.9972714870395636,40,0.0,0.0,tie
predict_students_dropout_and_academic_success,0.7627118644067796,multiclass,0.7649717514124293,40,-0.002259887005649719,-0.2259887005649719,icl_training
ringnorm,0.9804054054054054,binclass,0.9804054054054054,40,0.0,0.0,tie
segment,0.9307359307359307,multiclass,0.9329004329004328,40,-0.0021645021645020357,-0.21645021645020357,icl_training
sports_articles_for_objectivity_analysis,0.835,binclass,0.84,40,-0.0050000000000000044,-0.5000000000000004,icl_training
sylvine,0.9697560975609756,binclass,0.9707317073170731,40,-0.0009756097560975618,-0.09756097560975618,icl_training
texture,1.0,multiclass,1.0,40,0.0,0.0,tie
thyroid-dis,0.6928571428571428,multiclass,0.6928571428571428,40,0.0,0.0,tie
vehicle,0.8647058823529412,multiclass,0.8647058823529412,40,0.0,0.0,tie
wall-robot-navigation,0.98992673992674,multiclass,0.98992673992674,40,0.0,0.0,tie
waveform_database_generator,0.347,multiclass,0.354,40,-0.007000000000000006,-0.7000000000000006,icl_training
wine,0.7710371819960861,binclass,0.7710371819960861,40,0.0,0.0,tie
yeast,0.6296296296296297,multiclass,0.6296296296296297,40,0.0,0.0,tie
Amazon_employee_access,0.9444613976197742,binclass,0.9443088190418064,40,0.00015257857796779906,0.015257857796779906,full_training
Basketball_c,0.7089552238805971,binclass,0.7089552238805971,40,0.0,0.0,tie
Click_prediction_small,0.8317897371714643,binclass,0.8317897371714643,40,0.0,0.0,tie
Diabetic_Retinopathy_Debrecen,0.7402597402597403,binclass,0.7445887445887446,40,-0.0043290043290042934,-0.43290043290042934,icl_training
FICO-HELOC-cleaned,0.7448101265822785,binclass,0.7468354430379747,40,-0.0020253164556961467,-0.20253164556961467,icl_training
FOREX_audchf-day-High,0.7356948228882834,binclass,0.7329700272479565,40,0.0027247956403269047,0.27247956403269047,full_training
GAMETES_Epistasis_2-Way_20atts_0.1H_EDM-1_1,0.66875,binclass,0.66875,40,0.0,0.0,tie
GesturePhaseSegmentationProcessed,0.8020253164556962,multiclass,0.7964556962025316,40,0.005569620253164542,0.5569620253164542,full_training
KDDCup09_upselling,0.8148148148148148,binclass,0.8148148148148148,40,0.0,0.0,tie
Marketing_Campaign,0.890625,binclass,0.890625,40,0.0,0.0,tie
PhishingWebsites,0.9782903663500678,binclass,0.9782903663500678,40,0.0,0.0,tie
PizzaCutter3,0.8803827751196173,binclass,0.8803827751196173,40,0.0,0.0,tie
Telecom_Churn_Dataset,0.9565217391304348,binclass,0.9535232383808095,40,0.002998500749625266,0.2998500749625266,full_training
Wilt,0.9927461139896372,binclass,0.9927461139896372,40,0.0,0.0,tie
ada,0.8493975903614458,binclass,0.8481927710843373,40,0.001204819277108471,0.12048192771084709,full_training
airlines_seed_0_nrows_2000_nclasses_10_ncols_100_stratify_True,0.615,binclass,0.6075,40,0.007499999999999951,0.7499999999999951,full_training
analcatdata_authorship,0.9881656804733728,multiclass,0.9881656804733728,40,0.0,0.0,tie
autoUniv-au7-1100,0.4090909090909091,multiclass,0.4181818181818181,40,-0.009090909090908983,-0.9090909090908983,icl_training
baseball,0.9477611940298508,multiclass,0.9477611940298508,40,0.0,0.0,tie
cmc,0.5830508474576271,multiclass,0.5830508474576271,40,0.0,0.0,tie
contraceptive_method_choice,0.6338983050847458,multiclass,0.6271186440677966,40,0.006779661016949157,0.6779661016949157,full_training
dis,0.981456953642384,binclass,0.9841059602649008,40,-0.0026490066225168807,-0.26490066225168807,icl_training
dry_bean_dataset,0.9283878075651856,multiclass,0.9287550495776716,40,-0.0003672420124860576,-0.03672420124860576,icl_training
estimation_of_obesity_levels,0.983451536643026,multiclass,0.983451536643026,40,0.0,0.0,tie
first-order-theorem-proving,0.6299019607843137,multiclass,0.630718954248366,40,-0.0008169934640522847,-0.08169934640522847,icl_training
golf_play_dataset_extended,0.9269406392694064,binclass,0.9269406392694064,40,0.0,0.0,tie
house_16H,0.888065233506301,binclass,0.8865826538176427,40,0.001482579688658281,0.1482579688658281,full_training
in_vehicle_coupon_recommendation,0.793062672447773,binclass,0.7899093417422152,40,0.0031533307055577886,0.31533307055577886,full_training
jm1,0.821773082223243,binclass,0.8213137344970143,40,0.00045934772622868714,0.045934772622868714,full_training
kdd_ipums_la_97-small,0.8872832369942196,binclass,0.8872832369942196,40,0.0,0.0,tie
led24,0.7296875,multiclass,0.7328125,40,-0.0031249999999999334,-0.31249999999999334,icl_training
mfeat-factors,0.9775,multiclass,0.9775,40,0.0,0.0,tie
mfeat-morphological,0.76,multiclass,0.7625,40,-0.0024999999999999467,-0.24999999999999467,icl_training
mice_protein_expression,1.0,multiclass,1.0,40,0.0,0.0,tie
mozilla4,0.940816982952718,binclass,0.9411386297844966,40,-0.0003216468317785992,-0.03216468317785992,icl_training
okcupid_stem,0.7479385307346327,multiclass,0.7485007496251874,40,-0.0005622188905547443,-0.05622188905547443,icl_training
one-hundred-plants-texture,0.91875,multiclass,0.91875,40,0.0,0.0,tie
ozone-level-8hr,0.9546351084812624,binclass,0.9566074950690336,40,-0.0019723865877712132,-0.19723865877712132,icl_training
pc3,0.8977635782747604,binclass,0.9009584664536742,40,-0.0031948881789137795,-0.31948881789137795,icl_training
phoneme,0.8982423681776133,binclass,0.9000925069380203,40,-0.0018501387604070718,-0.18501387604070718,icl_training
qsar,0.90521327014218,binclass,0.909952606635071,40,-0.004739336492891044,-0.4739336492891044,icl_training
rl,0.8571428571428571,binclass,0.858148893360161,40,-0.001006036217303885,-0.1006036217303885,icl_training
seismic+bumps,0.9342359767891684,binclass,0.9342359767891684,40,0.0,0.0,tie
spambase,0.9533116178067318,binclass,0.9533116178067318,40,0.0,0.0,tie
statlog,0.745,binclass,0.74,40,0.0050000000000000044,0.5000000000000004,full_training
taiwanese_bankruptcy_prediction,0.9721407624633432,binclass,0.9721407624633432,40,0.0,0.0,tie
thyroid,0.9916666666666668,multiclass,0.9916666666666668,40,0.0,0.0,tie
turiye_student_evaluation,0.5300687285223368,multiclass,0.5292096219931272,40,0.0008591065292096189,0.0859106529209619,full_training
volkert,0.7337506431143886,multiclass,0.7337506431143886,40,0.0,0.0,tie
water_quality,0.906875,binclass,0.908125,40,-0.0012499999999999734,-0.12499999999999734,icl_training
waveform_database_generator_version_1,0.869,multiclass,0.867,40,0.0020000000000000018,0.20000000000000018,full_training
wine-quality-red,0.665625,multiclass,0.665625,40,0.0,0.0,tie
BLE_RSSI_dataset_for_Indoor_localization,0.7396094141211818,multiclass,0.7391086629944917,40,0.0005007511266900133,0.05007511266900133,full_training
California-Housing-Classification,0.9125484496124032,binclass,0.912063953488372,40,0.00048449612403123066,0.048449612403123066,full_training
E-CommereShippingData,0.6759090909090909,binclass,0.6763636363636364,40,-0.00045454545454548523,-0.04545454545454852,icl_training
FOREX_audcad-day-High,0.7438692098092643,binclass,0.7465940054495913,40,-0.0027247956403270157,-0.27247956403270157,icl_training
FOREX_audjpy-day-High,0.771117166212534,binclass,0.7656675749318801,40,0.00544959128065392,0.544959128065392,full_training
Firm-Teacher_Clave-Direction_Classification,0.8759259259259259,multiclass,0.875462962962963,40,0.0004629629629628873,0.04629629629628873,full_training
GAMETES_Heterogeneity_20atts_1600_Het_0.4_0.2_50_EDM-2_001,0.68125,binclass,0.68125,40,0.0,0.0,tie
HR_Analytics_Job_Change_of_Data_Scientists,0.8001043841336117,binclass,0.8001043841336117,40,0.0,0.0,tie
MIC,0.9090909090909092,binclass,0.9090909090909092,40,0.0,0.0,tie
Mobile_Price_Classification,0.94,multiclass,0.94,40,0.0,0.0,tie
PieChart3,0.875,binclass,0.875,40,0.0,0.0,tie
Pumpkin_Seeds,0.868,binclass,0.868,40,0.0,0.0,tie
UJI_Pen_Characters,0.5421245421245421,multiclass,0.5421245421245421,40,0.0,0.0,tie
abalone,0.6255980861244019,multiclass,0.638755980861244,40,-0.013157894736842035,-1.3157894736842035,icl_training
ada_agnostic,0.8400876232201533,binclass,0.8400876232201533,40,0.0,0.0,tie
allbp,0.9788079470198676,multiclass,0.9788079470198676,40,0.0,0.0,tie
artificial-characters,0.8830724070450098,multiclass,0.8820939334637965,40,0.0009784735812132794,0.09784735812132794,full_training
car-evaluation,0.9797687861271676,multiclass,0.9797687861271676,40,0.0,0.0,tie
company_bankruptcy_prediction,0.9714076246334312,binclass,0.9706744868035192,40,0.0007331378299120228,0.07331378299120228,full_training
credit,0.784026323661382,binclass,0.7834280586299731,40,0.0005982650314089177,0.059826503140891774,full_training
dna,0.963949843260188,multiclass,0.9608150470219436,40,0.0031347962382443084,0.31347962382443084,full_training
eeg-eye-state,0.9916555407209612,binclass,0.9913217623497996,40,0.00033377837116155273,0.03337783711615527,full_training
eye_movements,0.7280621572212066,multiclass,0.7248628884826326,40,0.0031992687385740126,0.31992687385740126,full_training
heloc,0.726,binclass,0.726,40,0.0,0.0,tie
htru,0.979608938547486,binclass,0.9801675977653632,40,-0.0005586592178772332,-0.055865921787723316,icl_training
kr-vs-k,0.8508553100498931,multiclass,0.8508553100498931,40,0.0,0.0,tie
led7,0.74375,multiclass,0.74375,40,0.0,0.0,tie
mammography,0.9888243182834152,binclass,0.9888243182834152,40,0.0,0.0,tie
mfeat-fourier,0.8925,multiclass,0.895,40,-0.0025000000000000577,-0.2500000000000058,icl_training
mfeat-pixel,0.975,multiclass,0.975,40,0.0,0.0,tie
microaggregation2,0.636,multiclass,0.6395,40,-0.0034999999999999476,-0.34999999999999476,icl_training
one-hundred-plants-margin,0.909375,multiclass,0.909375,40,0.0,0.0,tie
online_shoppers,0.9038929440389294,binclass,0.9038929440389294,40,0.0,0.0,tie
page-blocks,0.9789954337899544,multiclass,0.9789954337899544,40,0.0,0.0,tie
pc4,0.910958904109589,binclass,0.910958904109589,40,0.0,0.0,tie
pol,0.9821517104610809,binclass,0.9821517104610809,40,0.0,0.0,tie
rice_cammeo_and_osmancik,0.9278215223097112,binclass,0.9291338582677166,40,-0.001312335958005395,-0.1312335958005395,icl_training
satimage,0.9409020217729394,multiclass,0.9416796267496113,40,-0.0007776049766718973,-0.07776049766718973,icl_training
semeion,0.9498432601880876,multiclass,0.9498432601880876,40,0.0,0.0,tie
splice,0.9608150470219436,multiclass,0.962382445141066,40,-0.0015673981191223207,-0.15673981191223207,icl_training
steel_plates_faults,0.8354755784061697,multiclass,0.8380462724935732,40,-0.0025706940874035134,-0.25706940874035134,icl_training
telco-customer-churn,0.8069552874378992,binclass,0.8062455642299503,40,0.0007097232079489313,0.07097232079489313,full_training
thyroid-ann,0.9920529801324504,multiclass,0.9933774834437086,40,-0.0013245033112582183,-0.13245033112582183,icl_training
twonorm,0.9783783783783784,binclass,0.979054054054054,40,-0.0006756756756756133,-0.06756756756756133,icl_training
walking-activity,0.6641443733886898,multiclass,0.6641443733886898,40,0.0,0.0,tie
waveform-5000,0.868,multiclass,0.867,40,0.0010000000000000009,0.10000000000000009,full_training
website_phishing,0.915129151291513,multiclass,0.915129151291513,40,0.0,0.0,tie
wine-quality-white,0.6887755102040817,multiclass,0.6877551020408164,40,0.0010204081632653184,0.10204081632653184,full_training
ASP-POTASSCO-classification,0.4401544401544401,multiclass,0.4401544401544401,50,0.0,0.0,tie
Bank_Customer_Churn_Dataset,0.8775,binclass,0.8765,50,0.0010000000000000009,0.10000000000000009,full_training
Customer_Personality_Analysis,0.8839285714285714,binclass,0.8883928571428571,50,-0.004464285714285698,-0.44642857142856984,icl_training
Employee,0.8528464017185822,binclass,0.8517722878625135,50,0.0010741138560687036,0.10741138560687036,full_training
FOREX_cadjpy-day-High,0.6920980926430518,binclass,0.6948228882833788,50,-0.0027247956403270157,-0.27247956403270157,icl_training
Fitness_Club_c,0.79,binclass,0.7933333333333333,50,-0.0033333333333332993,-0.33333333333332993,icl_training
Gender_Gap_in_Spanish_WP,0.6105263157894737,multiclass,0.6105263157894737,50,0.0,0.0,tie
IBM_HR_Analytics_Employee_Attrition_and_Performance,0.8639455782312925,binclass,0.8639455782312925,50,0.0,0.0,tie
JapaneseVowels,0.9989964877069744,multiclass,0.9989964877069744,50,0.0,0.0,tie
MagicTelescope,0.8848580441640379,binclass,0.8845951629863302,50,0.0002628811777076745,0.02628811777076745,full_training
National_Health_and_Nutrition_Health_Survey,0.8377192982456141,binclass,0.8377192982456141,50,0.0,0.0,tie
Pima_Indians_Diabetes_Database,0.7467532467532467,binclass,0.7467532467532467,50,0.0,0.0,tie
QSAR_biodegradation,0.8815165876777251,binclass,0.8862559241706162,50,-0.004739336492891044,-0.4739336492891044,icl_training
Satellite,0.9931372549019608,binclass,0.9931372549019608,50,0.0,0.0,tie
Water_Quality_and_Potability,0.6387195121951219,binclass,0.6432926829268293,50,-0.004573170731707377,-0.45731707317073766,icl_training
ada_prior,0.8411829134720701,binclass,0.8400876232201533,50,0.0010952902519167917,0.10952902519167917,full_training
allrep,0.9827814569536424,multiclass,0.9854304635761588,50,-0.0026490066225164366,-0.26490066225164366,icl_training
autoUniv-au4-2500,0.534,multiclass,0.538,50,-0.0040000000000000036,-0.40000000000000036,icl_training
banknote_authentication,0.509090909090909,binclass,0.5163636363636364,50,-0.0072727272727273196,-0.727272727272732,icl_training
churn,0.954,binclass,0.954,50,0.0,0.0,tie
compass,0.8350856112946831,binclass,0.8392910784019225,50,-0.004205467107239458,-0.4205467107239458,icl_training
delta_ailerons,0.9516129032258064,binclass,0.9516129032258064,50,0.0,0.0,tie
drug_consumption,0.403183023872679,multiclass,0.403183023872679,50,0.0,0.0,tie
eye_movements_bin,0.6346911957950065,binclass,0.6379763469119579,50,-0.003285151116951379,-0.3285151116951379,icl_training
hill-valley,0.934156378600823,binclass,0.934156378600823,50,0.0,0.0,tie
ibm-employee-performance,1.0,binclass,1.0,50,0.0,0.0,tie
internet_usage,0.5296735905044511,multiclass,0.5296735905044511,50,0.0,0.0,tie
kc1,0.8886255924170616,binclass,0.8838862559241706,50,0.004739336492891044,0.4739336492891044,full_training
kropt,0.852815395580898,multiclass,0.852815395580898,50,0.0,0.0,tie
letter,0.98625,multiclass,0.98625,50,0.0,0.0,tie
maternal_health_risk,0.8719211822660099,multiclass,0.8719211822660099,50,0.0,0.0,tie
mfeat-karhunen,0.975,multiclass,0.975,50,0.0,0.0,tie
mfeat-zernike,0.865,multiclass,0.87,50,-0.0050000000000000044,-0.5000000000000004,icl_training
national-longitudinal-survey-binary,1.0,binclass,1.0,50,0.0,0.0,tie
one-hundred-plants-shape,0.8,multiclass,0.8,50,0.0,0.0,tie
optdigits,0.99644128113879,multiclass,0.99644128113879,50,0.0,0.0,tie
pc1,0.945945945945946,binclass,0.945945945945946,50,0.0,0.0,tie
pendigits,0.9972714870395636,multiclass,0.9972714870395636,50,0.0,0.0,tie
predict_students_dropout_and_academic_success,0.7638418079096045,multiclass,0.7638418079096045,50,0.0,0.0,tie
ringnorm,0.9804054054054054,binclass,0.9804054054054054,50,0.0,0.0,tie
segment,0.9307359307359307,multiclass,0.9329004329004328,50,-0.0021645021645020357,-0.21645021645020357,icl_training
sports_articles_for_objectivity_analysis,0.835,binclass,0.835,50,0.0,0.0,tie
sylvine,0.9697560975609756,binclass,0.9697560975609756,50,0.0,0.0,tie
texture,1.0,multiclass,1.0,50,0.0,0.0,tie
thyroid-dis,0.6910714285714286,multiclass,0.6928571428571428,50,-0.0017857142857142794,-0.17857142857142794,icl_training
vehicle,0.8647058823529412,multiclass,0.8647058823529412,50,0.0,0.0,tie
wall-robot-navigation,0.98992673992674,multiclass,0.98992673992674,50,0.0,0.0,tie
waveform_database_generator,0.342,multiclass,0.359,50,-0.01699999999999996,-1.699999999999996,icl_training
wine,0.7729941291585127,binclass,0.7710371819960861,50,0.00195694716242667,0.195694716242667,full_training
yeast,0.6161616161616161,multiclass,0.6296296296296297,50,-0.013468013468013518,-1.3468013468013518,icl_training
Amazon_employee_access,0.9446139761977418,binclass,0.9443088190418064,50,0.00030515715593537607,0.030515715593537607,full_training
Basketball_c,0.7089552238805971,binclass,0.7089552238805971,50,0.0,0.0,tie
Click_prediction_small,0.8317897371714643,binclass,0.8317897371714643,50,0.0,0.0,tie
Diabetic_Retinopathy_Debrecen,0.7402597402597403,binclass,0.7445887445887446,50,-0.0043290043290042934,-0.43290043290042934,icl_training
FICO-HELOC-cleaned,0.7458227848101265,binclass,0.7468354430379747,50,-0.0010126582278481289,-0.10126582278481289,icl_training
FOREX_audchf-day-High,0.7411444141689373,binclass,0.7302452316076294,50,0.01089918256130784,1.089918256130784,full_training
GAMETES_Epistasis_2-Way_20atts_0.1H_EDM-1_1,0.675,binclass,0.675,50,0.0,0.0,tie
GesturePhaseSegmentationProcessed,0.8030379746835443,multiclass,0.7969620253164557,50,0.006075949367088662,0.6075949367088662,full_training
KDDCup09_upselling,0.8118908382066277,binclass,0.8118908382066277,50,0.0,0.0,tie
Marketing_Campaign,0.8883928571428571,binclass,0.8883928571428571,50,0.0,0.0,tie
PhishingWebsites,0.9782903663500678,binclass,0.9782903663500678,50,0.0,0.0,tie
PizzaCutter3,0.8851674641148325,binclass,0.8803827751196173,50,0.004784688995215225,0.4784688995215225,full_training
Telecom_Churn_Dataset,0.9565217391304348,binclass,0.952023988005997,50,0.004497751124437843,0.4497751124437843,full_training
Wilt,0.9927461139896372,binclass,0.9927461139896372,50,0.0,0.0,tie
ada,0.8493975903614458,binclass,0.846987951807229,50,0.002409638554216831,0.24096385542168308,full_training
airlines_seed_0_nrows_2000_nclasses_10_ncols_100_stratify_True,0.6125,binclass,0.6075,50,0.0050000000000000044,0.5000000000000004,full_training
analcatdata_authorship,0.9881656804733728,multiclass,0.9881656804733728,50,0.0,0.0,tie
autoUniv-au7-1100,0.4181818181818181,multiclass,0.4227272727272727,50,-0.004545454545454575,-0.4545454545454575,icl_training
baseball,0.9477611940298508,multiclass,0.9477611940298508,50,0.0,0.0,tie
cmc,0.5830508474576271,multiclass,0.5830508474576271,50,0.0,0.0,tie
contraceptive_method_choice,0.6305084745762712,multiclass,0.6237288135593221,50,0.006779661016949157,0.6779661016949157,full_training
dis,0.981456953642384,binclass,0.9827814569536424,50,-0.0013245033112584403,-0.13245033112584403,icl_training
dry_bean_dataset,0.9287550495776716,multiclass,0.929122291590158,50,-0.00036724201248639066,-0.036724201248639066,icl_training
estimation_of_obesity_levels,0.983451536643026,multiclass,0.983451536643026,50,0.0,0.0,tie
first-order-theorem-proving,0.6282679738562091,multiclass,0.6282679738562091,50,0.0,0.0,tie
golf_play_dataset_extended,0.9269406392694064,binclass,0.9269406392694064,50,0.0,0.0,tie
house_16H,0.8865826538176427,binclass,0.885470719051149,50,0.0011119347664936274,0.11119347664936274,full_training
in_vehicle_coupon_recommendation,0.793062672447773,binclass,0.7926685061095783,50,0.00039416633819466806,0.039416633819466806,full_training
jm1,0.8208543867707855,binclass,0.821773082223243,50,-0.0009186954524574853,-0.09186954524574853,icl_training
kdd_ipums_la_97-small,0.8882466281310212,binclass,0.8882466281310212,50,0.0,0.0,tie
led24,0.73125,multiclass,0.734375,50,-0.0031250000000000444,-0.31250000000000444,icl_training
mfeat-factors,0.9775,multiclass,0.9775,50,0.0,0.0,tie
mfeat-morphological,0.765,multiclass,0.76,50,0.0050000000000000044,0.5000000000000004,full_training
mice_protein_expression,1.0,multiclass,1.0,50,0.0,0.0,tie
mozilla4,0.9404953361209392,binclass,0.9411386297844966,50,-0.0006432936635574205,-0.06432936635574205,icl_training
okcupid_stem,0.7479385307346327,multiclass,0.7488755622188905,50,-0.0009370314842578331,-0.09370314842578331,icl_training
one-hundred-plants-texture,0.91875,multiclass,0.91875,50,0.0,0.0,tie
ozone-level-8hr,0.9546351084812624,binclass,0.9566074950690336,50,-0.0019723865877712132,-0.19723865877712132,icl_training
pc3,0.8977635782747604,binclass,0.9009584664536742,50,-0.0031948881789137795,-0.31948881789137795,icl_training
phoneme,0.8982423681776133,binclass,0.8973172987974098,50,0.0009250693802034249,0.09250693802034249,full_training
qsar,0.909952606635071,binclass,0.909952606635071,50,0.0,0.0,tie
rl,0.8571428571428571,binclass,0.8601609657947686,50,-0.003018108651911544,-0.3018108651911544,icl_training
seismic+bumps,0.9342359767891684,binclass,0.9342359767891684,50,0.0,0.0,tie
spambase,0.9511400651465798,binclass,0.9511400651465798,50,0.0,0.0,tie
statlog,0.74,binclass,0.745,50,-0.0050000000000000044,-0.5000000000000004,icl_training
taiwanese_bankruptcy_prediction,0.9714076246334312,binclass,0.9714076246334312,50,0.0,0.0,tie
thyroid,0.9923611111111112,multiclass,0.9916666666666668,50,0.000694444444444442,0.0694444444444442,full_training
turiye_student_evaluation,0.5326460481099656,multiclass,0.5352233676975945,50,-0.002577319587628857,-0.2577319587628857,icl_training
volkert,0.7337506431143886,multiclass,0.7337506431143886,50,0.0,0.0,tie
water_quality,0.906875,binclass,0.9075,50,-0.0006249999999999867,-0.06249999999999867,icl_training
waveform_database_generator_version_1,0.863,multiclass,0.863,50,0.0,0.0,tie
wine-quality-red,0.66875,multiclass,0.66875,50,0.0,0.0,tie
BLE_RSSI_dataset_for_Indoor_localization,0.7401101652478718,multiclass,0.7396094141211818,50,0.0005007511266900133,0.05007511266900133,full_training
California-Housing-Classification,0.913032945736434,binclass,0.912063953488372,50,0.0009689922480620172,0.09689922480620172,full_training
E-CommereShippingData,0.6759090909090909,binclass,0.6754545454545454,50,0.00045454545454548523,0.04545454545454852,full_training
FOREX_audcad-day-High,0.7438692098092643,binclass,0.7465940054495913,50,-0.0027247956403270157,-0.27247956403270157,icl_training
FOREX_audjpy-day-High,0.7683923705722071,binclass,0.7683923705722071,50,0.0,0.0,tie
Firm-Teacher_Clave-Direction_Classification,0.8796296296296297,multiclass,0.8782407407407408,50,0.001388888888888884,0.1388888888888884,full_training
GAMETES_Heterogeneity_20atts_1600_Het_0.4_0.2_50_EDM-2_001,0.678125,binclass,0.678125,50,0.0,0.0,tie
HR_Analytics_Job_Change_of_Data_Scientists,0.8001043841336117,binclass,0.8001043841336117,50,0.0,0.0,tie
MIC,0.9090909090909092,binclass,0.906060606060606,50,0.003030303030303161,0.3030303030303161,full_training
Mobile_Price_Classification,0.94,multiclass,0.94,50,0.0,0.0,tie
PieChart3,0.8796296296296297,binclass,0.8796296296296297,50,0.0,0.0,tie
Pumpkin_Seeds,0.866,binclass,0.868,50,-0.0020000000000000018,-0.20000000000000018,icl_training
UJI_Pen_Characters,0.5421245421245421,multiclass,0.5421245421245421,50,0.0,0.0,tie
abalone,0.6172248803827751,multiclass,0.6291866028708134,50,-0.011961722488038284,-1.1961722488038284,icl_training
ada_agnostic,0.8389923329682366,binclass,0.8400876232201533,50,-0.0010952902519166807,-0.10952902519166807,icl_training
allbp,0.9788079470198676,multiclass,0.9788079470198676,50,0.0,0.0,tie
artificial-characters,0.8850293542074364,multiclass,0.8825831702544031,50,0.0024461839530333096,0.24461839530333096,full_training
car-evaluation,0.9797687861271676,multiclass,0.9797687861271676,50,0.0,0.0,tie
company_bankruptcy_prediction,0.9706744868035192,binclass,0.9714076246334312,50,-0.0007331378299120228,-0.07331378299120228,icl_training
credit,0.7843254561770865,binclass,0.7837271911456776,50,0.0005982650314089177,0.059826503140891774,full_training
dna,0.962382445141066,multiclass,0.9608150470219436,50,0.0015673981191223207,0.15673981191223207,full_training
eeg-eye-state,0.9919893190921228,binclass,0.9913217623497996,50,0.0006675567423232165,0.06675567423232165,full_training
eye_movements,0.7321755027422303,multiclass,0.7239488117001828,50,0.00822669104204754,0.822669104204754,full_training
heloc,0.7265,binclass,0.726,50,0.000500000000000056,0.050000000000005596,full_training
htru,0.9787709497206704,binclass,0.979608938547486,50,-0.0008379888268156277,-0.08379888268156277,icl_training
kr-vs-k,0.8508553100498931,multiclass,0.8508553100498931,50,0.0,0.0,tie
led7,0.74375,multiclass,0.74375,50,0.0,0.0,tie
mammography,0.9888243182834152,binclass,0.9874832364774252,50,0.0013410818059900187,0.13410818059900187,full_training
mfeat-fourier,0.8925,multiclass,0.8975,50,-0.0050000000000000044,-0.5000000000000004,icl_training
mfeat-pixel,0.975,multiclass,0.975,50,0.0,0.0,tie
microaggregation2,0.6375,multiclass,0.63925,50,-0.0017500000000000293,-0.17500000000000293,icl_training
one-hundred-plants-margin,0.909375,multiclass,0.909375,50,0.0,0.0,tie
online_shoppers,0.9038929440389294,binclass,0.9022708840227088,50,0.0016220600162205612,0.16220600162205612,full_training
page-blocks,0.9789954337899544,multiclass,0.9789954337899544,50,0.0,0.0,tie
pc4,0.910958904109589,binclass,0.910958904109589,50,0.0,0.0,tie
pol,0.9816559246405552,binclass,0.9821517104610809,50,-0.0004957858205256738,-0.04957858205256738,icl_training
rice_cammeo_and_osmancik,0.926509186351706,binclass,0.9291338582677166,50,-0.002624671916010568,-0.2624671916010568,icl_training
satimage,0.9401244167962676,multiclass,0.9409020217729394,50,-0.0007776049766717863,-0.07776049766717863,icl_training
semeion,0.9498432601880876,multiclass,0.9498432601880876,50,0.0,0.0,tie
splice,0.9608150470219436,multiclass,0.962382445141066,50,-0.0015673981191223207,-0.15673981191223207,icl_training
steel_plates_faults,0.8354755784061697,multiclass,0.8380462724935732,50,-0.0025706940874035134,-0.25706940874035134,icl_training
telco-customer-churn,0.808374733853797,binclass,0.8069552874378992,50,0.0014194464158977516,0.14194464158977516,full_training
thyroid-ann,0.9920529801324504,multiclass,0.9933774834437086,50,-0.0013245033112582183,-0.13245033112582183,icl_training
twonorm,0.979054054054054,binclass,0.979054054054054,50,0.0,0.0,tie
walking-activity,0.6641443733886898,multiclass,0.6641443733886898,50,0.0,0.0,tie
waveform-5000,0.869,multiclass,0.868,50,0.0010000000000000009,0.10000000000000009,full_training
website_phishing,0.915129151291513,multiclass,0.915129151291513,50,0.0,0.0,tie
wine-quality-white,0.6877551020408164,multiclass,0.6887755102040817,50,-0.0010204081632653184,-0.10204081632653184,icl_training
