dataset_name,task_type,n_train,n_val,n_test,n_features,n_classes,status_baseline,status_ttt_step10,bucket_ttt_step10_vs_baseline,accuracy_baseline,accuracy_ttt_step10,delta_ttt_step10_vs_baseline,delta_pp_ttt_step10_vs_baseline,relative_delta_pct_ttt_step10_vs_baseline,fit_seconds_baseline,fit_seconds_ttt_step10,predict_seconds_baseline,predict_seconds_ttt_step10,ttt_applied_ttt_step10,ttt_steps_ttt_step10,ttt_lr_ttt_step10,ttt_loss_ttt_step10,ttt_update_seconds_ttt_step10,n_train_a_ttt_step10,n_train_b_ttt_step10,n_holdout_c_ttt_step10,n_test_d_ttt_step10,ttt_split_strategy_ttt_step10,ttt_split_reason_ttt_step10,error_type_ttt_step10,error_first_line_ttt_step10,dataset_dir
ASP-POTASSCO-classification,multiclass,1035,207,259,141,11,ok,ok,tie,0.4401544401544401,0.4401544401544401,0.0,0.0,0.0,0.8151788711547852,1.3587090969085691,3.5207114219665527,3.4335713386535645,False,0,2e-06,,0.7997982501983643,1035,776,259,259,stratified,stratified split | TTT training skipped because n_classes=11 exceeds model max_classes=10,,,/home/crc00006699/zh/tabiclv2/data178/ASP-POTASSCO-classification
Amazon_employee_access,binclass,26215,5243,6554,7,2,ok,ok,regressed,0.9443088190418064,0.9441562404638388,-0.000152578577967577,-0.015257857796757701,-0.016157699143633863,0.8197550773620605,59.12992453575134,13.53306531906128,12.226089239120483,True,10,2e-06,0.1959245800971985,58.88638496398926,26215,19661,6554,6554,stratified,stratified split,,,/home/crc00006699/zh/tabiclv2/data178/Amazon_employee_access
BLE_RSSI_dataset_for_Indoor_localization,multiclass,7987,1598,1997,3,3,ok,ok,regressed,0.7406109163745619,0.7391086629944917,-0.001502253380070151,-0.1502253380070151,-0.20283975659229825,0.630218505859375,8.593618392944336,2.6772477626800537,1.430232048034668,True,10,2e-06,0.6154716610908508,8.550940990447998,7987,5990,1997,1997,stratified,stratified split,,,/home/crc00006699/zh/tabiclv2/data178/BLE_RSSI_dataset_for_Indoor_localization
BNG(breast-w),binclass,31492,6299,7874,9,2,ok,ok,tie,0.9883159766319533,0.9883159766319533,0.0,0.0,0.0,0.619035005569458,82.47055578231812,19.000386476516724,18.95912384986877,True,10,2e-06,0.036260899156332,82.18782424926758,31492,23619,7873,7874,stratified,stratified split,,,/home/crc00006699/zh/tabiclv2/data178/BNG(breast-w)
BNG(cmc),multiclass,44236,8848,11060,9,3,ok,ok,improved,0.58625678119349,0.5876130198915009,0.0013562386980109364,0.13562386980109364,0.2313386798272819,0.7731552124023438,155.412122964859,34.38356924057007,34.639272689819336,True,10,2e-06,0.8949072360992432,154.9801378250122,44236,33177,11059,11060,stratified,stratified split,,,/home/crc00006699/zh/tabiclv2/data178/BNG(cmc)
BNG(tic-tac-toe),binclass,31492,6299,7874,9,2,ok,ok,improved,0.8150876301752603,0.8153416306832614,0.0002540005080010621,0.02540005080010621,0.03116235587410974,0.6858181953430176,82.72842240333557,19.008645057678223,19.298699140548703,True,10,2e-06,0.3994164764881134,82.36221194267273,31492,23619,7873,7874,stratified,stratified split,,,/home/crc00006699/zh/tabiclv2/data178/BNG(tic-tac-toe)
Bank_Customer_Churn_Dataset,binclass,8000,1600,2000,10,2,ok,ok,improved,0.877,0.8775,0.0004999999999999449,0.04999999999999449,0.05701254275940079,0.4421720504760742,7.293807506561279,2.512715101242065,2.291273355484009,True,10,2e-06,0.3518424332141876,7.204155206680298,8000,6000,2000,2000,stratified,stratified split,,,/home/crc00006699/zh/tabiclv2/data178/Bank_Customer_Churn_Dataset
Basketball_c,binclass,1072,215,268,11,2,ok,ok,regressed,0.7126865671641791,0.7089552238805971,-0.003731343283582045,-0.3731343283582045,-0.5235602094240774,0.3779196739196777,0.8233225345611572,0.3998756408691406,0.3670330047607422,True,10,2e-06,0.5445345044136047,0.7931456565856934,1072,804,268,268,stratified,stratified split,,,/home/crc00006699/zh/tabiclv2/data178/Basketball_c
California-Housing-Classification,binclass,16512,3303,4128,8,2,ok,ok,improved,0.9127906976744186,0.913032945736434,0.0002422480620154488,0.02422480620154488,0.026539278131628787,0.4982361793518066,24.628108978271484,6.714113712310791,6.449357748031616,True,10,2e-06,0.4652988910675049,24.48462915420532,16512,12384,4128,4128,stratified,stratified split,,,/home/crc00006699/zh/tabiclv2/data178/California-Housing-Classification
Cardiovascular-Disease-dataset,binclass,56000,11200,14000,11,2,ok,ok,tie,0.7341428571428571,0.7341428571428571,0.0,0.0,0.0,0.8122813701629639,249.32928490638733,53.11316227912903,53.54922699928284,True,10,2e-06,0.5720226764678955,248.77490973472595,56000,42000,14000,14000,stratified,stratified split,,,/home/crc00006699/zh/tabiclv2/data178/Cardiovascular-Disease-dataset
Click_prediction_small,binclass,31958,6392,7990,3,2,ok,ok,regressed,0.8320400500625782,0.8317897371714643,-0.00025031289111387967,-0.025031289111387967,-0.03008423586040762,0.4048318862915039,83.00064182281494,6.997009754180908,7.118640184402466,True,10,2e-06,0.4392837584018707,82.90241861343384,31958,23968,7990,7990,stratified,stratified split,,,/home/crc00006699/zh/tabiclv2/data178/Click_prediction_small
Credit_c,multiclass,80000,16000,20000,22,3,ok,fail,ttt_failed,0.792,,,,,1.7806065082550049,0.0,111.15165758132936,0.0,False,0,,,0.0,0,0,0,0,,,RuntimeError,RuntimeError: CUDA error: invalid configuration argument,/home/crc00006699/zh/tabiclv2/data178/Credit_c
Customer_Personality_Analysis,binclass,1792,359,448,24,2,ok,ok,tie,0.8839285714285714,0.8839285714285714,0.0,0.0,0.0,0.4083352088928222,1.3825695514678955,0.7227966785430908,0.5919582843780518,True,10,2e-06,0.269624799489975,1.319544553756714,1792,1344,448,448,stratified,stratified split,,,/home/crc00006699/zh/tabiclv2/data178/Customer_Personality_Analysis
Diabetic_Retinopathy_Debrecen,binclass,920,184,231,19,2,ok,ok,tie,0.7489177489177489,0.7489177489177489,0.0,0.0,0.0,0.3530807495117187,0.8389372825622559,0.6521532535552979,0.5585062503814697,True,10,2e-06,0.5766546726226807,0.7979922294616699,920,690,230,231,stratified,stratified split,,,/home/crc00006699/zh/tabiclv2/data178/Diabetic_Retinopathy_Debrecen
E-CommereShippingData,binclass,8799,1760,2200,10,2,ok,ok,regressed,0.6781818181818182,0.6759090909090909,-0.002272727272727315,-0.2272727272727315,-0.3351206434316416,0.4323041439056396,8.610041618347168,2.8907456398010254,2.633472681045532,True,10,2e-06,0.5209206938743591,8.5192711353302,8799,6599,2200,2200,stratified,stratified split,,,/home/crc00006699/zh/tabiclv2/data178/E-CommereShippingData
Employee,binclass,3722,745,931,8,2,ok,ok,regressed,0.8528464017185822,0.8517722878625135,-0.0010741138560687036,-0.10741138560687036,-0.12594458438286688,0.3660156726837158,2.4556729793548584,0.9537360668182372,0.8347597122192383,True,10,2e-06,0.4886132180690765,2.408729076385498,3722,2791,931,931,stratified,stratified split,,,/home/crc00006699/zh/tabiclv2/data178/Employee
FICO-HELOC-cleaned,binclass,7896,1580,1975,23,2,ok,ok,regressed,0.7448101265822785,0.7437974683544304,-0.0010126582278481289,-0.10126582278481289,-0.13596193065941906,0.465599775314331,7.693865537643433,3.1942059993743896,2.90926194190979,True,10,2e-06,0.5540485978126526,7.526027679443359,7896,5922,1974,1975,stratified,stratified split,,,/home/crc00006699/zh/tabiclv2/data178/FICO-HELOC-cleaned
FOREX_audcad-day-High,binclass,1467,294,367,10,2,ok,ok,regressed,0.7438692098092643,0.7411444141689373,-0.0027247956403270157,-0.27247956403270157,-0.3663003663003717,0.3528389930725097,0.9601850509643556,0.4371953010559082,0.3276093006134033,True,10,2e-06,0.5726471543312073,0.9307858943939208,1467,1100,367,367,stratified,stratified split,,,/home/crc00006699/zh/tabiclv2/data178/FOREX_audcad-day-High
FOREX_audcad-hour-High,binclass,35060,7012,8765,10,2,ok,ok,improved,0.7120365088419852,0.7150028522532801,0.0029663434112948694,0.29663434112948694,0.4165999038615531,0.6262383460998535,101.65281343460084,23.19978666305542,23.13888645172119,True,10,2e-06,0.5518598556518555,101.34116339683531,35060,26295,8765,8765,stratified,stratified split,,,/home/crc00006699/zh/tabiclv2/data178/FOREX_audcad-hour-High
FOREX_audchf-day-High,binclass,1466,294,367,10,2,ok,ok,regressed,0.7547683923705722,0.7384196185286104,-0.016348773841961872,-1.6348773841961872,-2.166064981949461,0.3647594451904297,0.928910493850708,0.4128069877624511,0.3830976486206054,True,10,2e-06,0.5437480211257935,0.896984338760376,1466,1099,367,367,stratified,stratified split,,,/home/crc00006699/zh/tabiclv2/data178/FOREX_audchf-day-High
FOREX_audjpy-day-High,binclass,1465,293,367,10,2,ok,ok,improved,0.7656675749318801,0.771117166212534,0.00544959128065392,0.544959128065392,0.7117437722419889,0.3412368297576904,0.9271697998046876,0.3927514553070068,0.3052589893341064,True,10,2e-06,0.6920716762542725,0.9000444412231445,1465,1098,367,367,stratified,stratified split,,,/home/crc00006699/zh/tabiclv2/data178/FOREX_audjpy-day-High
FOREX_audjpy-hour-High,binclass,35060,7012,8765,10,2,ok,ok,improved,0.7086138049058757,0.7087278950370793,0.00011409013120367018,0.011409013120367018,0.016100466913543214,0.5928945541381836,101.4761803150177,23.28204655647278,23.048539638519287,True,10,2e-06,0.6909100413322449,101.19323325157166,35060,26295,8765,8765,stratified,stratified split,,,/home/crc00006699/zh/tabiclv2/data178/FOREX_audjpy-hour-High
FOREX_audsgd-hour-High,binclass,35060,7012,8765,10,2,ok,ok,improved,0.6838562464346833,0.6922989161437536,0.00844266970907026,0.8442669709070261,1.2345679012345818,0.641925573348999,100.84841775894164,23.277124166488647,23.242316722869877,True,10,2e-06,0.5821319222450256,100.50207376480104,35060,26295,8765,8765,stratified,stratified split,,,/home/crc00006699/zh/tabiclv2/data178/FOREX_audsgd-hour-High
FOREX_audusd-hour-High,binclass,35060,7012,8765,10,2,ok,ok,improved,0.6816885339418141,0.689560752994866,0.00787221905305191,0.787221905305191,1.1548117154811712,0.6303493976593018,100.85234999656676,23.28602504730225,23.17981338500977,True,10,2e-06,0.570963978767395,100.51860737800598,35060,26295,8765,8765,stratified,stratified split,,,/home/crc00006699/zh/tabiclv2/data178/FOREX_audusd-hour-High
FOREX_cadjpy-day-High,binclass,1467,294,367,10,2,ok,ok,regressed,0.7166212534059946,0.7084468664850136,-0.008174386920980936,-0.8174386920980936,-1.1406844106463891,0.3731980323791504,0.96425199508667,0.4634444713592529,0.3664343357086181,True,10,2e-06,0.6915991902351379,0.9342234134674072,1467,1100,367,367,stratified,stratified split,,,/home/crc00006699/zh/tabiclv2/data178/FOREX_cadjpy-day-High
FOREX_cadjpy-hour-High,binclass,35060,7012,8765,10,2,ok,ok,improved,0.7007415858528238,0.7011979463776383,0.0004563605248145697,0.04563605248145697,0.06512536633018078,0.6164278984069824,100.76875472068788,23.52389430999756,23.194527864456177,True,10,2e-06,0.6903858780860901,100.473450422287,35060,26295,8765,8765,stratified,stratified split,,,/home/crc00006699/zh/tabiclv2/data178/FOREX_cadjpy-hour-High
Firm-Teacher_Clave-Direction_Classification,multiclass,8640,1728,2160,16,4,ok,ok,regressed,0.8782407407407408,0.8768518518518519,-0.001388888888888884,-0.1388888888888884,-0.15814443858724245,0.4750707149505615,8.238432168960571,3.1152985095977783,2.874096393585205,True,10,2e-06,0.3296713829040527,8.06633996963501,8640,6480,2160,2160,stratified,stratified split,,,/home/crc00006699/zh/tabiclv2/data178/Firm-Teacher_Clave-Direction_Classification
Fitness_Club_c,binclass,1200,240,300,6,2,ok,ok,improved,0.7866666666666666,0.7933333333333333,0.00666666666666671,0.666666666666671,0.8474576271186496,0.3396594524383545,0.8134076595306396,0.2608733177185058,0.1916821002960205,True,10,2e-06,0.5005090236663818,0.787559986114502,1200,900,300,300,stratified,stratified split,,,/home/crc00006699/zh/tabiclv2/data178/Fitness_Club_c
GAMETES_Epistasis_2-Way_20atts_0.1H_EDM-1_1,binclass,1280,256,320,20,2,ok,ok,tie,0.66875,0.66875,0.0,0.0,0.0,0.3958191871643066,0.9863264560699464,0.5084073543548584,0.4441256523132324,True,10,2e-06,0.6351723074913025,0.9280438423156738,1280,960,320,320,stratified,stratified split,,,/home/crc00006699/zh/tabiclv2/data178/GAMETES_Epistasis_2-Way_20atts_0.1H_EDM-1_1
GAMETES_Heterogeneity_20atts_1600_Het_0.4_0.2_50_EDM-2_001,binclass,1280,256,320,20,2,ok,ok,tie,0.68125,0.68125,0.0,0.0,0.0,0.3661291599273681,0.9481985569000244,0.4600286483764648,0.4007799625396728,True,10,2e-06,0.4903071820735931,0.8904335498809814,1280,960,320,320,stratified,stratified split,,,/home/crc00006699/zh/tabiclv2/data178/GAMETES_Heterogeneity_20atts_1600_Het_0.4_0.2_50_EDM-2_001
Gender_Gap_in_Spanish_WP,multiclass,3796,760,950,13,3,ok,ok,improved,0.6052631578947368,0.608421052631579,0.0031578947368421373,0.31578947368421373,0.5217391304347879,0.3567304611206054,2.5664942264556885,1.0894227027893066,1.276667833328247,True,10,2e-06,0.8227936029434204,2.517364025115967,3796,2847,949,950,stratified,stratified split,,,/home/crc00006699/zh/tabiclv2/data178/Gender_Gap_in_Spanish_WP
GesturePhaseSegmentationProcessed,multiclass,7898,1580,1975,32,5,ok,ok,improved,0.7863291139240506,0.7939240506329114,0.0075949367088608,0.75949367088608,0.9658725048293677,0.5231597423553467,8.102089881896973,3.617485523223877,3.274106025695801,True,10,2e-06,0.6293200850486755,7.886489152908325,7898,5923,1975,1975,stratified,stratified split,,,/home/crc00006699/zh/tabiclv2/data178/GesturePhaseSegmentationProcessed
HR_Analytics_Job_Change_of_Data_Scientists,binclass,15326,3066,3832,13,2,ok,ok,improved,0.7993215031315241,0.8001043841336117,0.0007828810020876764,0.07828810020876764,0.09794319294808931,0.5204997062683105,21.734415531158447,6.392453193664551,6.318466663360596,True,10,2e-06,0.4325109124183655,21.514349937438965,15326,11494,3832,3832,stratified,stratified split,,,/home/crc00006699/zh/tabiclv2/data178/HR_Analytics_Job_Change_of_Data_Scientists
IBM_HR_Analytics_Employee_Attrition_and_Performance,binclass,1176,236,294,31,2,ok,ok,tie,0.8639455782312925,0.8639455782312925,0.0,0.0,0.0,0.3751401901245117,1.003117322921753,0.5083746910095215,0.3912844657897949,True,10,2e-06,0.2406728565692901,0.9356465339660645,1176,882,294,294,stratified,stratified split,,,/home/crc00006699/zh/tabiclv2/data178/IBM_HR_Analytics_Employee_Attrition_and_Performance
INNHotelsGroup,binclass,29020,5804,7255,17,2,ok,ok,regressed,0.9021364576154376,0.9018607856650586,-0.0002756719503790306,-0.02756719503790306,-0.030557677616499114,0.7287540435791016,71.3343403339386,17.90743350982666,17.899629592895508,True,10,2e-06,0.2976196110248565,70.88747906684875,29020,21765,7255,7255,stratified,stratified split,,,/home/crc00006699/zh/tabiclv2/data178/INNHotelsGroup
Indian_pines,multiclass,7315,1463,1829,220,8,ok,ok,tie,0.9622744669218152,0.9622744669218152,0.0,0.0,0.0,1.4927284717559814,16.089771509170532,11.215372085571287,11.622474670410156,True,10,2e-06,1.4429266452789309,14.928194046020508,7315,5486,1829,1829,stratified,stratified split,,,/home/crc00006699/zh/tabiclv2/data178/Indian_pines
JapaneseVowels,multiclass,7968,1594,1993,14,9,ok,ok,tie,0.9989964877069744,0.9989964877069744,0.0,0.0,0.0,0.4063103199005127,7.399857521057129,2.62676739692688,2.466752767562866,True,10,2e-06,0.0047179507091641,7.298060417175293,7968,5976,1992,1993,stratified,stratified split,,,/home/crc00006699/zh/tabiclv2/data178/JapaneseVowels
KDDCup09_upselling,binclass,4102,821,1026,49,2,ok,ok,improved,0.8118908382066277,0.8138401559454191,0.0019493177387914784,0.19493177387914784,0.24009603841537297,0.5369017124176025,3.781697988510132,2.047600030899048,1.948394060134888,True,10,2e-06,0.4120779037475586,3.575944423675537,4102,3076,1026,1026,stratified,stratified split,,,/home/crc00006699/zh/tabiclv2/data178/KDDCup09_upselling
MIC,binclass,1319,264,330,104,2,ok,ok,tie,0.9090909090909092,0.9090909090909092,0.0,0.0,0.0,0.5674049854278564,1.9697482585906985,1.170243501663208,1.1231489181518557,True,10,2e-06,0.3011309504508972,1.7075858116149902,1319,989,330,330,stratified,stratified split,,,/home/crc00006699/zh/tabiclv2/data178/MIC
MagicTelescope,binclass,15216,3044,3804,9,2,ok,ok,regressed,0.8848580441640379,0.8832807570977917,-0.001577287066246158,-0.1577287066246158,-0.17825311942960145,0.4342396259307861,21.29445457458496,6.051984786987305,5.873544216156006,True,10,2e-06,0.3326756954193115,21.16277265548706,15216,11412,3804,3804,stratified,stratified split,,,/home/crc00006699/zh/tabiclv2/data178/MagicTelescope
Marketing_Campaign,binclass,1792,359,448,27,2,ok,ok,tie,0.890625,0.890625,0.0,0.0,0.0,0.3790252208709717,1.3949360847473145,0.7090649604797363,0.5848956108093262,True,10,2e-06,0.2497767508029937,1.3228483200073242,1792,1344,448,448,stratified,stratified split,,,/home/crc00006699/zh/tabiclv2/data178/Marketing_Campaign
Mobile_Price_Classification,multiclass,1600,320,400,20,4,ok,ok,tie,0.94,0.94,0.0,0.0,0.0,0.3607692718505859,1.079106330871582,0.5316307544708252,0.4645369052886963,True,10,2e-06,1.3701980113983154,1.0270893573760986,1600,1200,400,400,stratified,stratified split,,,/home/crc00006699/zh/tabiclv2/data178/Mobile_Price_Classification
National_Health_and_Nutrition_Health_Survey,binclass,1822,365,456,7,2,ok,ok,regressed,0.8399122807017544,0.8377192982456141,-0.002192982456140302,-0.21929824561403022,-0.2610966057441195,0.3388147354125976,1.3790922164916992,0.4682562351226806,0.3508849143981933,True,10,2e-06,0.3968375623226166,1.352006196975708,1822,1366,456,456,stratified,stratified split,,,/home/crc00006699/zh/tabiclv2/data178/National_Health_and_Nutrition_Health_Survey
PhishingWebsites,binclass,8844,1769,2211,30,2,ok,ok,improved,0.979194934418815,0.9800995024875622,0.0009045680687471691,0.09045680687471691,0.09237875288683561,0.5716607570648193,9.899179458618164,3.755772829055786,3.707572460174561,True,10,2e-06,0.0486559011042118,9.624411582946776,8844,6633,2211,2211,stratified,stratified split,,,/home/crc00006699/zh/tabiclv2/data178/PhishingWebsites
PieChart3,binclass,861,173,216,37,2,ok,ok,tie,0.875,0.875,0.0,0.0,0.0,0.5609714984893799,1.039924144744873,0.7397828102111816,0.6355745792388916,True,10,2e-06,0.3013886213302612,0.9749109745025636,861,645,216,216,stratified,stratified split,,,/home/crc00006699/zh/tabiclv2/data178/PieChart3
Pima_Indians_Diabetes_Database,binclass,614,123,154,8,2,ok,ok,tie,0.7467532467532467,0.7467532467532467,0.0,0.0,0.0,0.3313746452331543,0.7128853797912598,0.365262508392334,0.2686502933502197,True,10,2e-06,0.4595182836055755,0.6876616477966309,614,460,154,154,stratified,stratified split,,,/home/crc00006699/zh/tabiclv2/data178/Pima_Indians_Diabetes_Database
PizzaCutter3,binclass,834,167,209,37,2,ok,ok,tie,0.8803827751196173,0.8803827751196173,0.0,0.0,0.0,0.3744237422943115,0.9143977165222168,0.7117657661437988,0.6574864387512207,True,10,2e-06,0.3045602738857269,0.8479893207550049,834,625,209,209,stratified,stratified split,,,/home/crc00006699/zh/tabiclv2/data178/PizzaCutter3
Pumpkin_Seeds,binclass,2000,400,500,12,2,ok,ok,improved,0.872,0.874,0.0020000000000000018,0.20000000000000018,0.22935779816513782,0.3438808917999267,1.2927393913269043,0.5485992431640625,0.4957246780395508,True,10,2e-06,0.2274647951126098,1.2577550411224363,2000,1500,500,500,stratified,stratified split,,,/home/crc00006699/zh/tabiclv2/data178/Pumpkin_Seeds
QSAR_biodegradation,binclass,843,169,211,41,2,ok,ok,improved,0.8862559241706162,0.8909952606635071,0.004739336492890933,0.4739336492890933,0.534759358288763,0.4245004653930664,1.0114381313323977,0.7139487266540527,0.6197597980499268,True,10,2e-06,0.2637661695480346,0.8989870548248291,843,632,211,211,stratified,stratified split,,,/home/crc00006699/zh/tabiclv2/data178/QSAR_biodegradation
Rain_in_Australia,multiclass,116368,23274,29092,18,3,ok,fail,ttt_failed,0.8503712360786471,,,,,2.0024683475494385,0.0,296.4315595626831,0.0,False,0,,,0.0,0,0,0,0,,,RuntimeError,RuntimeError: CUDA error: invalid configuration argument,/home/crc00006699/zh/tabiclv2/data178/Rain_in_Australia
SDSS17,multiclass,80000,16000,20000,12,3,ok,fail,ttt_failed,0.9762,,,,,1.0477042198181152,0.0,106.15025877952576,0.0,False,0,,,0.0,0,0,0,0,,,RuntimeError,RuntimeError: CUDA error: invalid configuration argument,/home/crc00006699/zh/tabiclv2/data178/SDSS17
Satellite,binclass,4080,816,1020,36,2,ok,ok,tie,0.9931372549019608,0.9931372549019608,0.0,0.0,0.0,0.4437465667724609,3.364290237426758,1.709503412246704,1.5787546634674072,True,10,2e-06,0.0274839866906404,3.234726428985596,4080,3060,1020,1020,stratified,stratified split,,,/home/crc00006699/zh/tabiclv2/data178/Satellite
Telecom_Churn_Dataset,binclass,2666,534,667,17,2,ok,ok,tie,0.9550224887556222,0.9550224887556222,0.0,0.0,0.0,0.5314147472381592,1.7555088996887207,0.9212701320648192,0.7629292011260986,True,10,2e-06,0.2132152915000915,1.697987079620361,2666,1999,667,667,stratified,stratified split,,,/home/crc00006699/zh/tabiclv2/data178/Telecom_Churn_Dataset
UJI_Pen_Characters,multiclass,1091,219,273,80,35,ok,ok,tie,0.5421245421245421,0.5421245421245421,0.0,0.0,0.0,0.4650278091430664,0.8404204845428467,2.3061394691467285,2.2103402614593506,False,0,2e-06,,0.4149596691131592,1091,818,273,273,stratified,stratified split | TTT training skipped because n_classes=35 exceeds model max_classes=10,,,/home/crc00006699/zh/tabiclv2/data178/UJI_Pen_Characters
Water_Quality_and_Potability,binclass,2620,524,656,8,2,ok,ok,tie,0.6417682926829268,0.6417682926829268,0.0,0.0,0.0,0.3466596603393554,1.5345444679260254,0.6794238090515137,0.5591447353363037,True,10,2e-06,0.6568711400032043,1.5022811889648438,2620,1965,655,656,stratified,stratified split,,,/home/crc00006699/zh/tabiclv2/data178/Water_Quality_and_Potability
Wilt,binclass,3856,772,965,5,2,ok,ok,tie,0.9927461139896372,0.9927461139896372,0.0,0.0,0.0,0.3395838737487793,2.4179420471191406,0.6373746395111084,0.5276203155517578,True,10,2e-06,0.1894938349723816,2.3856964111328125,3856,2892,964,965,stratified,stratified split,,,/home/crc00006699/zh/tabiclv2/data178/Wilt
abalone,multiclass,3341,669,836,8,3,ok,ok,improved,0.6519138755980861,0.65311004784689,0.0011961722488038617,0.11961722488038617,0.18348623853211532,0.3707823753356933,1.949578046798706,0.9034225940704346,0.7994608879089355,True,10,2e-06,0.6635556221008301,1.906815767288208,3341,2505,836,836,stratified,stratified split,,,/home/crc00006699/zh/tabiclv2/data178/abalone
accelerometer,multiclass,122403,24481,30601,4,4,ok,fail,ttt_failed,0.7410542139145779,,,,,0.7155473232269287,0.0,231.66927766799927,0.0,False,0,,,0.0,0,0,0,0,,,RuntimeError,RuntimeError: CUDA error: invalid configuration argument,/home/crc00006699/zh/tabiclv2/data178/accelerometer
ada,binclass,3317,664,830,48,2,ok,ok,regressed,0.8481927710843373,0.846987951807229,-0.00120481927710836,-0.12048192771083599,-0.14204545454544584,0.4314839839935303,2.6526665687561035,1.5898911952972412,1.438206672668457,True,10,2e-06,0.3449901640415191,2.5241715908050537,3317,2487,830,830,stratified,stratified split,,,/home/crc00006699/zh/tabiclv2/data178/ada
ada_agnostic,binclass,3649,730,913,48,2,ok,ok,tie,0.8400876232201533,0.8400876232201533,0.0,0.0,0.0,0.4654519557952881,3.157384872436523,1.847543478012085,1.616739273071289,True,10,2e-06,0.3479412794113159,3.0176987648010254,3649,2736,913,913,stratified,stratified split,,,/home/crc00006699/zh/tabiclv2/data178/ada_agnostic
ada_prior,binclass,3649,730,913,14,2,ok,ok,regressed,0.8411829134720701,0.8400876232201533,-0.0010952902519167917,-0.10952902519167917,-0.13020833333333737,0.4143166542053222,2.541601181030273,1.1880998611450195,0.9745514392852784,True,10,2e-06,0.3414407670497894,2.4731040000915527,3649,2736,913,913,stratified,stratified split,,,/home/crc00006699/zh/tabiclv2/data178/ada_prior
airlines_seed_0_nrows_2000_nclasses_10_ncols_100_stratify_True,binclass,1600,320,400,7,2,ok,ok,improved,0.6025,0.61,0.007499999999999951,0.7499999999999951,1.2448132780082906,0.3360295295715332,0.9608078002929688,0.3900761604309082,0.2811543941497803,True,10,2e-06,0.6648842692375183,0.928431510925293,1600,1200,400,400,stratified,stratified split,,,/home/crc00006699/zh/tabiclv2/data178/airlines_seed_0_nrows_2000_nclasses_10_ncols_100_stratify_True
allbp,multiclass,3017,604,755,29,3,ok,ok,tie,0.9788079470198676,0.9788079470198676,0.0,0.0,0.0,0.4310293197631836,2.200856685638428,1.1189093589782717,1.008540153503418,True,10,2e-06,0.0814546272158622,2.094316244125366,3017,2262,755,755,stratified,stratified split,,,/home/crc00006699/zh/tabiclv2/data178/allbp
allrep,multiclass,3017,604,755,29,4,ok,ok,tie,0.9854304635761588,0.9854304635761588,0.0,0.0,0.0,0.4142251014709472,2.2253739833831787,1.1177313327789309,0.9560081958770752,True,10,2e-06,0.080245740711689,2.1199307441711426,3017,2262,755,755,stratified,stratified split,,,/home/crc00006699/zh/tabiclv2/data178/allrep
analcatdata_authorship,multiclass,672,135,169,69,4,ok,ok,tie,0.9881656804733728,0.9881656804733728,0.0,0.0,0.0,0.4097840785980224,1.0273923873901367,0.5088052749633789,0.4026427268981933,True,10,2e-06,0.0005790192517451,0.9213120937347412,672,504,168,169,stratified,stratified split,,,/home/crc00006699/zh/tabiclv2/data178/analcatdata_authorship
artificial-characters,multiclass,8174,1635,2044,7,10,ok,ok,improved,0.8639921722113503,0.8708414872798435,0.006849315068493178,0.6849315068493178,0.7927519818799579,0.40114426612854,7.215044260025024,2.4244563579559326,2.361956834793091,True,10,2e-06,0.61060631275177,7.145111322402954,8174,6130,2044,2044,stratified,stratified split,,,/home/crc00006699/zh/tabiclv2/data178/artificial-characters
autoUniv-au4-2500,multiclass,2000,400,500,100,3,ok,ok,tie,0.522,0.522,0.0,0.0,0.0,0.5604047775268555,2.5727553367614746,1.6170332431793213,1.4481706619262695,True,10,2e-06,0.8897333741188049,2.3242335319519043,2000,1500,500,500,stratified,stratified split,,,/home/crc00006699/zh/tabiclv2/data178/autoUniv-au4-2500
autoUniv-au7-1100,multiclass,880,176,220,12,5,ok,ok,tie,0.4045454545454545,0.4045454545454545,0.0,0.0,0.0,0.3391172885894775,0.7950479984283447,0.5005779266357422,0.410259485244751,True,10,2e-06,1.3231956958770752,0.7602512836456299,880,660,220,220,stratified,stratified split,,,/home/crc00006699/zh/tabiclv2/data178/autoUniv-au7-1100
bank,binclass,36168,7234,9043,16,2,ok,ok,improved,0.9089903792989052,0.9091009620701096,0.00011058277120434834,0.011058277120434834,0.012165450121665719,0.8194398880004883,107.19805455207825,25.779200315475464,25.682305812835693,True,10,2e-06,0.2326516509056091,106.6805989742279,36168,27126,9042,9043,stratified,stratified split,,,/home/crc00006699/zh/tabiclv2/data178/bank
banknote_authentication,binclass,1097,220,275,4,2,ok,ok,tie,0.5490909090909091,0.5490909090909091,0.0,0.0,0.0,0.339785099029541,0.7628438472747803,0.1556184291839599,0.1892886161804199,True,10,2e-06,0.6753362417221069,0.7449710369110107,1097,822,275,275,stratified,stratified split,,,/home/crc00006699/zh/tabiclv2/data178/banknote_authentication
baseball,multiclass,1072,215,268,16,3,ok,ok,tie,0.9477611940298508,0.9477611940298508,0.0,0.0,0.0,0.3466944694519043,0.8629283905029297,0.3583629131317138,0.2609913349151611,True,10,2e-06,0.1727681308984756,0.821774959564209,1072,804,268,268,stratified,stratified split,,,/home/crc00006699/zh/tabiclv2/data178/baseball
car-evaluation,multiclass,1382,277,346,21,4,ok,ok,improved,0.9739884393063584,0.9826589595375722,0.00867052023121384,0.8670520231213841,0.8902077151335279,0.4070861339569092,1.054525375366211,0.5514791011810303,0.4819276332855224,True,10,2e-06,0.0032986330334097,0.9926812648773192,1382,1036,346,346,stratified,stratified split,,,/home/crc00006699/zh/tabiclv2/data178/car-evaluation
churn,binclass,4000,800,1000,20,2,ok,ok,improved,0.952,0.953,0.0010000000000000009,0.10000000000000009,0.10504201680672279,0.4016494750976562,2.946935653686523,1.3154208660125732,1.1655786037445068,True,10,2e-06,0.2410349249839782,2.8604736328125,4000,3000,1000,1000,stratified,stratified split,,,/home/crc00006699/zh/tabiclv2/data178/churn
cmc,multiclass,1178,236,295,9,3,ok,ok,regressed,0.5898305084745763,0.5864406779661017,-0.003389830508474634,-0.3389830508474634,-0.5747126436781707,0.3352518081665039,0.8292093276977539,0.3347566127777099,0.2441768646240234,True,10,2e-06,0.8434777855873108,0.7959482669830322,1178,883,295,295,stratified,stratified split,,,/home/crc00006699/zh/tabiclv2/data178/cmc
company_bankruptcy_prediction,binclass,5455,1091,1364,95,2,ok,ok,improved,0.9706744868035192,0.9714076246334312,0.0007331378299120228,0.07331378299120228,0.07552870090634434,0.7475132942199707,7.003268241882324,3.99669361114502,3.912952423095703,True,10,2e-06,0.0812887549400329,6.576767683029175,5455,4091,1364,1364,stratified,stratified split,,,/home/crc00006699/zh/tabiclv2/data178/company_bankruptcy_prediction
compass,binclass,13315,2663,3329,17,2,ok,ok,improved,0.8266746770802043,0.8347852207870231,0.008110543706818851,0.8110543706818851,0.9811046511627891,0.5227921009063721,17.65207290649414,5.709430932998657,5.300164699554443,True,10,2e-06,0.3543134331703186,17.43485164642334,13315,9986,3329,3329,stratified,stratified split,,,/home/crc00006699/zh/tabiclv2/data178/compass
contraceptive_method_choice,multiclass,1178,236,295,9,3,ok,ok,regressed,0.6271186440677966,0.6237288135593221,-0.003389830508474523,-0.3389830508474523,-0.540540540540532,0.336451768875122,0.8234596252441406,0.3309507369995117,0.2443838119506836,True,10,2e-06,0.8657860159873962,0.7930116653442383,1178,883,295,295,stratified,stratified split,,,/home/crc00006699/zh/tabiclv2/data178/contraceptive_method_choice
credit,binclass,13371,2675,3343,10,2,ok,ok,improved,0.7828297935985642,0.784026323661382,0.0011965300628178355,0.11965300628178355,0.15284677111196118,0.447838544845581,17.0036883354187,5.041871547698975,4.961614370346069,True,10,2e-06,0.4577911794185638,16.874692678451538,13371,10028,3343,3343,stratified,stratified split,,,/home/crc00006699/zh/tabiclv2/data178/credit
customer_satisfaction_in_airline,binclass,103904,20781,25976,21,2,ok,fail,ttt_failed,0.9615414228518632,,,,,2.281546115875244,0.0,256.28031945228577,0.0,False,0,,,0.0,0,0,0,0,,,RuntimeError,RuntimeError: CUDA error: invalid configuration argument,/home/crc00006699/zh/tabiclv2/data178/customer_satisfaction_in_airline
dabetes_130-us_hospitals,binclass,81412,16283,20354,20,2,ok,fail,ttt_failed,0.6411516163898988,,,,,1.7948837280273438,0.0,113.52792263031006,0.0,False,0,,,0.0,0,0,0,0,,,RuntimeError,RuntimeError: CUDA error: invalid configuration argument,/home/crc00006699/zh/tabiclv2/data178/dabetes_130-us_hospitals
default_of_credit_card_clients,binclass,24000,4800,6000,23,2,ok,ok,improved,0.8261666666666667,0.8266666666666667,0.0004999999999999449,0.04999999999999449,0.06052047609440527,0.8290727138519287,50.75223970413208,14.00501275062561,13.87788438796997,True,10,2e-06,0.4295488595962524,50.22044134140015,24000,18000,6000,6000,stratified,stratified split,,,/home/crc00006699/zh/tabiclv2/data178/default_of_credit_card_clients
delta_ailerons,binclass,5703,1141,1426,5,2,ok,ok,improved,0.9509116409537168,0.9516129032258064,0.0007012622720895534,0.07012622720895534,0.07374631268434388,0.3787658214569092,4.208685398101807,1.0804052352905271,0.8745708465576172,True,10,2e-06,0.1580006629228592,4.168870210647583,5703,4277,1426,1426,stratified,stratified split,,,/home/crc00006699/zh/tabiclv2/data178/delta_ailerons
dis,binclass,3017,604,755,29,2,ok,ok,tie,0.9841059602649008,0.9841059602649008,0.0,0.0,0.0,0.4430580139160156,2.199876308441162,1.201329231262207,1.0458719730377195,True,10,2e-06,0.0541916154325008,2.093177080154419,3017,2262,755,755,stratified,stratified split,,,/home/crc00006699/zh/tabiclv2/data178/dis
dna,multiclass,2548,510,638,180,3,ok,ok,tie,0.9655172413793104,0.9655172413793104,0.0,0.0,0.0,0.928764820098877,4.838843822479248,3.4705402851104736,3.2508676052093506,True,10,2e-06,0.1960266232490539,4.221770286560059,2548,1911,637,638,stratified,stratified split,,,/home/crc00006699/zh/tabiclv2/data178/dna
drug_consumption,multiclass,1507,302,377,12,7,ok,ok,tie,0.403183023872679,0.403183023872679,0.0,0.0,0.0,0.35125732421875,0.961780309677124,0.4448335170745849,0.3680438995361328,True,10,2e-06,1.5074337720870972,0.9289431571960448,1507,1130,377,377,stratified,stratified split,,,/home/crc00006699/zh/tabiclv2/data178/drug_consumption
dry_bean_dataset,multiclass,10888,2178,2723,16,7,ok,ok,regressed,0.927653323540213,0.9265515975027544,-0.0011017260374586169,-0.11017260374586169,-0.11876484560569334,0.4674875736236572,12.516892671585085,4.154491424560547,3.979394674301148,True,10,2e-06,0.1960508674383163,12.35384726524353,10888,8166,2722,2723,stratified,stratified split,,,/home/crc00006699/zh/tabiclv2/data178/dry_bean_dataset
eeg-eye-state,binclass,11984,2397,2996,14,2,ok,ok,tie,0.9913217623497996,0.9913217623497996,0.0,0.0,0.0,0.4804403781890869,14.23047375679016,4.585281133651733,4.494661331176758,True,10,2e-06,0.687855064868927,14.079893827438354,11984,8988,2996,2996,stratified,stratified split,,,/home/crc00006699/zh/tabiclv2/data178/eeg-eye-state
electricity,binclass,36249,7250,9063,8,2,ok,ok,improved,0.9037846187796535,0.9038949575195852,0.00011033873993160359,0.011033873993160359,0.012208521548042039,0.598599910736084,106.82815742492676,24.32296204566956,24.14187002182007,True,10,2e-06,0.2685871422290802,106.51507878303528,36249,27186,9063,9063,stratified,stratified split,,,/home/crc00006699/zh/tabiclv2/data178/electricity
estimation_of_obesity_levels,multiclass,1688,338,423,16,7,ok,ok,regressed,0.9858156028368794,0.983451536643026,-0.0023640661938534313,-0.23640661938534313,-0.23980815347721857,0.3817200660705566,1.085432052612305,0.5585958957672119,0.4847667217254638,True,10,2e-06,0.3987774550914764,1.0356595516204834,1688,1266,422,423,stratified,stratified split,,,/home/crc00006699/zh/tabiclv2/data178/estimation_of_obesity_levels
eye_movements,multiclass,8748,1750,2188,27,3,ok,ok,improved,0.7148080438756855,0.7193784277879341,0.004570383912248621,0.4570383912248621,0.6393861892583109,0.5552878379821777,9.436222314834597,3.63812518119812,3.432291269302368,True,10,2e-06,0.7964969277381897,9.196274995803831,8748,6561,2187,2188,stratified,stratified split,,,/home/crc00006699/zh/tabiclv2/data178/eye_movements
eye_movements_bin,binclass,6086,1218,1522,20,2,ok,ok,improved,0.6254927726675427,0.6281208935611038,0.0026281208935611255,0.26281208935611255,0.42016806722689426,0.481126070022583,5.0972089767456055,2.206518173217773,1.9583652019500728,True,10,2e-06,0.6582579612731934,4.97042989730835,6086,4564,1522,1522,stratified,stratified split,,,/home/crc00006699/zh/tabiclv2/data178/eye_movements_bin
first-order-theorem-proving,multiclass,4894,979,1224,51,6,ok,ok,regressed,0.6372549019607843,0.636437908496732,-0.0008169934640522847,-0.08169934640522847,-0.12820512820512775,0.5189142227172852,4.385524034500122,2.45489501953125,2.393743991851806,True,10,2e-06,1.0040266513824463,4.165426254272461,4894,3670,1224,1224,stratified,stratified split,,,/home/crc00006699/zh/tabiclv2/data178/first-order-theorem-proving
gas-drift,multiclass,11128,2226,2782,128,6,ok,ok,tie,0.9964054636951832,0.9964054636951832,0.0,0.0,0.0,1.5389599800109863,21.151718378067017,11.846112728118896,12.051374435424805,True,10,2e-06,0.0095018520951271,19.909210205078125,11128,8346,2782,2782,stratified,stratified split,,,/home/crc00006699/zh/tabiclv2/data178/gas-drift
gina_agnostic,binclass,2774,555,694,970,2,ok,ok,tie,0.9279538904899136,0.9279538904899136,0.0,0.0,0.0,3.1000311374664307,28.277260065078732,102.866557598114,72.65067291259766,True,10,2e-06,0.5270823836326599,25.495946407318115,2774,2080,694,694,stratified,stratified split,,,/home/crc00006699/zh/tabiclv2/data178/gina_agnostic
golf_play_dataset_extended,binclass,876,176,219,9,2,ok,ok,tie,0.9360730593607306,0.9360730593607306,0.0,0.0,0.0,0.3448681831359863,0.7781412601470947,0.504420280456543,0.4436509609222412,True,10,2e-06,0.2342860400676727,0.7480576038360596,876,657,219,219,stratified,stratified split,,,/home/crc00006699/zh/tabiclv2/data178/golf_play_dataset_extended
heloc,binclass,8000,1600,2000,22,2,ok,ok,regressed,0.7255,0.725,-0.000500000000000056,-0.050000000000005596,-0.06891798759476994,0.4704298973083496,7.719164609909058,3.021764039993286,2.886812686920166,True,10,2e-06,0.5622743368148804,7.566423892974853,8000,6000,2000,2000,stratified,stratified split,,,/home/crc00006699/zh/tabiclv2/data178/heloc
hill-valley,binclass,969,194,243,100,2,ok,ok,tie,0.9300411522633744,0.9300411522633744,0.0,0.0,0.0,0.4885685443878174,1.4405734539031982,0.8974869251251221,0.7292439937591553,True,10,2e-06,0.605987548828125,1.2999277114868164,969,726,243,243,stratified,stratified split,,,/home/crc00006699/zh/tabiclv2/data178/hill-valley
house_16H,binclass,10790,2158,2698,16,2,ok,ok,regressed,0.890659747961453,0.8902891030392883,-0.0003706449221646535,-0.03706449221646535,-0.041614648356231174,0.457430362701416,12.389631032943726,4.07257866859436,4.02053165435791,True,10,2e-06,0.256522923707962,12.23236083984375,10790,8092,2698,2698,stratified,stratified split,,,/home/crc00006699/zh/tabiclv2/data178/house_16H
htru,binclass,14318,2864,3580,8,2,ok,ok,improved,0.9793296089385476,0.979608938547486,0.00027932960893839454,0.027932960893839454,0.028522532800897102,0.5406637191772461,19.16658067703247,5.408951044082642,5.269997596740723,True,10,2e-06,0.0692201852798461,19.06314468383789,14318,10738,3580,3580,stratified,stratified split,,,/home/crc00006699/zh/tabiclv2/data178/htru
ibm-employee-performance,binclass,1176,236,294,30,2,ok,ok,tie,1.0,1.0,0.0,0.0,0.0,0.381685733795166,1.0130465030670166,0.4896900653839111,0.3943181037902832,True,10,2e-06,0.4215898513793945,0.944387674331665,1176,882,294,294,stratified,stratified split,,,/home/crc00006699/zh/tabiclv2/data178/ibm-employee-performance
in_vehicle_coupon_recommendation,binclass,10147,2030,2537,21,2,ok,ok,improved,0.7906976744186046,0.795821836815136,0.005124162396531351,0.5124162396531351,0.6480558325024944,0.5517251491546631,11.094202995300291,4.018712520599365,3.847572326660156,True,10,2e-06,0.5062372088432312,10.84084177017212,10147,7610,2537,2537,stratified,stratified split,,,/home/crc00006699/zh/tabiclv2/data178/in_vehicle_coupon_recommendation
internet_firewall,multiclass,52425,10485,13107,7,4,ok,ok,tie,0.9310292210269322,0.9310292210269322,0.0,0.0,0.0,0.5556683540344238,214.49066495895383,46.63591432571411,46.43779277801514,True,10,2e-06,0.1654705256223678,214.2280919551849,52425,39318,13107,13107,stratified,stratified split,,,/home/crc00006699/zh/tabiclv2/data178/internet_firewall
internet_usage,multiclass,8086,1618,2022,70,46,ok,ok,tie,0.5296735905044511,0.5296735905044511,0.0,0.0,0.0,0.8728311061859131,1.6625213623046875,9.529549837112429,9.285303592681885,False,0,2e-06,,0.7682948112487793,8086,6064,2022,2022,stratified,stratified split | TTT training skipped because n_classes=46 exceeds model max_classes=10,,,/home/crc00006699/zh/tabiclv2/data178/internet_usage
jm1,binclass,8708,1742,2177,21,2,ok,ok,regressed,0.8213137344970143,0.8203950390445567,-0.0009186954524575963,-0.09186954524575963,-0.1118568232662297,0.4604635238647461,9.132935285568236,3.322083711624145,3.189464807510376,True,10,2e-06,0.4129215776920318,8.973265409469604,8708,6531,2177,2177,stratified,stratified split,,,/home/crc00006699/zh/tabiclv2/data178/jm1
jungle_chess_2pcs_raw_endgame_complete,multiclass,35855,7171,8964,6,3,ok,ok,improved,0.8624497991967871,0.8639000446229362,0.0014502454261491327,0.14502454261491327,0.16815418445221608,0.5121057033538818,104.30495071411131,23.584383010864254,23.15706992149353,True,10,2e-06,0.2497086375951767,104.09979128837584,35855,26891,8964,8964,stratified,stratified split,,,/home/crc00006699/zh/tabiclv2/data178/jungle_chess_2pcs_raw_endgame_complete
kc1,binclass,1687,338,422,21,2,ok,ok,tie,0.8815165876777251,0.8815165876777251,0.0,0.0,0.0,0.3615620136260986,1.1225688457489014,0.7052359580993652,0.5679185390472412,True,10,2e-06,0.3183957636356354,1.0699539184570312,1687,1265,422,422,stratified,stratified split,,,/home/crc00006699/zh/tabiclv2/data178/kc1
kdd_ipums_la_97-small,binclass,4150,830,1038,20,2,ok,ok,regressed,0.8882466281310212,0.8863198458574181,-0.0019267822736031004,-0.19267822736031004,-0.21691973969631434,0.3827834129333496,3.000082492828369,1.369523286819458,1.239887237548828,True,10,2e-06,0.2728365957736969,2.917738676071167,4150,3112,1038,1038,stratified,stratified split,,,/home/crc00006699/zh/tabiclv2/data178/kdd_ipums_la_97-small
kr-vs-k,multiclass,22444,4489,5612,6,18,ok,ok,tie,0.8508553100498931,0.8508553100498931,0.0,0.0,0.0,0.4808611869812011,0.9207773208618164,24.13630962371826,23.722074508666992,False,0,2e-06,,0.4393515586853027,22444,16833,5611,5612,stratified,stratified split | TTT training skipped because n_classes=18 exceeds model max_classes=10,,,/home/crc00006699/zh/tabiclv2/data178/kr-vs-k
kropt,multiclass,22444,4489,5612,6,18,ok,ok,tie,0.852815395580898,0.852815395580898,0.0,0.0,0.0,0.4674258232116699,0.9446089267730712,23.84211778640747,23.255638122558597,False,0,2e-06,,0.4513368606567383,22444,16833,5611,5612,stratified,stratified split | TTT training skipped because n_classes=18 exceeds model max_classes=10,,,/home/crc00006699/zh/tabiclv2/data178/kropt
led24,multiclass,2560,512,640,24,10,ok,ok,regressed,0.734375,0.7328125,-0.0015625000000000222,-0.15625000000000222,-0.21276595744681154,0.5211465358734131,1.7793214321136477,0.891146183013916,0.8135402202606201,True,10,2e-06,0.7633712291717529,1.6875817775726318,2560,1920,640,640,stratified,stratified split,,,/home/crc00006699/zh/tabiclv2/data178/led24
led7,multiclass,2560,512,640,7,10,ok,ok,improved,0.7375,0.740625,0.0031249999999999334,0.31249999999999334,0.42372881355931297,0.3500127792358398,1.5231289863586426,0.6779232025146484,0.567880392074585,True,10,2e-06,0.8554505109786987,1.4829440116882324,2560,1920,640,640,stratified,stratified split,,,/home/crc00006699/zh/tabiclv2/data178/led7
letter,multiclass,16000,3200,4000,15,26,ok,ok,tie,0.98625,0.98625,0.0,0.0,0.0,0.5111706256866455,0.9802896976470948,15.320677995681764,14.874663352966309,False,0,2e-06,,0.456040620803833,16000,12000,4000,4000,stratified,stratified split | TTT training skipped because n_classes=26 exceeds model max_classes=10,,,/home/crc00006699/zh/tabiclv2/data178/letter
madeline,binclass,2512,503,628,259,2,ok,ok,improved,0.7531847133757962,0.7547770700636943,0.0015923566878981443,0.15923566878981443,0.21141649048626526,0.905019998550415,5.936850309371948,4.742371559143066,4.518911838531494,True,10,2e-06,0.6931254267692566,5.354533433914185,2512,1884,628,628,stratified,stratified split,,,/home/crc00006699/zh/tabiclv2/data178/madeline
mammography,binclass,8946,1790,2237,6,2,ok,ok,tie,0.9888243182834152,0.9888243182834152,0.0,0.0,0.0,0.3884212970733642,8.569268941879272,2.056993246078491,1.9700498580932615,True,10,2e-06,0.0399434864521026,8.494073390960693,8946,6709,2237,2237,stratified,stratified split,,,/home/crc00006699/zh/tabiclv2/data178/mammography
maternal_health_risk,multiclass,811,163,203,6,3,ok,ok,tie,0.8719211822660099,0.8719211822660099,0.0,0.0,0.0,0.352827787399292,0.7575373649597168,0.4702625274658203,0.3650472164154053,True,10,2e-06,0.6089610457420349,0.7372498512268066,811,608,203,203,stratified,stratified split,,,/home/crc00006699/zh/tabiclv2/data178/maternal_health_risk
mfeat-factors,multiclass,1600,320,400,216,10,ok,ok,regressed,0.975,0.9725,-0.0024999999999999467,-0.24999999999999467,-0.25641025641025095,0.676851749420166,3.350348711013794,2.5166144371032715,2.41127347946167,True,10,2e-06,0.1472945660352707,2.976361036300659,1600,1200,400,400,stratified,stratified split,,,/home/crc00006699/zh/tabiclv2/data178/mfeat-factors
mfeat-fourier,multiclass,1600,320,400,76,10,ok,ok,improved,0.885,0.895,0.010000000000000009,1.0000000000000009,1.1299435028248597,0.4537379741668701,1.7182385921478271,1.1365127563476562,1.064199924468994,True,10,2e-06,0.2271852046251297,1.5722434520721436,1600,1200,400,400,stratified,stratified split,,,/home/crc00006699/zh/tabiclv2/data178/mfeat-fourier
mfeat-karhunen,multiclass,1600,320,400,64,10,ok,ok,tie,0.975,0.975,0.0,0.0,0.0,0.4354636669158935,1.6693611145019531,1.003206491470337,0.8652088642120361,True,10,2e-06,0.0097676021978259,1.550015926361084,1600,1200,400,400,stratified,stratified split,,,/home/crc00006699/zh/tabiclv2/data178/mfeat-karhunen
mfeat-morphological,multiclass,1600,320,400,6,10,ok,ok,regressed,0.76,0.755,-0.0050000000000000044,-0.5000000000000004,-0.6578947368421059,0.3354411125183105,0.9373049736022948,0.4227814674377441,0.35243821144104,True,10,2e-06,0.7828587293624878,0.912954330444336,1600,1200,400,400,stratified,stratified split,,,/home/crc00006699/zh/tabiclv2/data178/mfeat-morphological
mfeat-pixel,multiclass,1600,320,400,240,10,ok,ok,tie,0.975,0.975,0.0,0.0,0.0,1.03774094581604,4.1852686405181885,2.5624771118164062,2.69498610496521,True,10,2e-06,0.0451865941286087,3.524463415145874,1600,1200,400,400,stratified,stratified split,,,/home/crc00006699/zh/tabiclv2/data178/mfeat-pixel
mfeat-zernike,multiclass,1600,320,400,47,10,ok,ok,improved,0.8525,0.8625,0.010000000000000009,1.0000000000000009,1.1730205278592385,0.4109187126159668,1.356877088546753,0.854109525680542,0.7282259464263916,True,10,2e-06,1.0607529878616333,1.2575979232788086,1600,1200,400,400,stratified,stratified split,,,/home/crc00006699/zh/tabiclv2/data178/mfeat-zernike
mice_protein_expression,multiclass,864,173,216,75,8,ok,ok,tie,1.0,1.0,0.0,0.0,0.0,0.4183263778686523,1.155569314956665,0.6933352947235107,0.6223299503326416,True,10,2e-06,6.875969847897068e-05,1.0448312759399414,864,648,216,216,stratified,stratified split,,,/home/crc00006699/zh/tabiclv2/data178/mice_protein_expression
microaggregation2,multiclass,16000,3200,4000,20,5,ok,ok,regressed,0.6405,0.6395,-0.0010000000000000009,-0.10000000000000009,-0.15612802498048414,0.5453312397003174,24.59789347648621,7.459028005599976,7.454416751861572,True,10,2e-06,0.9079723954200744,24.351890563964844,16000,12000,4000,4000,stratified,stratified split,,,/home/crc00006699/zh/tabiclv2/data178/microaggregation2
mobile_c36_oversampling,binclass,41408,8282,10352,6,2,ok,ok,improved,0.990533230293663,0.990629829984544,9.659969088093856e-05,0.009659969088093856,0.009752291788565204,0.4891107082366943,137.013197183609,22.587351322174072,22.677326917648315,True,10,2e-06,0.0283705499023199,136.81090235710144,41408,31056,10352,10352,stratified,stratified split,,,/home/crc00006699/zh/tabiclv2/data178/mobile_c36_oversampling
mozilla4,binclass,12436,2488,3109,4,2,ok,ok,improved,0.9401736892891605,0.940816982952718,0.0006432936635575315,0.06432936635575315,0.06842285323299233,0.3685076236724853,14.850621700286863,2.0380194187164307,2.099426507949829,True,10,2e-06,0.1969743520021438,14.781893253326416,12436,9327,3109,3109,stratified,stratified split,,,/home/crc00006699/zh/tabiclv2/data178/mozilla4
naticusdroid+android+permissions+dataset,binclass,23465,4693,5867,86,2,ok,ok,improved,0.9710243736151356,0.9713652633373104,0.0003408897221748308,0.03408897221748308,0.0351061962436323,2.033097267150879,59.12138366699219,22.097973346710205,64.8916244506836,True,10,2e-06,0.0794152989983558,57.290589570999146,23465,17598,5867,5867,stratified,stratified split,,,/home/crc00006699/zh/tabiclv2/data178/naticusdroid+android+permissions+dataset
national-longitudinal-survey-binary,binclass,3926,786,982,16,2,ok,ok,tie,1.0,1.0,0.0,0.0,0.0,0.5103120803833008,2.8595199584960938,1.2594282627105713,1.0959012508392334,True,10,2e-06,0.000366675958503,2.7798335552215576,3926,2944,982,982,stratified,stratified split,,,/home/crc00006699/zh/tabiclv2/data178/national-longitudinal-survey-binary
okcupid_stem,multiclass,21341,4269,5336,13,3,ok,ok,improved,0.7475637181409296,0.7477511244377811,0.00018740629685154442,0.018740629685154442,0.025068939583851615,0.6001870632171631,40.48950815200806,10.63927721977234,10.84296941757202,True,10,2e-06,0.6053826212882996,40.17923521995544,21341,16005,5336,5336,stratified,stratified split,,,/home/crc00006699/zh/tabiclv2/data178/okcupid_stem
one-hundred-plants-margin,multiclass,1280,256,320,64,100,ok,ok,tie,0.909375,0.909375,0.0,0.0,0.0,0.4495551586151123,0.9253978729248048,3.682534456253052,3.5663015842437744,False,0,2e-06,,0.4662797451019287,1280,960,320,320,stratified,stratified split | TTT training skipped because n_classes=100 exceeds model max_classes=10,,,/home/crc00006699/zh/tabiclv2/data178/one-hundred-plants-margin
one-hundred-plants-shape,multiclass,1280,256,320,64,100,ok,ok,tie,0.8,0.8,0.0,0.0,0.0,0.4362640380859375,0.8682639598846436,3.622575044631958,3.492074012756348,False,0,2e-06,,0.4272494316101074,1280,960,320,320,stratified,stratified split | TTT training skipped because n_classes=100 exceeds model max_classes=10,,,/home/crc00006699/zh/tabiclv2/data178/one-hundred-plants-shape
one-hundred-plants-texture,multiclass,1279,256,320,64,100,ok,ok,tie,0.91875,0.91875,0.0,0.0,0.0,0.4542803764343261,1.001190185546875,3.5845377445220947,3.6098785400390634,False,0,2e-06,,0.4465861320495605,1279,959,320,320,stratified,stratified split | TTT training skipped because n_classes=100 exceeds model max_classes=10,,,/home/crc00006699/zh/tabiclv2/data178/one-hundred-plants-texture
online_shoppers,binclass,9864,1973,2466,14,2,ok,ok,improved,0.9042984590429846,0.9047039740470396,0.000405515004055057,0.0405515004055057,0.044843049327343974,0.4600117206573486,10.237540245056152,3.556631565093994,3.2340879440307617,True,10,2e-06,0.2252157926559448,10.082370519638062,9864,7398,2466,2466,stratified,stratified split,,,/home/crc00006699/zh/tabiclv2/data178/online_shoppers
optdigits,multiclass,4496,900,1124,64,10,ok,ok,tie,0.9955516014234876,0.9955516014234876,0.0,0.0,0.0,0.5587761402130127,4.575749635696411,2.54315185546875,2.4018826484680176,True,10,2e-06,0.0700825974345207,4.329274892807007,4496,3372,1124,1124,stratified,stratified split,,,/home/crc00006699/zh/tabiclv2/data178/optdigits
ozone-level-8hr,binclass,2027,406,507,72,2,ok,ok,tie,0.9566074950690336,0.9566074950690336,0.0,0.0,0.0,0.4957442283630371,2.108511209487915,1.3449053764343262,1.2319750785827637,True,10,2e-06,0.1447307020425796,1.9564125537872317,2027,1520,507,507,stratified,stratified split,,,/home/crc00006699/zh/tabiclv2/data178/ozone-level-8hr
page-blocks,multiclass,4378,876,1095,10,5,ok,ok,tie,0.9789954337899544,0.9789954337899544,0.0,0.0,0.0,0.3707809448242187,2.925074577331543,1.215123176574707,1.071523904800415,True,10,2e-06,0.0665036663413047,2.8736443519592285,4378,3283,1095,1095,stratified,stratified split,,,/home/crc00006699/zh/tabiclv2/data178/page-blocks
pc1,binclass,887,178,222,21,2,ok,ok,improved,0.9414414414414416,0.945945945945946,0.0045045045045044585,0.45045045045044585,0.47846889952152616,0.3550500869750976,0.8152246475219727,0.5905857086181641,0.5016381740570068,True,10,2e-06,0.0976770967245101,0.7706327438354492,887,665,222,222,stratified,stratified split,,,/home/crc00006699/zh/tabiclv2/data178/pc1
pc3,binclass,1250,250,313,37,2,ok,ok,tie,0.9009584664536742,0.9009584664536742,0.0,0.0,0.0,0.4041855335235595,1.0526599884033203,0.6156082153320312,0.5101282596588135,True,10,2e-06,0.1734535843133926,0.9836986064910888,1250,937,313,313,stratified,stratified split,,,/home/crc00006699/zh/tabiclv2/data178/pc3
pc4,binclass,1166,234,292,37,2,ok,ok,tie,0.9143835616438356,0.9143835616438356,0.0,0.0,0.0,0.3810710906982422,1.0242352485656738,0.5600807666778564,0.4975659847259521,True,10,2e-06,0.1296483427286148,0.9531469345092772,1166,874,292,292,stratified,stratified split,,,/home/crc00006699/zh/tabiclv2/data178/pc4
pendigits,multiclass,8793,1759,2199,16,10,ok,ok,tie,0.9972714870395636,0.9972714870395636,0.0,0.0,0.0,0.4399135112762451,8.961752653121948,3.11100172996521,4.070654392242432,True,10,2e-06,0.1319722235202789,8.831889629364014,8793,6594,2199,2199,stratified,stratified split,,,/home/crc00006699/zh/tabiclv2/data178/pendigits
phoneme,binclass,4323,865,1081,5,2,ok,ok,regressed,0.9037927844588344,0.9019426456984274,-0.0018501387604069608,-0.18501387604069608,-0.20470829068576507,0.3650171756744385,2.771209716796875,0.7125186920166016,0.6344597339630127,True,10,2e-06,0.1711876690387725,2.735823154449463,4323,3242,1081,1081,stratified,stratified split,,,/home/crc00006699/zh/tabiclv2/data178/phoneme
pol,binclass,8065,1613,2017,26,2,ok,ok,tie,0.9836390679226574,0.9836390679226574,0.0,0.0,0.0,0.457850694656372,7.87963080406189,3.164457082748413,3.0498321056365967,True,10,2e-06,0.2585406899452209,7.723870277404785,8065,6048,2017,2017,stratified,stratified split,,,/home/crc00006699/zh/tabiclv2/data178/pol
predict_students_dropout_and_academic_success,multiclass,3539,708,885,34,3,ok,ok,tie,0.7627118644067796,0.7627118644067796,0.0,0.0,0.0,0.464493989944458,2.974554538726806,1.509399175643921,1.3082168102264404,True,10,2e-06,0.6355375051498413,2.821610689163208,3539,2654,885,885,stratified,stratified split,,,/home/crc00006699/zh/tabiclv2/data178/predict_students_dropout_and_academic_success
qsar,binclass,844,169,211,40,2,ok,ok,tie,0.90521327014218,0.90521327014218,0.0,0.0,0.0,0.4080140590667724,0.9414496421813964,0.7125463485717773,0.7123777866363525,True,10,2e-06,0.2695157825946808,0.8654344081878662,844,633,211,211,stratified,stratified split,,,/home/crc00006699/zh/tabiclv2/data178/qsar
rice_cammeo_and_osmancik,binclass,3048,610,762,7,2,ok,ok,tie,0.9291338582677166,0.9291338582677166,0.0,0.0,0.0,0.3562979698181152,1.7858877182006836,0.7172019481658936,0.613640308380127,True,10,2e-06,0.3093241453170776,1.754560947418213,3048,2286,762,762,stratified,stratified split,,,/home/crc00006699/zh/tabiclv2/data178/rice_cammeo_and_osmancik
ringnorm,binclass,5920,1184,1480,20,2,ok,ok,tie,0.9797297297297296,0.9797297297297296,0.0,0.0,0.0,0.4131655693054199,4.879970073699951,2.0711429119110107,1.8451051712036133,True,10,2e-06,0.3501059114933014,4.770887851715088,5920,4440,1480,1480,stratified,stratified split,,,/home/crc00006699/zh/tabiclv2/data178/ringnorm
rl,binclass,3976,796,994,12,2,ok,ok,tie,0.8541247484909457,0.8541247484909457,0.0,0.0,0.0,0.3920662403106689,2.750671148300171,1.076728343963623,1.1822762489318848,True,10,2e-06,0.5181726217269897,2.686765670776367,3976,2982,994,994,stratified,stratified split,,,/home/crc00006699/zh/tabiclv2/data178/rl
satimage,multiclass,5144,1029,1286,36,6,ok,ok,improved,0.9284603421461898,0.937791601866252,0.009331259720062213,0.9331259720062213,1.005025125628141,0.4683935642242431,4.170685291290283,2.228625059127808,2.113012313842773,True,10,2e-06,0.1817265152931213,4.005661964416504,5144,3858,1286,1286,stratified,stratified split,,,/home/crc00006699/zh/tabiclv2/data178/satimage
segment,multiclass,1848,370,462,17,7,ok,ok,tie,0.935064935064935,0.935064935064935,0.0,0.0,0.0,0.3507554531097412,1.399510622024536,0.5865018367767334,0.4532840251922607,True,10,2e-06,0.1221611052751541,1.3534367084503174,1848,1386,462,462,stratified,stratified split,,,/home/crc00006699/zh/tabiclv2/data178/segment
seismic+bumps,binclass,2067,414,517,18,2,ok,ok,tie,0.9342359767891684,0.9342359767891684,0.0,0.0,0.0,0.3824410438537597,1.4171733856201172,0.6217238903045654,0.5519123077392578,True,10,2e-06,0.2230277359485626,1.3653285503387451,2067,1550,517,517,stratified,stratified split,,,/home/crc00006699/zh/tabiclv2/data178/seismic+bumps
semeion,multiclass,1274,255,319,256,10,ok,ok,tie,0.9592476489028212,0.9592476489028212,0.0,0.0,0.0,0.7603421211242676,3.382941961288452,2.5367469787597656,2.4608170986175537,True,10,2e-06,0.2204355150461197,2.928918600082397,1274,955,319,319,stratified,stratified split,,,/home/crc00006699/zh/tabiclv2/data178/semeion
shuttle,multiclass,46400,9280,11600,9,7,ok,ok,tie,0.9994827586206896,0.9994827586206896,0.0,0.0,0.0,0.6536250114440918,171.96179795265198,37.770989179611206,37.71606469154358,True,10,2e-06,0.0001860074698925,171.5795078277588,46400,34800,11600,11600,stratified,stratified split,,,/home/crc00006699/zh/tabiclv2/data178/shuttle
spambase,binclass,3680,736,921,57,2,ok,ok,regressed,0.9598262757871878,0.9587404994571118,-0.0010857763300760048,-0.10857763300760048,-0.11312217194570141,0.5929410457611084,3.37023663520813,1.9766666889190676,1.926257848739624,True,10,2e-06,0.0948315188288688,3.20051646232605,3680,2760,920,921,stratified,stratified split,,,/home/crc00006699/zh/tabiclv2/data178/spambase
splice,multiclass,2552,511,638,60,3,ok,ok,improved,0.9561128526645768,0.9592476489028212,0.0031347962382444194,0.31347962382444194,0.3278688524590065,0.5190303325653076,2.4105546474456787,1.4386885166168213,1.3942315578460691,True,10,2e-06,0.14415343105793,2.1936914920806885,2552,1914,638,638,stratified,stratified split,,,/home/crc00006699/zh/tabiclv2/data178/splice
sports_articles_for_objectivity_analysis,binclass,800,160,200,59,2,ok,ok,tie,0.855,0.855,0.0,0.0,0.0,0.4386730194091797,1.066246747970581,0.9013621807098388,0.7405502796173096,True,10,2e-06,0.4159154593944549,0.9620211124420166,800,600,200,200,stratified,stratified split,,,/home/crc00006699/zh/tabiclv2/data178/sports_articles_for_objectivity_analysis
statlog,binclass,800,160,200,20,2,ok,ok,regressed,0.745,0.735,-0.010000000000000009,-1.0000000000000009,-1.342281879194632,0.3838765621185303,0.844275712966919,0.5141620635986328,0.4722354412078857,True,10,2e-06,0.4493910074234009,0.7935006618499756,800,600,200,200,stratified,stratified split,,,/home/crc00006699/zh/tabiclv2/data178/statlog
steel_plates_faults,multiclass,1552,311,389,27,7,ok,ok,tie,0.8380462724935732,0.8380462724935732,0.0,0.0,0.0,0.3720154762268066,1.1373250484466553,0.5980525016784668,0.5231022834777832,True,10,2e-06,0.7121686935424805,1.0752942562103271,1552,1164,388,389,stratified,stratified split,,,/home/crc00006699/zh/tabiclv2/data178/steel_plates_faults
sylvine,binclass,4099,820,1025,20,2,ok,ok,tie,0.9707317073170731,0.9707317073170731,0.0,0.0,0.0,0.3942663669586181,3.0345876216888428,1.3347327709197998,1.1925463676452637,True,10,2e-06,0.681865930557251,2.9453675746917725,4099,3074,1025,1025,stratified,stratified split,,,/home/crc00006699/zh/tabiclv2/data178/sylvine
taiwanese_bankruptcy_prediction,binclass,5455,1091,1364,95,2,ok,ok,improved,0.9706744868035192,0.9721407624633432,0.0014662756598240456,0.14662756598240456,0.15105740181268867,0.7473373413085938,6.95682692527771,3.985052347183228,3.950242757797241,True,10,2e-06,0.0721649155020713,6.539520025253296,5455,4091,1364,1364,stratified,stratified split,,,/home/crc00006699/zh/tabiclv2/data178/taiwanese_bankruptcy_prediction
telco-customer-churn,binclass,5634,1127,1409,18,2,ok,ok,tie,0.8048261178140526,0.8048261178140526,0.0,0.0,0.0,0.4333200454711914,4.584915399551392,1.869156837463379,1.7863926887512207,True,10,2e-06,0.4038746654987335,4.455748558044434,5634,4225,1409,1409,stratified,stratified split,,,/home/crc00006699/zh/tabiclv2/data178/telco-customer-churn
texture,multiclass,4400,880,1100,40,11,ok,ok,tie,1.0,1.0,0.0,0.0,0.0,0.4593575000762939,0.9062249660491944,5.77265739440918,3.882666110992432,False,0,2e-06,,0.4374167919158935,4400,3300,1100,1100,stratified,stratified split | TTT training skipped because n_classes=11 exceeds model max_classes=10,,,/home/crc00006699/zh/tabiclv2/data178/texture
thyroid,multiclass,5760,1152,1440,21,3,ok,ok,tie,0.99375,0.99375,0.0,0.0,0.0,0.4192771911621094,4.659923076629639,2.0261833667755127,1.8439726829528809,True,10,2e-06,0.006225436925888,4.567296266555786,5760,4320,1440,1440,stratified,stratified split,,,/home/crc00006699/zh/tabiclv2/data178/thyroid
thyroid-ann,multiclass,3017,604,755,21,3,ok,ok,improved,0.9880794701986756,0.9894039735099338,0.0013245033112582183,0.13245033112582183,0.13404825737264808,0.4843037128448486,1.9955861568450928,1.005803108215332,0.8907556533813477,True,10,2e-06,0.0079404888674616,1.9289867877960205,3017,2262,755,755,stratified,stratified split,,,/home/crc00006699/zh/tabiclv2/data178/thyroid-ann
thyroid-dis,multiclass,2240,448,560,26,5,ok,ok,improved,0.6910714285714286,0.6946428571428571,0.0035714285714285587,0.3571428571428559,0.5167958656330731,0.3916928768157959,1.6398634910583496,0.9258975982666016,0.7258613109588623,True,10,2e-06,0.6815765500068665,1.5503122806549072,2240,1680,560,560,stratified,stratified split,,,/home/crc00006699/zh/tabiclv2/data178/thyroid-dis
turiye_student_evaluation,multiclass,4656,932,1164,32,5,ok,ok,improved,0.5223367697594502,0.5257731958762887,0.0034364261168384758,0.3436426116838476,0.6578947368421029,0.4658873081207275,3.691552877426148,1.8603055477142332,1.731438398361206,True,10,2e-06,1.208895564079285,3.554779052734375,4656,3492,1164,1164,stratified,stratified split,,,/home/crc00006699/zh/tabiclv2/data178/turiye_student_evaluation
twonorm,binclass,5920,1184,1480,20,2,ok,ok,regressed,0.979054054054054,0.9783783783783784,-0.0006756756756756133,-0.06756756756756133,-0.06901311249136699,0.409146785736084,4.815562963485718,2.0531344413757324,1.9539170265197756,True,10,2e-06,0.0471015572547912,4.7111570835113525,5920,4440,1480,1480,stratified,stratified split,,,/home/crc00006699/zh/tabiclv2/data178/twonorm
vehicle,multiclass,676,136,170,18,4,ok,ok,tie,0.8588235294117647,0.8588235294117647,0.0,0.0,0.0,0.3401057720184326,0.8663895130157471,0.4223580360412597,0.3445067405700683,True,10,2e-06,0.7233508825302124,0.8308596611022949,676,507,169,170,stratified,stratified split,,,/home/crc00006699/zh/tabiclv2/data178/vehicle
volkert,multiclass,46648,9330,11662,180,10,ok,ok,tie,0.7337506431143886,0.7337506431143886,0.0,0.0,0.0,5.66342306137085,5.621411561965942,280.0815114974976,269.0237774848938,False,0,2e-06,,0.0,46648,0,0,11662,,TTT skipped for dataset=volkert to avoid OOM,,,/home/crc00006699/zh/tabiclv2/data178/volkert
walking-activity,multiclass,119465,23893,29867,4,22,ok,ok,tie,0.6641443733886898,0.6641443733886898,0.0,0.0,0.0,0.7436614036560059,1.5153789520263672,364.9849166870117,359.7460942268372,False,0,2e-06,,0.6742494106292725,119465,89598,29867,29867,stratified,stratified split | TTT training skipped because n_classes=22 exceeds model max_classes=10,,,/home/crc00006699/zh/tabiclv2/data178/walking-activity
wall-robot-navigation,multiclass,4364,873,1092,24,4,ok,ok,tie,0.9862637362637364,0.9862637362637364,0.0,0.0,0.0,0.4050235748291015,3.299647808074951,1.5278239250183103,1.369570016860962,True,10,2e-06,0.0182417463511228,3.195319175720215,4364,3273,1091,1092,stratified,stratified split,,,/home/crc00006699/zh/tabiclv2/data178/wall-robot-navigation
water_quality,binclass,6396,1280,1600,20,2,ok,ok,tie,0.908125,0.908125,0.0,0.0,0.0,0.4279365539550781,5.265215158462524,2.143541097640991,1.9391930103302,True,10,2e-06,0.2258440554141998,5.176280498504639,6396,4797,1599,1600,stratified,stratified split,,,/home/crc00006699/zh/tabiclv2/data178/water_quality
waveform-5000,multiclass,4000,800,1000,40,3,ok,ok,improved,0.866,0.869,0.0030000000000000027,0.30000000000000027,0.34642032332563544,0.4713797569274902,3.404991388320923,1.816206932067871,1.7212836742401123,True,10,2e-06,0.2768014967441559,3.2620444297790527,4000,3000,1000,1000,stratified,stratified split,,,/home/crc00006699/zh/tabiclv2/data178/waveform-5000
waveform_database_generator,multiclass,3999,800,1000,21,3,ok,ok,regressed,0.356,0.353,-0.0030000000000000027,-0.30000000000000027,-0.842696629213484,0.3868453502655029,2.9644901752471924,1.337109088897705,1.175438642501831,True,10,2e-06,1.0950456857681274,2.8823812007904053,3999,2999,1000,1000,stratified,stratified split,,,/home/crc00006699/zh/tabiclv2/data178/waveform_database_generator
waveform_database_generator_version_1,multiclass,4000,800,1000,21,3,ok,ok,regressed,0.866,0.865,-0.0010000000000000009,-0.10000000000000009,-0.11547344110854514,0.4004755020141601,2.9900426864624023,1.330113172531128,1.2268073558807373,True,10,2e-06,0.2600861191749573,2.904276132583618,4000,3000,1000,1000,stratified,stratified split,,,/home/crc00006699/zh/tabiclv2/data178/waveform_database_generator_version_1
website_phishing,multiclass,1082,217,271,9,3,ok,ok,tie,0.911439114391144,0.911439114391144,0.0,0.0,0.0,0.3441588878631592,0.8046021461486816,0.3168349266052246,0.2764415740966797,True,10,2e-06,0.2106993794441223,0.7739248275756836,1082,811,271,271,stratified,stratified split,,,/home/crc00006699/zh/tabiclv2/data178/website_phishing
wine,binclass,2043,409,511,4,2,ok,ok,tie,0.7749510763209393,0.7749510763209393,0.0,0.0,0.0,0.3277156352996826,1.2200722694396973,0.2440922260284423,0.1844773292541504,True,10,2e-06,0.4750807583332062,1.1999809741973877,2043,1532,511,511,stratified,stratified split,,,/home/crc00006699/zh/tabiclv2/data178/wine
wine-quality-red,multiclass,1279,256,320,4,6,ok,ok,tie,0.66875,0.66875,0.0,0.0,0.0,0.3630130290985107,0.8134918212890625,0.3213896751403808,0.2752707004547119,True,10,2e-06,0.8809507489204407,0.792506217956543,1279,959,320,320,stratified,stratified split,,,/home/crc00006699/zh/tabiclv2/data178/wine-quality-red
wine-quality-white,multiclass,3918,784,980,11,7,ok,ok,improved,0.6826530612244898,0.6836734693877551,0.0010204081632653184,0.10204081632653184,0.14947683109118268,0.3652529716491699,2.67079758644104,1.0825889110565186,1.02819561958313,True,10,2e-06,0.8185854554176331,2.61592173576355,3918,2938,980,980,stratified,stratified split,,,/home/crc00006699/zh/tabiclv2/data178/wine-quality-white
yeast,multiclass,1187,238,297,8,10,ok,ok,regressed,0.6296296296296297,0.622895622895623,-0.006734006734006703,-0.6734006734006703,-1.0695187165775353,0.3352704048156738,0.8089797496795654,0.3316168785095215,0.243298053741455,True,10,2e-06,0.9772233963012696,0.783405065536499,1187,890,297,297,stratified,stratified split,,,/home/crc00006699/zh/tabiclv2/data178/yeast
