dataset_name,group,winner,task_type_iclv2_ensmble32,n_train_iclv2_ensmble32,n_val_iclv2_ensmble32,n_test_compare,n_features_iclv2_ensmble32,n_classes_iclv2_ensmble32,acc_iclv2_ensmble32,acc_ttt_step8,delta_ttt_minus_iclv2,delta_pp,delta_correct_est,fit_seconds_iclv2_ensmble32,predict_seconds_iclv2_ensmble32,total_seconds_iclv2_ensmble32,fit_seconds_ttt_step8,predict_seconds_ttt_step8,ttt_update_seconds,total_seconds_ttt_step8,ttt_applied,ttt_steps,ttt_lr,ttt_loss,ttt_split_strategy,ttt_split_reason,ttt_execution_group,change_strength,dataset_dir_iclv2_ensmble32,dataset_dir_ttt_step8
jungle_chess_2pcs_raw_endgame_complete,TTT step8更高,ttt_step8,multiclass,35855,7171,8964,6,3,0.892458723784025,0.933065595716198,0.04060687193217294,4.060687193217294,363.99999999999824,0.6189601421356201,24.453245162963867,25.072205305099487,1079.9050133228302,25.46374487876892,1079.6986367702484,1105.3687582015991,True,8,5e-06,0.1602476141415536,stratified,stratified split,TTT执行,strong_gain_>=1pp,/home/crc00006699/zh/tabiclv2/data178/jungle_chess_2pcs_raw_endgame_complete,/home/crc00006699/zh/tabiclv2/data178/jungle_chess_2pcs_raw_endgame_complete
compass,TTT step8更高,ttt_step8,binclass,13315,2663,3329,17,2,0.8305797536797838,0.8618203664764194,0.031240612796635592,3.124061279663559,103.99999999999989,0.623884916305542,6.156905651092529,6.780790567398071,176.4980401992798,6.555361270904541,176.27851939201355,183.05340147018435,True,8,5e-06,0.3591696051880717,stratified,stratified split,TTT执行,strong_gain_>=1pp,/home/crc00006699/zh/tabiclv2/data178/compass,/home/crc00006699/zh/tabiclv2/data178/compass
eye_movements,TTT step8更高,ttt_step8,multiclass,8748,1750,2188,27,3,0.8354661791590493,0.8656307129798904,0.030164533820841055,3.0164533820841055,66.00000000000023,0.5645596981048584,4.274454832077026,4.839014530181885,91.52707481384276,4.528202056884766,91.28988671302795,96.05527687072752,True,8,5e-06,0.4652378158643842,stratified,stratified split,TTT执行,strong_gain_>=1pp,/home/crc00006699/zh/tabiclv2/data178/eye_movements,/home/crc00006699/zh/tabiclv2/data178/eye_movements
mfeat-morphological,TTT step8更高,ttt_step8,multiclass,1600,320,400,6,10,0.77,0.795,0.025000000000000022,2.500000000000002,10.000000000000009,0.3915579319000244,0.5862913131713867,0.9778492450714111,11.822044849395752,0.5678563117980957,11.792447566986084,12.389901161193848,True,8,5e-06,0.566044881939888,stratified,stratified split,TTT执行,strong_gain_>=1pp,/home/crc00006699/zh/tabiclv2/data178/mfeat-morphological,/home/crc00006699/zh/tabiclv2/data178/mfeat-morphological
eye_movements_bin,TTT step8更高,ttt_step8,binclass,6086,1218,1522,20,2,0.6550591327201051,0.6780551905387647,0.022996057818659654,2.2996057818659654,34.99999999999999,0.4958975315093994,2.5536603927612305,3.04955792427063,51.39462471008301,2.629765510559082,51.26825428009033,54.02439022064209,True,8,5e-06,0.6060092896223068,stratified,stratified split,TTT执行,strong_gain_>=1pp,/home/crc00006699/zh/tabiclv2/data178/eye_movements_bin,/home/crc00006699/zh/tabiclv2/data178/eye_movements_bin
Pima_Indians_Diabetes_Database,TTT step8更高,ttt_step8,binclass,614,123,154,8,2,0.7272727272727273,0.7467532467532467,0.01948051948051943,1.9480519480519431,2.9999999999999925,0.3529610633850097,0.5414254665374756,0.8943865299224854,11.036022424697876,0.5212433338165283,11.009694814682009,11.557265758514404,True,8,5e-06,0.4345643315464258,stratified,stratified split,TTT执行,strong_gain_>=1pp,/home/crc00006699/zh/tabiclv2/data178/Pima_Indians_Diabetes_Database,/home/crc00006699/zh/tabiclv2/data178/Pima_Indians_Diabetes_Database
banknote_authentication,TTT step8更高,ttt_step8,binclass,1097,220,275,4,2,0.5381818181818182,0.5563636363636364,0.018181818181818188,1.8181818181818188,5.000000000000002,0.3482005596160888,0.1908698081970214,0.5390703678131102,6.095321178436279,0.2328143119812011,6.071921110153198,6.3281354904174805,True,8,5e-06,0.6839741244912148,stratified,stratified split,TTT执行,strong_gain_>=1pp,/home/crc00006699/zh/tabiclv2/data178/banknote_authentication,/home/crc00006699/zh/tabiclv2/data178/banknote_authentication
airlines_seed_0_nrows_2000_nclasses_10_ncols_100_stratify_True,TTT step8更高,ttt_step8,binclass,1600,320,400,7,2,0.595,0.61,0.015000000000000013,1.5000000000000013,6.000000000000005,0.3912899494171142,0.483259916305542,0.8745498657226562,10.487465381622314,0.504490852355957,10.450993061065674,10.991956233978271,True,8,5e-06,0.6180656030774117,stratified,stratified split,TTT执行,strong_gain_>=1pp,/home/crc00006699/zh/tabiclv2/data178/airlines_seed_0_nrows_2000_nclasses_10_ncols_100_stratify_True,/home/crc00006699/zh/tabiclv2/data178/airlines_seed_0_nrows_2000_nclasses_10_ncols_100_stratify_True
hill-valley,TTT step8更高,ttt_step8,binclass,969,194,243,100,2,0.97119341563786,0.9835390946502056,0.012345679012345623,1.2345679012345623,2.9999999999999862,0.5066592693328857,1.1701486110687256,1.6768078804016113,14.575231075286863,1.1634190082550049,14.430621147155762,15.738650083541868,True,8,5e-06,0.0944459004094824,stratified,stratified split,TTT执行,strong_gain_>=1pp,/home/crc00006699/zh/tabiclv2/data178/hill-valley,/home/crc00006699/zh/tabiclv2/data178/hill-valley
kc1,TTT step8更高,ttt_step8,binclass,1687,338,422,21,2,0.8720379146919431,0.8838862559241706,0.011848341232227444,1.1848341232227444,4.999999999999981,0.4231724739074707,0.840113639831543,1.2632861137390137,12.602985382080078,0.7170438766479492,12.546012163162231,13.320029258728027,True,8,5e-06,0.3084558043628931,stratified,stratified split,TTT执行,strong_gain_>=1pp,/home/crc00006699/zh/tabiclv2/data178/kc1,/home/crc00006699/zh/tabiclv2/data178/kc1
FOREX_audcad-day-High,TTT step8更高,ttt_step8,binclass,1467,294,367,10,2,0.7465940054495913,0.7574931880108992,0.01089918256130784,1.089918256130784,3.999999999999978,0.3680727481842041,0.5562481880187988,0.9243209362030029,11.687574863433838,0.4357273578643799,11.655280351638794,12.123302221298218,True,8,5e-06,0.5735081695020199,stratified,stratified split,TTT执行,strong_gain_>=1pp,/home/crc00006699/zh/tabiclv2/data178/FOREX_audcad-day-High,/home/crc00006699/zh/tabiclv2/data178/FOREX_audcad-day-High
mfeat-fourier,TTT step8更高,ttt_step8,multiclass,1600,320,400,76,10,0.9225,0.9325,0.010000000000000009,1.0000000000000009,4.0000000000000036,0.4791357517242431,1.4284186363220217,1.9075543880462649,16.670446634292603,1.5172934532165527,16.524283409118652,18.187740087509155,True,8,5e-06,0.2311053965240717,stratified,stratified split,TTT执行,strong_gain_>=1pp,/home/crc00006699/zh/tabiclv2/data178/mfeat-fourier,/home/crc00006699/zh/tabiclv2/data178/mfeat-fourier
ada_prior,TTT step8更高,ttt_step8,binclass,3649,730,913,14,2,0.8554216867469879,0.8619934282584885,0.006571741511500528,0.6571741511500528,5.999999999999982,0.418839693069458,1.681386947631836,2.100226640701294,25.185532331466675,1.411613941192627,25.11153531074524,26.5971462726593,True,8,5e-06,0.3198757506906986,stratified,stratified split,TTT执行,medium_gain_0.2-1pp,/home/crc00006699/zh/tabiclv2/data178/ada_prior,/home/crc00006699/zh/tabiclv2/data178/ada_prior
waveform-5000,TTT step8更高,ttt_step8,multiclass,4000,800,1000,40,3,0.865,0.871,0.006000000000000005,0.6000000000000005,6.000000000000005,0.5685241222381592,2.210875988006592,2.779400110244751,32.31106424331665,2.2933506965637207,32.16428470611572,34.60441493988037,True,8,5e-06,0.2694925805553794,stratified,stratified split,TTT执行,medium_gain_0.2-1pp,/home/crc00006699/zh/tabiclv2/data178/waveform-5000,/home/crc00006699/zh/tabiclv2/data178/waveform-5000
Firm-Teacher_Clave-Direction_Classification,TTT step8更高,ttt_step8,multiclass,8640,1728,2160,16,4,0.8791666666666667,0.8847222222222222,0.005555555555555536,0.5555555555555536,11.999999999999957,0.527306079864502,3.5329301357269287,4.060236215591431,83.70506882667542,3.710503339767456,83.53600549697876,87.41557216644287,True,8,5e-06,0.340350853279233,stratified,stratified split,TTT执行,medium_gain_0.2-1pp,/home/crc00006699/zh/tabiclv2/data178/Firm-Teacher_Clave-Direction_Classification,/home/crc00006699/zh/tabiclv2/data178/Firm-Teacher_Clave-Direction_Classification
satimage,TTT step8更高,ttt_step8,multiclass,5144,1029,1286,36,6,0.9416796267496113,0.9471228615863142,0.005443234836702948,0.5443234836702948,6.999999999999991,0.4936060905456543,2.637812376022339,3.131418466567993,42.478880643844604,2.8082754611968994,42.31196928024292,45.287156105041504,True,8,5e-06,0.1698165773414075,stratified,stratified split,TTT执行,medium_gain_0.2-1pp,/home/crc00006699/zh/tabiclv2/data178/satimage,/home/crc00006699/zh/tabiclv2/data178/satimage
mfeat-zernike,TTT step8更高,ttt_step8,multiclass,1600,320,400,47,10,0.8975,0.9025,0.0050000000000000044,0.5000000000000004,2.0000000000000018,0.5212619304656982,1.0333726406097412,1.5546345710754395,13.935220956802368,1.1202948093414309,13.827363014221191,15.055515766143799,True,8,5e-06,0.1937512415461242,stratified,stratified split,TTT执行,medium_gain_0.2-1pp,/home/crc00006699/zh/tabiclv2/data178/mfeat-zernike,/home/crc00006699/zh/tabiclv2/data178/mfeat-zernike
maternal_health_risk,TTT step8更高,ttt_step8,multiclass,811,163,203,6,3,0.8719211822660099,0.8768472906403941,0.0049261083743842304,0.49261083743842304,0.9999999999999988,0.3908009529113769,0.64375901222229,1.034559965133667,11.145857572555542,0.6168191432952881,11.118069887161257,11.76267671585083,True,8,5e-06,0.4083664258942008,stratified,stratified split,TTT执行,medium_gain_0.2-1pp,/home/crc00006699/zh/tabiclv2/data178/maternal_health_risk,/home/crc00006699/zh/tabiclv2/data178/maternal_health_risk
abalone,TTT step8更高,ttt_step8,multiclass,3341,669,836,8,3,0.6399521531100478,0.6447368421052632,0.004784688995215336,0.4784688995215336,4.000000000000021,0.3898584842681885,1.0417261123657229,1.4315845966339114,21.329675912857056,1.1288626194000244,21.28067445755005,22.45853853225708,True,8,5e-06,0.6614138185977936,stratified,stratified split,TTT执行,medium_gain_0.2-1pp,/home/crc00006699/zh/tabiclv2/data178/abalone,/home/crc00006699/zh/tabiclv2/data178/abalone
QSAR_biodegradation,TTT step8更高,ttt_step8,binclass,843,169,211,41,2,0.8909952606635071,0.8957345971563981,0.004739336492891044,0.4739336492891044,1.0000000000000102,0.4419679641723633,1.2219810485839844,1.6639490127563477,11.424556016921995,1.2547035217285156,11.309433460235596,12.679259538650511,True,8,5e-06,0.253353837877512,stratified,stratified split,TTT执行,medium_gain_0.2-1pp,/home/crc00006699/zh/tabiclv2/data178/QSAR_biodegradation,/home/crc00006699/zh/tabiclv2/data178/QSAR_biodegradation
qsar,TTT step8更高,ttt_step8,binclass,844,169,211,40,2,0.9004739336492891,0.90521327014218,0.004739336492890933,0.4739336492890933,0.9999999999999869,0.4039528369903564,1.203298568725586,1.6072514057159424,11.59803581237793,1.1602990627288818,11.517936706542969,12.758334875106812,True,8,5e-06,0.2824290236458182,stratified,stratified split,TTT执行,medium_gain_0.2-1pp,/home/crc00006699/zh/tabiclv2/data178/qsar,/home/crc00006699/zh/tabiclv2/data178/qsar
Telecom_Churn_Dataset,TTT step8更高,ttt_step8,binclass,2666,534,667,17,2,0.9610194902548724,0.9655172413793104,0.004497751124437954,0.4497751124437954,3.0000000000001155,0.4182426929473877,1.5309600830078125,1.9492027759552002,18.48306131362915,0.9413714408874512,18.41771411895752,19.4244327545166,True,8,5e-06,0.1327312495559454,stratified,stratified split,TTT执行,medium_gain_0.2-1pp,/home/crc00006699/zh/tabiclv2/data178/Telecom_Churn_Dataset,/home/crc00006699/zh/tabiclv2/data178/Telecom_Churn_Dataset
Pumpkin_Seeds,TTT step8更高,ttt_step8,binclass,2000,400,500,12,2,0.882,0.886,0.0040000000000000036,0.40000000000000036,2.0000000000000018,0.4606835842132568,0.6751894950866699,1.1358730792999268,13.85676884651184,0.7400376796722412,13.819238662719728,14.596806526184082,True,8,5e-06,0.2319960719905793,stratified,stratified split,TTT执行,medium_gain_0.2-1pp,/home/crc00006699/zh/tabiclv2/data178/Pumpkin_Seeds,/home/crc00006699/zh/tabiclv2/data178/Pumpkin_Seeds
baseball,TTT step8更高,ttt_step8,multiclass,1072,215,268,16,3,0.9440298507462688,0.9477611940298508,0.003731343283582045,0.3731343283582045,0.999999999999988,0.3733010292053222,0.4575870037078857,0.8308880329132079,11.363051891326904,0.4947831630706787,11.316192626953123,11.857835054397583,True,8,5e-06,0.1696164151653647,stratified,stratified split,TTT执行,medium_gain_0.2-1pp,/home/crc00006699/zh/tabiclv2/data178/baseball,/home/crc00006699/zh/tabiclv2/data178/baseball
GesturePhaseSegmentationProcessed,TTT step8更高,ttt_step8,multiclass,7898,1580,1975,32,5,0.8273417721518987,0.8308860759493671,0.0035443037974683955,0.35443037974683955,7.000000000000081,0.5373661518096924,4.304964780807495,4.8423309326171875,80.22478818893433,4.290464401245117,80.00458860397339,84.51525259017944,True,8,5e-06,0.5828221123665571,stratified,stratified split,TTT执行,medium_gain_0.2-1pp,/home/crc00006699/zh/tabiclv2/data178/GesturePhaseSegmentationProcessed,/home/crc00006699/zh/tabiclv2/data178/GesturePhaseSegmentationProcessed
ada_agnostic,TTT step8更高,ttt_step8,binclass,3649,730,913,48,2,0.8510405257393209,0.8543263964950711,0.003285870755750264,0.3285870755750264,2.999999999999991,0.4756913185119629,2.2255141735076904,2.7012054920196533,30.30985140800476,2.264108180999756,30.16728115081787,32.57395958900452,True,8,5e-06,0.3173037879168987,stratified,stratified split,TTT执行,medium_gain_0.2-1pp,/home/crc00006699/zh/tabiclv2/data178/ada_agnostic,/home/crc00006699/zh/tabiclv2/data178/ada_agnostic
electricity,TTT step8更高,ttt_step8,binclass,36249,7250,9063,8,2,0.9261833829857664,0.9293832064437824,0.003199823458015949,0.3199823458015949,28.999999999998547,0.6157522201538086,25.78266143798828,26.39841365814209,1110.1236970424652,26.4196879863739,1109.8106095790863,1136.543385028839,True,8,5e-06,0.1903170961886644,stratified,stratified split,TTT执行,medium_gain_0.2-1pp,/home/crc00006699/zh/tabiclv2/data178/electricity,/home/crc00006699/zh/tabiclv2/data178/electricity
Water_Quality_and_Potability,TTT step8更高,ttt_step8,binclass,2620,524,656,8,2,0.6570121951219512,0.6600609756097561,0.0030487804878048808,0.3048780487804881,2.0000000000000018,0.3688228130340576,0.8260581493377686,1.1948809623718262,17.09247064590454,0.8115372657775879,17.054028034210205,17.90400791168213,True,8,5e-06,0.6289572957903147,stratified,stratified split,TTT执行,medium_gain_0.2-1pp,/home/crc00006699/zh/tabiclv2/data178/Water_Quality_and_Potability,/home/crc00006699/zh/tabiclv2/data178/Water_Quality_and_Potability
gina_agnostic,TTT step8更高,ttt_step8,binclass,2774,555,694,970,2,0.9740634005763688,0.9769452449567724,0.00288184438040362,0.288184438040362,2.000000000000112,3.1922767162323,44.48625326156616,47.67852997779846,230.8251166343689,46.39357805252075,228.056414604187,277.21869468688965,True,8,5e-06,0.0812773432116955,stratified,stratified split,TTT执行,medium_gain_0.2-1pp,/home/crc00006699/zh/tabiclv2/data178/gina_agnostic,/home/crc00006699/zh/tabiclv2/data178/gina_agnostic
allrep,TTT step8更高,ttt_step8,multiclass,3017,604,755,29,4,0.9841059602649008,0.9867549668874172,0.0026490066225163256,0.26490066225163256,1.999999999999826,0.4341239929199219,1.383265495300293,1.8173894882202148,21.60845828056335,1.4676265716552734,21.50176453590393,23.076084852218624,True,8,5e-06,0.0275080654537305,stratified,stratified split,TTT执行,medium_gain_0.2-1pp,/home/crc00006699/zh/tabiclv2/data178/allrep,/home/crc00006699/zh/tabiclv2/data178/allrep
bank,TTT step8更高,ttt_step8,binclass,36168,7234,9043,16,2,0.9089903792989052,0.91120203472299,0.0022116554240847464,0.22116554240847464,19.999999999998362,0.8156044483184814,27.417607069015503,28.233211517333984,1117.882862329483,28.504902839660645,1117.3645586967468,1146.3877651691437,True,8,5e-06,0.1898389514535665,stratified,stratified split,TTT执行,medium_gain_0.2-1pp,/home/crc00006699/zh/tabiclv2/data178/bank,/home/crc00006699/zh/tabiclv2/data178/bank
taiwanese_bankruptcy_prediction,TTT step8更高,ttt_step8,binclass,5455,1091,1364,95,2,0.9714076246334312,0.9736070381231672,0.0021994134897359574,0.21994134897359574,2.999999999999846,0.7496538162231445,5.840881109237671,6.590534925460815,63.42918682098389,6.195286273956299,63.007925033569336,69.62447309494019,True,8,5e-06,0.0796651623677462,stratified,stratified split,TTT执行,medium_gain_0.2-1pp,/home/crc00006699/zh/tabiclv2/data178/taiwanese_bankruptcy_prediction,/home/crc00006699/zh/tabiclv2/data178/taiwanese_bankruptcy_prediction
FOREX_audusd-hour-High,TTT step8更高,ttt_step8,binclass,35060,7012,8765,10,2,0.7070165430690245,0.7091842555618939,0.0021677124928694003,0.21677124928694003,19.000000000000295,0.6565964221954346,24.464357137680057,25.120953559875492,1047.7190120220184,25.39526891708374,1047.386146068573,1073.1142809391022,True,8,5e-06,0.5579434484243393,stratified,stratified split,TTT执行,medium_gain_0.2-1pp,/home/crc00006699/zh/tabiclv2/data178/FOREX_audusd-hour-High,/home/crc00006699/zh/tabiclv2/data178/FOREX_audusd-hour-High
twonorm,TTT step8更高,ttt_step8,binclass,5920,1184,1480,20,2,0.9777027027027028,0.9797297297297296,0.00202702702702684,0.20270270270268398,2.999999999999723,0.4341874122619629,2.417443990707397,2.85163140296936,48.034201860427856,2.6384708881378174,47.92352628707886,50.672672748565674,True,8,5e-06,0.0513378463219851,stratified,stratified split,TTT执行,medium_gain_0.2-1pp,/home/crc00006699/zh/tabiclv2/data178/twonorm,/home/crc00006699/zh/tabiclv2/data178/twonorm
eeg-eye-state,TTT step8更高,ttt_step8,binclass,11984,2397,2996,14,2,0.9939919893190922,0.9959946595460614,0.0020026702269692054,0.20026702269692054,5.999999999999739,0.4930174350738525,5.140817642211914,5.633835077285767,144.5950310230255,5.572701454162598,144.43669724464417,150.1677324771881,True,8,5e-06,0.0160194360068999,stratified,stratified split,TTT执行,medium_gain_0.2-1pp,/home/crc00006699/zh/tabiclv2/data178/eeg-eye-state,/home/crc00006699/zh/tabiclv2/data178/eeg-eye-state
ozone-level-8hr,TTT step8更高,ttt_step8,binclass,2027,406,507,72,2,0.9546351084812624,0.9566074950690336,0.0019723865877712132,0.19723865877712132,1.000000000000005,0.5123915672302246,1.6957104206085205,2.208101987838745,19.75806975364685,1.7846481800079346,19.598905324935917,21.542717933654785,True,8,5e-06,0.1323549780063331,stratified,stratified split,TTT执行,weak_gain_<0.2pp,/home/crc00006699/zh/tabiclv2/data178/ozone-level-8hr,/home/crc00006699/zh/tabiclv2/data178/ozone-level-8hr
in_vehicle_coupon_recommendation,TTT step8更高,ttt_step8,binclass,10147,2030,2537,21,2,0.7871501773748522,0.7891210090658258,0.0019708316909736734,0.19708316909736734,5.00000000000021,0.609067440032959,4.675953149795532,5.285020589828491,110.99986433982848,4.927988767623901,110.74448490142822,115.92785310745238,True,8,5e-06,0.485167883336544,stratified,stratified split,TTT执行,weak_gain_<0.2pp,/home/crc00006699/zh/tabiclv2/data178/in_vehicle_coupon_recommendation,/home/crc00006699/zh/tabiclv2/data178/in_vehicle_coupon_recommendation
artificial-characters,TTT step8更高,ttt_step8,multiclass,8174,1635,2044,7,10,0.9408023483365948,0.9427592954990216,0.001956947162426781,0.1956947162426781,4.00000000000034,0.3948564529418945,2.697080373764038,3.0919368267059326,74.50826692581177,3.038515090942383,74.43330430984497,77.54678201675415,True,8,5e-06,0.2676048101857304,stratified,stratified split,TTT执行,weak_gain_<0.2pp,/home/crc00006699/zh/tabiclv2/data178/artificial-characters,/home/crc00006699/zh/tabiclv2/data178/artificial-characters
sylvine,TTT step8更高,ttt_step8,binclass,4099,820,1025,20,2,0.977560975609756,0.9795121951219512,0.0019512195121952347,0.19512195121952347,2.0000000000001155,0.4425466060638428,1.6189634799957275,2.0615100860595703,29.446443557739254,1.786595582962036,29.356756448745728,31.23303914070129,True,8,5e-06,0.0708934958092868,stratified,stratified split,TTT执行,weak_gain_<0.2pp,/home/crc00006699/zh/tabiclv2/data178/sylvine,/home/crc00006699/zh/tabiclv2/data178/sylvine
online_shoppers,TTT step8更高,ttt_step8,binclass,9864,1973,2466,14,2,0.9059205190592052,0.9075425790754258,0.0016220600162205612,0.16220600162205612,3.999999999999904,0.4763751029968261,3.955548524856568,4.4319236278533936,104.59996604919434,4.26445746421814,104.44581627845764,108.86442351341248,True,8,5e-06,0.2135064182803034,stratified,stratified split,TTT执行,weak_gain_<0.2pp,/home/crc00006699/zh/tabiclv2/data178/online_shoppers,/home/crc00006699/zh/tabiclv2/data178/online_shoppers
MagicTelescope,TTT step8更高,ttt_step8,binclass,15216,3044,3804,9,2,0.8940588853838065,0.8956361724500526,0.001577287066246047,0.1577287066246047,5.999999999999963,0.4549262523651123,6.601260185241699,7.0561864376068115,218.03967761993408,7.120958089828491,217.9005048274994,225.16063570976257,True,8,5e-06,0.2685267068445682,stratified,stratified split,TTT执行,weak_gain_<0.2pp,/home/crc00006699/zh/tabiclv2/data178/MagicTelescope,/home/crc00006699/zh/tabiclv2/data178/MagicTelescope
led7,TTT step8更高,ttt_step8,multiclass,2560,512,640,7,10,0.7390625,0.740625,0.0015625000000000222,0.15625000000000222,1.0000000000000142,0.38519287109375,0.809819221496582,1.195012092590332,15.69689655303955,0.8016295433044434,15.6501145362854,16.498526096343994,True,8,5e-06,0.861358780413866,stratified,stratified split,TTT执行,weak_gain_<0.2pp,/home/crc00006699/zh/tabiclv2/data178/led7,/home/crc00006699/zh/tabiclv2/data178/led7
BNG(tic-tac-toe),TTT step8更高,ttt_step8,binclass,31492,6299,7874,9,2,0.8148336296672594,0.8163576327152654,0.0015240030480060396,0.15240030480060396,11.999999999999556,2.80460786819458,19.92182493209839,22.72643280029297,852.4613485336304,21.22939372062683,852.1216006278992,873.6907422542572,True,8,5e-06,0.4010238070040941,stratified,stratified split,TTT执行,weak_gain_<0.2pp,/home/crc00006699/zh/tabiclv2/data178/BNG(tic-tac-toe),/home/crc00006699/zh/tabiclv2/data178/BNG(tic-tac-toe)
BLE_RSSI_dataset_for_Indoor_localization,TTT step8更高,ttt_step8,multiclass,7987,1598,1997,3,3,0.7336004006009014,0.7351026539809714,0.00150225338007004,0.150225338007004,2.99999999999987,3.852142095565796,2.2992072105407715,6.151349306106567,36.26066064834595,1.5515434741973877,36.22089385986328,37.812204122543335,True,8,5e-06,0.5901193097233772,stratified,stratified split,TTT执行,weak_gain_<0.2pp,/home/crc00006699/zh/tabiclv2/data178/BLE_RSSI_dataset_for_Indoor_localization,/home/crc00006699/zh/tabiclv2/data178/BLE_RSSI_dataset_for_Indoor_localization
FOREX_audsgd-hour-High,TTT step8更高,ttt_step8,binclass,35060,7012,8765,10,2,0.7105533371363377,0.7119224187107815,0.00136908157444382,0.136908157444382,12.000000000000083,0.6562700271606445,24.36222267150879,25.018492698669434,1048.167419910431,25.374247550964355,1047.819046497345,1073.5416674613953,True,8,5e-06,0.559831790626049,stratified,stratified split,TTT执行,weak_gain_<0.2pp,/home/crc00006699/zh/tabiclv2/data178/FOREX_audsgd-hour-High,/home/crc00006699/zh/tabiclv2/data178/FOREX_audsgd-hour-High
rice_cammeo_and_osmancik,TTT step8更高,ttt_step8,binclass,3048,610,762,7,2,0.931758530183727,0.9330708661417324,0.001312335958005395,0.1312335958005395,1.000000000000111,0.3619134426116943,0.8356163501739502,1.1975297927856445,16.508527755737305,0.9634504318237304,16.471394777297974,17.471978187561035,True,8,5e-06,0.1912844870239496,stratified,stratified split,TTT执行,weak_gain_<0.2pp,/home/crc00006699/zh/tabiclv2/data178/rice_cammeo_and_osmancik,/home/crc00006699/zh/tabiclv2/data178/rice_cammeo_and_osmancik
okcupid_stem,TTT step8更高,ttt_step8,multiclass,21341,4269,5336,13,3,0.75,0.751311844077961,0.001311844077961033,0.1311844077961033,7.000000000000072,0.6404891014099121,11.747472524642944,12.387961626052856,410.9960403442383,12.210560083389282,410.6824476718903,423.20660042762756,True,8,5e-06,0.5758487805724144,stratified,stratified split,TTT执行,weak_gain_<0.2pp,/home/crc00006699/zh/tabiclv2/data178/okcupid_stem,/home/crc00006699/zh/tabiclv2/data178/okcupid_stem
mozilla4,TTT step8更高,ttt_step8,binclass,12436,2488,3109,4,2,0.944033451270505,0.9453200385976198,0.001286587327114841,0.1286587327114841,4.000000000000041,0.4051780700683594,2.2589707374572754,2.6641488075256348,75.6945059299469,2.6187620162963867,75.62035918235779,78.31326794624329,True,8,5e-06,0.1535613760352134,stratified,stratified split,TTT执行,weak_gain_<0.2pp,/home/crc00006699/zh/tabiclv2/data178/mozilla4,/home/crc00006699/zh/tabiclv2/data178/mozilla4
microaggregation2,TTT step8更高,ttt_step8,multiclass,16000,3200,4000,20,5,0.64425,0.6455,0.0012499999999999734,0.12499999999999734,4.999999999999893,0.5704545974731445,8.317498683929443,8.887953281402588,246.11717772483823,8.872311115264893,245.86452198028564,254.98948884010312,True,8,5e-06,0.8549749944359064,stratified,stratified split,TTT执行,weak_gain_<0.2pp,/home/crc00006699/zh/tabiclv2/data178/microaggregation2,/home/crc00006699/zh/tabiclv2/data178/microaggregation2
spambase,TTT step8更高,ttt_step8,binclass,3680,736,921,57,2,0.9587404994571118,0.9598262757871878,0.0010857763300760048,0.10857763300760048,1.0000000000000004,0.4990105628967285,2.5111405849456787,3.0101511478424072,32.26363039016724,2.62539005279541,32.091495513916016,34.889020442962654,True,8,5e-06,0.0926793857943266,stratified,stratified split,TTT执行,weak_gain_<0.2pp,/home/crc00006699/zh/tabiclv2/data178/spambase,/home/crc00006699/zh/tabiclv2/data178/spambase
Wilt,TTT step8更高,ttt_step8,binclass,3856,772,965,5,2,0.9927461139896372,0.9937823834196892,0.0010362694300519726,0.10362694300519726,1.0000000000001537,0.3935468196868896,0.7649307250976562,1.158477544784546,16.83350110054016,0.9125757217407228,16.796043634414673,17.746076822280884,True,8,5e-06,0.0154934580787085,stratified,stratified split,TTT执行,weak_gain_<0.2pp,/home/crc00006699/zh/tabiclv2/data178/Wilt,/home/crc00006699/zh/tabiclv2/data178/Wilt
rl,TTT step8更高,ttt_step8,binclass,3976,796,994,12,2,0.9054325955734408,0.9064386317907444,0.001006036217303552,0.1006036217303552,0.9999999999997307,0.3908851146697998,1.290647029876709,1.6815321445465088,27.10346221923828,1.4807822704315186,27.034510135650635,28.5842444896698,True,8,5e-06,0.3274700492620468,stratified,stratified split,TTT执行,weak_gain_<0.2pp,/home/crc00006699/zh/tabiclv2/data178/rl,/home/crc00006699/zh/tabiclv2/data178/rl
KDDCup09_upselling,TTT step8更高,ttt_step8,binclass,4102,821,1026,49,2,0.8109161793372319,0.8118908382066277,0.0009746588693957392,0.09746588693957392,1.0000000000000284,0.5625228881835938,2.581682205200196,3.14420509338379,34.805805683135986,2.6591174602508545,34.59504699707031,37.46492314338684,True,8,5e-06,0.3457568092271685,stratified,stratified split,TTT执行,weak_gain_<0.2pp,/home/crc00006699/zh/tabiclv2/data178/KDDCup09_upselling,/home/crc00006699/zh/tabiclv2/data178/KDDCup09_upselling
page-blocks,TTT step8更高,ttt_step8,multiclass,4378,876,1095,10,5,0.9771689497716894,0.978082191780822,0.0009132420091325644,0.09132420091325644,1.000000000000158,0.3816211223602295,1.4350883960723877,1.8167095184326172,30.698097944259644,1.600459337234497,30.64147472381592,32.29855728149414,True,8,5e-06,0.0752050071023404,stratified,stratified split,TTT执行,weak_gain_<0.2pp,/home/crc00006699/zh/tabiclv2/data178/page-blocks,/home/crc00006699/zh/tabiclv2/data178/page-blocks
turiye_student_evaluation,TTT step8更高,ttt_step8,multiclass,4656,932,1164,32,5,0.5197594501718213,0.520618556701031,0.0008591065292096189,0.0859106529209619,0.9999999999999964,0.5823516845703125,2.226036787033081,2.8083884716033936,37.4287793636322,2.402378797531128,37.288901805877686,39.83115816116333,True,8,5e-06,1.1967171430587769,stratified,stratified split,TTT执行,weak_gain_<0.2pp,/home/crc00006699/zh/tabiclv2/data178/turiye_student_evaluation,/home/crc00006699/zh/tabiclv2/data178/turiye_student_evaluation
INNHotelsGroup,TTT step8更高,ttt_step8,binclass,29020,5804,7255,17,2,0.9046175051688492,0.9054445210199862,0.0008270158511369807,0.08270158511369807,5.999999999998796,0.7578516006469727,19.41738796234131,20.17523956298828,734.7560713291168,20.29670524597168,734.3169543743134,755.0527765750885,True,8,5e-06,0.2277928777039051,stratified,stratified split,TTT执行,weak_gain_<0.2pp,/home/crc00006699/zh/tabiclv2/data178/INNHotelsGroup,/home/crc00006699/zh/tabiclv2/data178/INNHotelsGroup
delta_ailerons,TTT step8更高,ttt_step8,binclass,5703,1141,1426,5,2,0.953015427769986,0.9537166900420756,0.0007012622720895534,0.07012622720895534,0.9999999999997031,0.394749641418457,1.2081222534179688,1.6028718948364258,28.08757162094116,1.179809808731079,28.042682886123657,29.267381429672238,True,8,5e-06,0.158178124576807,stratified,stratified split,TTT执行,weak_gain_<0.2pp,/home/crc00006699/zh/tabiclv2/data178/delta_ailerons,/home/crc00006699/zh/tabiclv2/data178/delta_ailerons
FOREX_cadjpy-hour-High,TTT step8更高,ttt_step8,binclass,35060,7012,8765,10,2,0.7159155733029093,0.7164860239589276,0.0005704506560182399,0.057045065601823985,4.999999999999872,0.6298291683197021,24.462592601776123,25.092421770095825,1047.5743243694303,25.418752908706665,1047.2821295261383,1072.993077278137,True,8,5e-06,0.5563382655382156,stratified,stratified split,TTT执行,weak_gain_<0.2pp,/home/crc00006699/zh/tabiclv2/data178/FOREX_cadjpy-hour-High,/home/crc00006699/zh/tabiclv2/data178/FOREX_cadjpy-hour-High
FICO-HELOC-cleaned,TTT step8更高,ttt_step8,binclass,7896,1580,1975,23,2,0.7549367088607595,0.7554430379746836,0.0005063291139241199,0.050632911392411994,1.0000000000001368,0.4913070201873779,3.8370673656463614,4.328374385833739,76.83733296394348,3.800295829772949,76.66311764717102,80.63762879371643,True,8,5e-06,0.5258356779813766,stratified,stratified split,TTT执行,weak_gain_<0.2pp,/home/crc00006699/zh/tabiclv2/data178/FICO-HELOC-cleaned,/home/crc00006699/zh/tabiclv2/data178/FICO-HELOC-cleaned
JapaneseVowels,TTT step8更高,ttt_step8,multiclass,7968,1594,1993,14,9,0.9994982438534872,1.0,0.0005017561465128217,0.050175614651282174,1.0000000000000537,0.4286797046661377,3.0673375129699707,3.4960172176361084,74.41419553756714,3.359642267227173,74.30772542953491,77.77383780479431,True,8,5e-06,0.0071659312816336,stratified,stratified split,TTT执行,weak_gain_<0.2pp,/home/crc00006699/zh/tabiclv2/data178/JapaneseVowels,/home/crc00006699/zh/tabiclv2/data178/JapaneseVowels
Amazon_employee_access,TTT step8更高,ttt_step8,binclass,26215,5243,6554,7,2,0.9441562404638388,0.9444613976197742,0.00030515715593537607,0.030515715593537607,2.0000000000004547,8.589313745498657,13.365189790725708,21.954503536224365,497.9913120269776,13.657241582870483,497.7462759017944,511.6485536098481,True,8,5e-06,0.1586560402065515,stratified,stratified split,TTT执行,weak_gain_<0.2pp,/home/crc00006699/zh/tabiclv2/data178/Amazon_employee_access,/home/crc00006699/zh/tabiclv2/data178/Amazon_employee_access
HR_Analytics_Job_Change_of_Data_Scientists,TTT step8更高,ttt_step8,binclass,15326,3066,3832,13,2,0.8006263048016702,0.8008872651356994,0.00026096033402922547,0.026096033402922547,0.999999999999992,0.5511641502380371,7.050858020782471,7.602022171020508,223.09892392158508,7.5841965675354,222.88245296478271,230.68312048912048,True,8,5e-06,0.4295131806284189,stratified,stratified split,TTT执行,weak_gain_<0.2pp,/home/crc00006699/zh/tabiclv2/data178/HR_Analytics_Job_Change_of_Data_Scientists,/home/crc00006699/zh/tabiclv2/data178/HR_Analytics_Job_Change_of_Data_Scientists
BNG(breast-w),TTT step8更高,ttt_step8,binclass,31492,6299,7874,9,2,0.9880619761239524,0.9883159766319533,0.00025400050800084006,0.025400050800084006,1.9999999999986147,0.6463510990142822,20.260977268219,20.907328367233283,851.5485510826111,21.26910400390625,851.2675440311432,872.8176550865173,True,8,5e-06,0.0340128486277535,stratified,stratified split,TTT执行,weak_gain_<0.2pp,/home/crc00006699/zh/tabiclv2/data178/BNG(breast-w),/home/crc00006699/zh/tabiclv2/data178/BNG(breast-w)
shuttle,TTT step8更高,ttt_step8,multiclass,46400,9280,11600,9,7,0.9993103448275862,0.999396551724138,8.620689655181035e-05,0.008620689655181035,1.000000000001,0.6725614070892334,39.87954998016357,40.5521113872528,1792.1220455169678,40.58723711967468,1791.7390100955963,1832.7092826366425,True,8,5e-06,0.0001109971556161,stratified,stratified split,TTT执行,weak_gain_<0.2pp,/home/crc00006699/zh/tabiclv2/data178/shuttle,/home/crc00006699/zh/tabiclv2/data178/shuttle
ASP-POTASSCO-classification,持平,tie,multiclass,1035,207,259,141,11,0.4903474903474903,0.4903474903474903,0.0,0.0,0.0,6.339592933654785,4.362351894378662,10.701944828033447,1.2610533237457275,4.220605373382568,0.6895215511322021,5.481658697128296,False,0,5e-06,,stratified,stratified split | TTT training skipped because n_classes=11 exceeds model max_classes=10,TTT未执行_class_count_gt10,tie_0pp,/home/crc00006699/zh/tabiclv2/data178/ASP-POTASSCO-classification,/home/crc00006699/zh/tabiclv2/data178/ASP-POTASSCO-classification
Basketball_c,持平,tie,binclass,1072,215,268,11,2,0.7014925373134329,0.7014925373134329,0.0,0.0,0.0,0.3914246559143066,0.4914400577545166,0.8828647136688232,11.51413631439209,0.380263090133667,11.479600429534912,11.894399404525757,True,8,5e-06,0.540133161470294,stratified,stratified split,TTT执行,tie_0pp,/home/crc00006699/zh/tabiclv2/data178/Basketball_c,/home/crc00006699/zh/tabiclv2/data178/Basketball_c
E-CommereShippingData,持平,tie,binclass,8799,1760,2200,10,2,0.6763636363636364,0.6763636363636364,0.0,0.0,0.0,0.4406940937042236,3.2261672019958496,3.6668612957000732,85.58402252197266,3.5320539474487305,85.48578262329102,89.11607646942139,True,8,5e-06,0.500472042709589,stratified,stratified split,TTT执行,tie_0pp,/home/crc00006699/zh/tabiclv2/data178/E-CommereShippingData,/home/crc00006699/zh/tabiclv2/data178/E-CommereShippingData
GAMETES_Epistasis_2-Way_20atts_0.1H_EDM-1_1,持平,tie,binclass,1280,256,320,20,2,0.678125,0.678125,0.0,0.0,0.0,0.4200971126556396,0.6925530433654785,1.1126501560211182,11.430559873580933,0.626542329788208,11.36579728126526,12.05710220336914,True,8,5e-06,0.6509589124470949,stratified,stratified split,TTT执行,tie_0pp,/home/crc00006699/zh/tabiclv2/data178/GAMETES_Epistasis_2-Way_20atts_0.1H_EDM-1_1,/home/crc00006699/zh/tabiclv2/data178/GAMETES_Epistasis_2-Way_20atts_0.1H_EDM-1_1
GAMETES_Heterogeneity_20atts_1600_Het_0.4_0.2_50_EDM-2_001,持平,tie,binclass,1280,256,320,20,2,0.684375,0.684375,0.0,0.0,0.0,0.3963115215301513,0.5898087024688721,0.9861202239990234,11.594000816345217,0.5955648422241211,11.53514838218689,12.189565658569338,True,8,5e-06,0.5125403879210353,stratified,stratified split,TTT执行,tie_0pp,/home/crc00006699/zh/tabiclv2/data178/GAMETES_Heterogeneity_20atts_1600_Het_0.4_0.2_50_EDM-2_001,/home/crc00006699/zh/tabiclv2/data178/GAMETES_Heterogeneity_20atts_1600_Het_0.4_0.2_50_EDM-2_001
IBM_HR_Analytics_Employee_Attrition_and_Performance,持平,tie,binclass,1176,236,294,31,2,0.8775510204081632,0.8775510204081632,0.0,0.0,0.0,0.3962783813476562,0.6179091930389404,1.0141875743865967,11.730142831802368,0.656334638595581,11.656004905700684,12.38647747039795,True,8,5e-06,0.2533653359860182,stratified,stratified split,TTT执行,tie_0pp,/home/crc00006699/zh/tabiclv2/data178/IBM_HR_Analytics_Employee_Attrition_and_Performance,/home/crc00006699/zh/tabiclv2/data178/IBM_HR_Analytics_Employee_Attrition_and_Performance
Indian_pines,持平,tie,multiclass,7315,1463,1829,220,8,0.9879715691634772,0.9879715691634772,0.0,0.0,0.0,1.5165643692016602,15.444628953933716,16.961193323135376,144.41098618507385,16.005261421203613,143.23955512046814,160.41624760627747,True,8,5e-06,0.0503629646264016,stratified,stratified split,TTT执行,tie_0pp,/home/crc00006699/zh/tabiclv2/data178/Indian_pines,/home/crc00006699/zh/tabiclv2/data178/Indian_pines
MIC,持平,tie,binclass,1319,264,330,104,2,0.9090909090909092,0.9090909090909092,0.0,0.0,0.0,0.6101996898651123,1.542344093322754,2.152543783187866,17.155410528182983,1.5357465744018557,16.889947652816772,18.69115710258484,True,8,5e-06,0.2743988716974854,stratified,stratified split,TTT执行,tie_0pp,/home/crc00006699/zh/tabiclv2/data178/MIC,/home/crc00006699/zh/tabiclv2/data178/MIC
Mobile_Price_Classification,持平,tie,multiclass,1600,320,400,20,4,0.965,0.965,0.0,0.0,0.0,0.387279748916626,0.6837401390075684,1.0710198879241943,12.073200702667236,0.7191355228424072,12.014485836029053,12.792336225509644,True,8,5e-06,0.0374582757940515,stratified,stratified split,TTT执行,tie_0pp,/home/crc00006699/zh/tabiclv2/data178/Mobile_Price_Classification,/home/crc00006699/zh/tabiclv2/data178/Mobile_Price_Classification
National_Health_and_Nutrition_Health_Survey,持平,tie,binclass,1822,365,456,7,2,0.8333333333333334,0.8333333333333334,0.0,0.0,0.0,0.3576736450195312,0.555915117263794,0.9135887622833252,11.165290355682371,0.5960657596588135,11.132396697998049,11.761356115341185,True,8,5e-06,0.3638930562883615,stratified,stratified split,TTT执行,tie_0pp,/home/crc00006699/zh/tabiclv2/data178/National_Health_and_Nutrition_Health_Survey,/home/crc00006699/zh/tabiclv2/data178/National_Health_and_Nutrition_Health_Survey
PhishingWebsites,持平,tie,binclass,8844,1769,2211,30,2,0.9805517865219358,0.9805517865219358,0.0,0.0,0.0,0.5946018695831299,4.50200080871582,5.09660267829895,94.24620389938354,4.746333122253418,93.96861362457275,98.99253702163696,True,8,5e-06,0.0498079009121283,stratified,stratified split,TTT执行,tie_0pp,/home/crc00006699/zh/tabiclv2/data178/PhishingWebsites,/home/crc00006699/zh/tabiclv2/data178/PhishingWebsites
Satellite,持平,tie,binclass,4080,816,1020,36,2,0.9931372549019608,0.9931372549019608,0.0,0.0,0.0,0.4676389694213867,2.053841352462769,2.5214803218841557,32.116665840148926,2.1549246311187744,31.98329496383667,34.2715904712677,True,8,5e-06,0.0181978798354975,stratified,stratified split,TTT执行,tie_0pp,/home/crc00006699/zh/tabiclv2/data178/Satellite,/home/crc00006699/zh/tabiclv2/data178/Satellite
UJI_Pen_Characters,持平,tie,multiclass,1091,219,273,80,35,0.5384615384615384,0.5384615384615384,0.0,0.0,0.0,0.4768671989440918,3.5899407863616943,4.066807985305786,0.8911385536193848,3.4169538021087646,0.4347500801086426,4.308092355728149,False,0,5e-06,,stratified,stratified split | TTT training skipped because n_classes=35 exceeds model max_classes=10,TTT未执行_class_count_gt10,tie_0pp,/home/crc00006699/zh/tabiclv2/data178/UJI_Pen_Characters,/home/crc00006699/zh/tabiclv2/data178/UJI_Pen_Characters
allbp,持平,tie,multiclass,3017,604,755,29,3,0.9774834437086092,0.9774834437086092,0.0,0.0,0.0,0.4337210655212402,1.3759765625,1.8096976280212402,21.626745223999023,1.47371506690979,21.519551277160645,23.100460290908813,True,8,5e-06,0.0581700967159122,stratified,stratified split,TTT执行,tie_0pp,/home/crc00006699/zh/tabiclv2/data178/allbp,/home/crc00006699/zh/tabiclv2/data178/allbp
analcatdata_authorship,持平,tie,multiclass,672,135,169,69,4,0.9940828402366864,0.9940828402366864,0.0,0.0,0.0,0.4389200210571289,0.7027482986450195,1.1416683197021484,12.13397455215454,0.6809685230255127,12.02519416809082,12.814943075180052,True,8,5e-06,0.0004189729497738,stratified,stratified split,TTT执行,tie_0pp,/home/crc00006699/zh/tabiclv2/data178/analcatdata_authorship,/home/crc00006699/zh/tabiclv2/data178/analcatdata_authorship
car-evaluation,持平,tie,multiclass,1382,277,346,21,4,0.9855491329479767,0.9855491329479767,0.0,0.0,0.0,0.5101401805877686,0.6649904251098633,1.1751306056976318,11.875351190567017,0.6439495086669922,11.811537027359009,12.519300699234009,True,8,5e-06,0.0077355903049465,stratified,stratified split,TTT执行,tie_0pp,/home/crc00006699/zh/tabiclv2/data178/car-evaluation,/home/crc00006699/zh/tabiclv2/data178/car-evaluation
company_bankruptcy_prediction,持平,tie,binclass,5455,1091,1364,95,2,0.968475073313783,0.968475073313783,0.0,0.0,0.0,0.75286865234375,5.970693111419678,6.723561763763428,63.49480700492859,6.098337411880493,63.0649516582489,69.59314441680908,True,8,5e-06,0.0828304074238985,stratified,stratified split,TTT执行,tie_0pp,/home/crc00006699/zh/tabiclv2/data178/company_bankruptcy_prediction,/home/crc00006699/zh/tabiclv2/data178/company_bankruptcy_prediction
dis,持平,tie,binclass,3017,604,755,29,2,0.990728476821192,0.990728476821192,0.0,0.0,0.0,0.4832181930541992,1.4534988403320312,1.9367170333862305,21.786745309829712,1.4310226440429688,21.674400568008423,23.21776795387268,True,8,5e-06,0.0299936441588215,stratified,stratified split,TTT执行,tie_0pp,/home/crc00006699/zh/tabiclv2/data178/dis,/home/crc00006699/zh/tabiclv2/data178/dis
dna,持平,tie,multiclass,2548,510,638,180,3,0.9717868338557992,0.9717868338557992,0.0,0.0,0.0,0.9782404899597168,5.579140186309815,6.557380676269532,38.16899919509888,5.395086288452148,37.55766034126282,43.564085483551025,True,8,5e-06,0.092958407709375,stratified,stratified split,TTT执行,tie_0pp,/home/crc00006699/zh/tabiclv2/data178/dna,/home/crc00006699/zh/tabiclv2/data178/dna
drug_consumption,持平,tie,multiclass,1507,302,377,12,7,0.403183023872679,0.403183023872679,0.0,0.0,0.0,0.3867487907409668,0.5752873420715332,0.9620361328125,11.79469919204712,0.5959012508392334,11.754621028900146,12.390600442886353,True,8,5e-06,1.5098137371242046,stratified,stratified split,TTT执行,tie_0pp,/home/crc00006699/zh/tabiclv2/data178/drug_consumption,/home/crc00006699/zh/tabiclv2/data178/drug_consumption
estimation_of_obesity_levels,持平,tie,multiclass,1688,338,423,16,7,0.9905437352245864,0.9905437352245864,0.0,0.0,0.0,0.4132618904113769,0.6743230819702148,1.0875849723815918,12.312759399414062,0.6623070240020752,12.259549379348757,12.975066423416138,True,8,5e-06,0.014080511231441,stratified,stratified split,TTT执行,tie_0pp,/home/crc00006699/zh/tabiclv2/data178/estimation_of_obesity_levels,/home/crc00006699/zh/tabiclv2/data178/estimation_of_obesity_levels
house_16H,持平,tie,binclass,10790,2158,2698,16,2,0.8917716827279466,0.8917716827279466,0.0,0.0,0.0,0.4891297817230224,4.85209584236145,5.341225624084473,122.6656937599182,5.012155771255493,122.50154900550842,127.67784953117369,True,8,5e-06,0.242696888744831,stratified,stratified split,TTT执行,tie_0pp,/home/crc00006699/zh/tabiclv2/data178/house_16H,/home/crc00006699/zh/tabiclv2/data178/house_16H
ibm-employee-performance,持平,tie,binclass,1176,236,294,30,2,1.0,1.0,0.0,0.0,0.0,0.4166336059570312,0.6508638858795166,1.0674974918365479,11.712950944900513,0.6570818424224854,11.6370370388031,12.370032787322998,True,8,5e-06,2.012046241617327e-06,stratified,stratified split,TTT执行,tie_0pp,/home/crc00006699/zh/tabiclv2/data178/ibm-employee-performance,/home/crc00006699/zh/tabiclv2/data178/ibm-employee-performance
internet_usage,持平,tie,multiclass,8086,1618,2022,70,46,0.5499505440158259,0.5499505440158259,0.0,0.0,0.0,0.8844983577728271,15.021607160568236,15.906105518341063,1.7671403884887695,15.805534362792969,0.7787904739379883,17.57267475128174,False,0,5e-06,,stratified,stratified split | TTT training skipped because n_classes=46 exceeds model max_classes=10,TTT未执行_class_count_gt10,tie_0pp,/home/crc00006699/zh/tabiclv2/data178/internet_usage,/home/crc00006699/zh/tabiclv2/data178/internet_usage
kr-vs-k,持平,tie,multiclass,22444,4489,5612,6,18,0.9196364932287956,0.9196364932287956,0.0,0.0,0.0,0.4993891716003418,25.86800479888916,26.367393970489502,0.9251832962036132,25.66429710388184,0.4318444728851318,26.589480400085453,False,0,5e-06,,stratified,stratified split | TTT training skipped because n_classes=18 exceeds model max_classes=10,TTT未执行_class_count_gt10,tie_0pp,/home/crc00006699/zh/tabiclv2/data178/kr-vs-k,/home/crc00006699/zh/tabiclv2/data178/kr-vs-k
kropt,持平,tie,multiclass,22444,4489,5612,6,18,0.9164290805416964,0.9164290805416964,0.0,0.0,0.0,0.5001199245452881,25.78109669685364,26.28121662139893,0.9724388122558594,25.79094624519348,0.4690630435943603,26.76338505744934,False,0,5e-06,,stratified,stratified split | TTT training skipped because n_classes=18 exceeds model max_classes=10,TTT未执行_class_count_gt10,tie_0pp,/home/crc00006699/zh/tabiclv2/data178/kropt,/home/crc00006699/zh/tabiclv2/data178/kropt
letter,持平,tie,multiclass,16000,3200,4000,15,26,0.99,0.99,0.0,0.0,0.0,0.6394059658050537,17.709666967391968,18.34907293319702,1.023141860961914,17.62637448310852,0.475440502166748,18.649516344070435,False,0,5e-06,,stratified,stratified split | TTT training skipped because n_classes=26 exceeds model max_classes=10,TTT未执行_class_count_gt10,tie_0pp,/home/crc00006699/zh/tabiclv2/data178/letter,/home/crc00006699/zh/tabiclv2/data178/letter
mfeat-factors,持平,tie,multiclass,1600,320,400,216,10,0.9825,0.9825,0.0,0.0,0.0,0.7242965698242188,4.109402179718018,4.833698749542236,29.28437066078186,4.283966064453125,28.904033660888672,33.568336725234985,True,8,5e-06,0.016638006985886,stratified,stratified split,TTT执行,tie_0pp,/home/crc00006699/zh/tabiclv2/data178/mfeat-factors,/home/crc00006699/zh/tabiclv2/data178/mfeat-factors
mfeat-karhunen,持平,tie,multiclass,1600,320,400,64,10,0.975,0.975,0.0,0.0,0.0,0.4584443569183349,1.2759828567504885,1.7344272136688235,15.75782036781311,1.3591103553771973,15.634925365447998,17.116930723190308,True,8,5e-06,0.0142354153213091,stratified,stratified split,TTT执行,tie_0pp,/home/crc00006699/zh/tabiclv2/data178/mfeat-karhunen,/home/crc00006699/zh/tabiclv2/data178/mfeat-karhunen
mfeat-pixel,持平,tie,multiclass,1600,320,400,240,10,0.975,0.975,0.0,0.0,0.0,0.9926764965057372,4.380410432815552,5.373086929321289,31.783524990081787,5.048995733261108,31.12114644050598,36.832520723342896,True,8,5e-06,0.0145537554053589,stratified,stratified split,TTT执行,tie_0pp,/home/crc00006699/zh/tabiclv2/data178/mfeat-pixel,/home/crc00006699/zh/tabiclv2/data178/mfeat-pixel
mice_protein_expression,持平,tie,multiclass,864,173,216,75,8,1.0,1.0,0.0,0.0,0.0,0.4781146049499511,0.8554630279541016,1.3335776329040527,13.088865518569946,0.9033284187316896,12.974572658538818,13.992193937301636,True,8,5e-06,1.8253900265108317e-05,stratified,stratified split,TTT执行,tie_0pp,/home/crc00006699/zh/tabiclv2/data178/mice_protein_expression,/home/crc00006699/zh/tabiclv2/data178/mice_protein_expression
national-longitudinal-survey-binary,持平,tie,binclass,3926,786,982,16,2,1.0,1.0,0.0,0.0,0.0,0.4379849433898926,1.4731581211090088,1.9111430644989014,27.617281198501587,1.501753807067871,27.532101154327396,29.119035005569458,True,8,5e-06,2.2709646820828766e-06,stratified,stratified split,TTT执行,tie_0pp,/home/crc00006699/zh/tabiclv2/data178/national-longitudinal-survey-binary,/home/crc00006699/zh/tabiclv2/data178/national-longitudinal-survey-binary
one-hundred-plants-margin,持平,tie,multiclass,1280,256,320,64,100,0.903125,0.903125,0.0,0.0,0.0,0.483283519744873,5.686830520629883,6.170114040374756,1.0015509128570557,5.56255316734314,0.4494290351867676,6.564104080200195,False,0,5e-06,,stratified,stratified split | TTT training skipped because n_classes=100 exceeds model max_classes=10,TTT未执行_class_count_gt10,tie_0pp,/home/crc00006699/zh/tabiclv2/data178/one-hundred-plants-margin,/home/crc00006699/zh/tabiclv2/data178/one-hundred-plants-margin
one-hundred-plants-shape,持平,tie,multiclass,1280,256,320,64,100,0.840625,0.840625,0.0,0.0,0.0,0.4612307548522949,5.543177366256714,6.004408121109009,0.8870368003845215,5.554424524307251,0.4359998703002929,6.4414613246917725,False,0,5e-06,,stratified,stratified split | TTT training skipped because n_classes=100 exceeds model max_classes=10,TTT未执行_class_count_gt10,tie_0pp,/home/crc00006699/zh/tabiclv2/data178/one-hundred-plants-shape,/home/crc00006699/zh/tabiclv2/data178/one-hundred-plants-shape
one-hundred-plants-texture,持平,tie,multiclass,1279,256,320,64,100,0.928125,0.928125,0.0,0.0,0.0,0.5717751979827881,5.616976261138916,6.188751459121704,0.9766385555267334,5.543051719665527,0.5259873867034912,6.519690275192261,False,0,5e-06,,stratified,stratified split | TTT training skipped because n_classes=100 exceeds model max_classes=10,TTT未执行_class_count_gt10,tie_0pp,/home/crc00006699/zh/tabiclv2/data178/one-hundred-plants-texture,/home/crc00006699/zh/tabiclv2/data178/one-hundred-plants-texture
predict_students_dropout_and_academic_success,持平,tie,multiclass,3539,708,885,34,3,0.7830508474576271,0.7830508474576271,0.0,0.0,0.0,0.5971310138702393,1.7468860149383545,2.3440170288085938,27.806509733200077,1.924876689910889,27.64473533630371,29.731386423110965,True,8,5e-06,0.5454101897776127,stratified,stratified split,TTT执行,tie_0pp,/home/crc00006699/zh/tabiclv2/data178/predict_students_dropout_and_academic_success,/home/crc00006699/zh/tabiclv2/data178/predict_students_dropout_and_academic_success
seismic+bumps,持平,tie,binclass,2067,414,517,18,2,0.9342359767891684,0.9342359767891684,0.0,0.0,0.0,0.3985104560852051,0.7628772258758545,1.1613876819610596,14.36612033843994,0.8431313037872314,14.309183597564695,15.209251642227171,True,8,5e-06,0.2164592393673956,stratified,stratified split,TTT执行,tie_0pp,/home/crc00006699/zh/tabiclv2/data178/seismic+bumps,/home/crc00006699/zh/tabiclv2/data178/seismic+bumps
semeion,持平,tie,multiclass,1274,255,319,256,10,0.9686520376175548,0.9686520376175548,0.0,0.0,0.0,0.7814981937408447,3.666256666183472,4.447754859924316,29.075356483459476,4.024409532546997,28.6240918636322,33.09976601600647,True,8,5e-06,0.0935081462375819,stratified,stratified split,TTT执行,tie_0pp,/home/crc00006699/zh/tabiclv2/data178/semeion,/home/crc00006699/zh/tabiclv2/data178/semeion
texture,持平,tie,multiclass,4400,880,1100,40,11,1.0,1.0,0.0,0.0,0.0,0.483980655670166,5.559577465057373,6.043558120727539,0.9369733333587646,5.522927284240723,0.4536886215209961,6.459900617599487,False,0,5e-06,,stratified,stratified split | TTT training skipped because n_classes=11 exceeds model max_classes=10,TTT未执行_class_count_gt10,tie_0pp,/home/crc00006699/zh/tabiclv2/data178/texture,/home/crc00006699/zh/tabiclv2/data178/texture
thyroid,持平,tie,multiclass,5760,1152,1440,21,3,0.9958333333333332,0.9958333333333332,0.0,0.0,0.0,0.4399676322937011,2.416097640991211,2.856065273284912,46.23229622840881,2.5020980834960938,46.13602423667908,48.73439431190491,True,8,5e-06,0.0048205154307652,stratified,stratified split,TTT执行,tie_0pp,/home/crc00006699/zh/tabiclv2/data178/thyroid,/home/crc00006699/zh/tabiclv2/data178/thyroid
thyroid-ann,持平,tie,multiclass,3017,604,755,21,3,0.9920529801324504,0.9920529801324504,0.0,0.0,0.0,0.475003719329834,1.234649419784546,1.7096531391143799,20.812668561935425,1.210059404373169,20.74162650108337,22.022727966308594,True,8,5e-06,0.0090518459037411,stratified,stratified split,TTT执行,tie_0pp,/home/crc00006699/zh/tabiclv2/data178/thyroid-ann,/home/crc00006699/zh/tabiclv2/data178/thyroid-ann
vehicle,持平,tie,multiclass,676,136,170,18,4,0.8764705882352941,0.8764705882352941,0.0,0.0,0.0,0.3757009506225586,0.6890954971313477,1.0647964477539062,11.06292486190796,0.7044527530670166,11.025156021118164,11.767377614974977,True,8,5e-06,0.1704414328560233,stratified,stratified split,TTT执行,tie_0pp,/home/crc00006699/zh/tabiclv2/data178/vehicle,/home/crc00006699/zh/tabiclv2/data178/vehicle
volkert,持平,tie,multiclass,46648,9330,11662,180,10,0.7511576058995026,0.7511576058995026,0.0,0.0,0.0,5.613887310028076,170.66434597969055,176.27823328971863,5.587116003036499,184.96860337257385,0.0,190.55571937561035,False,0,5e-06,,,TTT skipped for dataset=volkert to avoid OOM,TTT未执行_OOM_or_skip,tie_0pp,/home/crc00006699/zh/tabiclv2/data178/volkert,/home/crc00006699/zh/tabiclv2/data178/volkert
walking-activity,持平,tie,multiclass,119465,23893,29867,4,22,0.6750929119094653,0.6750929119094653,0.0,0.0,0.0,0.76631760597229,366.7251107692719,367.4914283752442,1.5522701740264893,369.8369448184967,0.7017345428466797,371.3892149925232,False,0,5e-06,,stratified,stratified split | TTT training skipped because n_classes=22 exceeds model max_classes=10,TTT未执行_class_count_gt10,tie_0pp,/home/crc00006699/zh/tabiclv2/data178/walking-activity,/home/crc00006699/zh/tabiclv2/data178/walking-activity
wall-robot-navigation,持平,tie,multiclass,4364,873,1092,24,4,0.9935897435897436,0.9935897435897436,0.0,0.0,0.0,0.4290368556976318,1.864497661590576,2.2935345172882076,33.11489295959473,1.957716464996338,33.00877809524536,35.072609424591064,True,8,5e-06,0.0150810660270508,stratified,stratified split,TTT执行,tie_0pp,/home/crc00006699/zh/tabiclv2/data178/wall-robot-navigation,/home/crc00006699/zh/tabiclv2/data178/wall-robot-navigation
website_phishing,持平,tie,multiclass,1082,217,271,9,3,0.92619926199262,0.92619926199262,0.0,0.0,0.0,0.3634212017059326,0.4018683433532715,0.7652895450592041,11.412665605545044,0.4137148857116699,11.378435373306274,11.826380491256714,True,8,5e-06,0.2177894716151058,stratified,stratified split,TTT执行,tie_0pp,/home/crc00006699/zh/tabiclv2/data178/website_phishing,/home/crc00006699/zh/tabiclv2/data178/website_phishing
yeast,持平,tie,multiclass,1187,238,297,8,10,0.6363636363636364,0.6363636363636364,0.0,0.0,0.0,0.3607254028320312,0.4224381446838379,0.7831635475158691,11.531846046447754,0.4237666130065918,11.49792742729187,11.955612659454346,True,8,5e-06,1.0081101562827826,stratified,stratified split,TTT执行,tie_0pp,/home/crc00006699/zh/tabiclv2/data178/yeast,/home/crc00006699/zh/tabiclv2/data178/yeast
mobile_c36_oversampling,ICLv2更高,iclv2_ensmble32,binclass,41408,8282,10352,6,2,0.9943006182380216,0.9942040185471408,-9.659969088082754e-05,-0.009659969088082754,-0.9999999999983267,0.535865068435669,23.77521133422852,24.311076402664188,959.1189870834352,24.55270504951477,958.9253296852112,983.6716921329499,True,8,5e-06,0.013652839930728,stratified,stratified split,TTT执行,weak_loss_<0.2pp,/home/crc00006699/zh/tabiclv2/data178/mobile_c36_oversampling,/home/crc00006699/zh/tabiclv2/data178/mobile_c36_oversampling
default_of_credit_card_clients,ICLv2更高,iclv2_ensmble32,binclass,24000,4800,6000,23,2,0.8271666666666667,0.827,-0.00016666666666675933,-0.016666666666675933,-1.000000000000556,0.8335716724395752,15.604940414428713,16.438512086868286,520.5720109939575,15.696871042251589,520.0530068874359,536.2688820362091,True,8,5e-06,0.4200322991237044,stratified,stratified split,TTT执行,weak_loss_<0.2pp,/home/crc00006699/zh/tabiclv2/data178/default_of_credit_card_clients,/home/crc00006699/zh/tabiclv2/data178/default_of_credit_card_clients
credit,ICLv2更高,iclv2_ensmble32,binclass,13371,2675,3343,10,2,0.7858211187556088,0.7855219862399043,-0.00029913251570445887,-0.029913251570445887,-1.000000000000006,0.452458381652832,5.549853563308716,6.002311944961548,173.43278121948242,6.054556131362915,173.2979063987732,179.48733735084534,True,8,5e-06,0.4566731955856085,stratified,stratified split,TTT执行,weak_loss_<0.2pp,/home/crc00006699/zh/tabiclv2/data178/credit,/home/crc00006699/zh/tabiclv2/data178/credit
gas-drift,ICLv2更高,iclv2_ensmble32,multiclass,11128,2226,2782,128,6,0.9971243709561468,0.996764917325665,-0.000359453630481843,-0.0359453630481843,-1.0000000000004872,1.5506646633148191,15.853734493255615,17.404399156570435,194.0763475894928,15.910425424575806,192.85326671600345,209.9867730140686,True,8,5e-06,0.0059454949077917,stratified,stratified split,TTT执行,weak_loss_<0.2pp,/home/crc00006699/zh/tabiclv2/data178/gas-drift,/home/crc00006699/zh/tabiclv2/data178/gas-drift
pendigits,ICLv2更高,iclv2_ensmble32,multiclass,8793,1759,2199,16,10,0.9972714870395636,0.9968167348794906,-0.0004547521600729576,-0.04547521600729576,-1.0000000000004339,0.4556450843811035,5.041966676712036,5.49761176109314,87.78580236434937,3.883620262145996,87.64811110496521,91.66942262649536,True,8,5e-06,0.0048626132920617,stratified,stratified split,TTT执行,weak_loss_<0.2pp,/home/crc00006699/zh/tabiclv2/data178/pendigits,/home/crc00006699/zh/tabiclv2/data178/pendigits
jm1,ICLv2更高,iclv2_ensmble32,binclass,8708,1742,2177,21,2,0.819935691318328,0.8194763435920992,-0.00045934772622879816,-0.045934772622879816,-1.0000000000000937,0.5200345516204834,3.8777785301208496,4.397813081741333,88.84644150733948,3.964401483535767,88.67993259429932,92.81084299087524,True,8,5e-06,0.4017422152683139,stratified,stratified split,TTT执行,weak_loss_<0.2pp,/home/crc00006699/zh/tabiclv2/data178/jm1,/home/crc00006699/zh/tabiclv2/data178/jm1
Bank_Customer_Churn_Dataset,ICLv2更高,iclv2_ensmble32,binclass,8000,1600,2000,10,2,0.875,0.8745,-0.0004999999999999449,-0.04999999999999449,-0.9999999999998899,0.4794862270355224,2.871713399887085,3.3511996269226074,73.59219551086426,3.056534767150879,73.49811267852783,76.64873027801514,True,8,5e-06,0.3207846200093627,stratified,stratified split,TTT执行,weak_loss_<0.2pp,/home/crc00006699/zh/tabiclv2/data178/Bank_Customer_Churn_Dataset,/home/crc00006699/zh/tabiclv2/data178/Bank_Customer_Churn_Dataset
naticusdroid+android+permissions+dataset,ICLv2更高,iclv2_ensmble32,binclass,23465,4693,5867,86,2,0.9730697119481848,0.9725583773649225,-0.0005113345832623573,-0.051133458326235726,-3.00000000000025,2.07755446434021,27.116862535476685,29.194416999816895,569.2360925674438,26.868661165237427,567.4431564807892,596.1047537326813,True,8,5e-06,0.0796373540069907,stratified,stratified split,TTT执行,weak_loss_<0.2pp,/home/crc00006699/zh/tabiclv2/data178/naticusdroid+android+permissions+dataset,/home/crc00006699/zh/tabiclv2/data178/naticusdroid+android+permissions+dataset
water_quality,ICLv2更高,iclv2_ensmble32,binclass,6396,1280,1600,20,2,0.911875,0.91125,-0.0006249999999999867,-0.06249999999999867,-0.9999999999999787,0.4358131885528564,2.473352193832397,2.9091653823852535,53.0499529838562,2.703550100326538,52.96246933937073,55.75350308418274,True,8,5e-06,0.2287597162649035,stratified,stratified split,TTT执行,weak_loss_<0.2pp,/home/crc00006699/zh/tabiclv2/data178/water_quality,/home/crc00006699/zh/tabiclv2/data178/water_quality
optdigits,ICLv2更高,iclv2_ensmble32,multiclass,4496,900,1124,64,10,0.9973309608540926,0.99644128113879,-0.000889679715302516,-0.0889679715302516,-1.000000000000028,0.6019997596740723,3.2667934894561768,3.868793249130249,43.199567794799805,3.8495123386383057,42.9534547328949,47.04908013343811,True,8,5e-06,0.0191763615584932,stratified,stratified split,TTT执行,weak_loss_<0.2pp,/home/crc00006699/zh/tabiclv2/data178/optdigits,/home/crc00006699/zh/tabiclv2/data178/optdigits
kdd_ipums_la_97-small,ICLv2更高,iclv2_ensmble32,binclass,4150,830,1038,20,2,0.8853564547206165,0.884393063583815,-0.0009633911368015502,-0.09633911368015502,-1.000000000000009,0.4400391578674316,1.6574208736419678,2.0974600315093994,29.52394318580627,1.808830738067627,29.44174289703369,31.332773923873898,True,8,5e-06,0.2696671225130558,stratified,stratified split,TTT执行,weak_loss_<0.2pp,/home/crc00006699/zh/tabiclv2/data178/kdd_ipums_la_97-small,/home/crc00006699/zh/tabiclv2/data178/kdd_ipums_la_97-small
churn,ICLv2更高,iclv2_ensmble32,binclass,4000,800,1000,20,2,0.967,0.966,-0.0010000000000000009,-0.10000000000000009,-1.0000000000000009,0.4174070358276367,1.604900598526001,2.0223076343536377,28.56291484832764,1.739441156387329,28.468819618225098,30.30235600471497,True,8,5e-06,0.1396050527691841,stratified,stratified split,TTT执行,weak_loss_<0.2pp,/home/crc00006699/zh/tabiclv2/data178/churn,/home/crc00006699/zh/tabiclv2/data178/churn
Click_prediction_small,ICLv2更高,iclv2_ensmble32,binclass,31958,6392,7990,3,2,0.7178973717146433,0.7168961201501878,-0.0010012515644555187,-0.10012515644555187,-7.999999999999594,0.4214997291564941,7.204085826873779,7.625585556030273,288.37901973724365,7.959798336029053,288.2763891220093,296.3388180732727,True,8,5e-06,0.439787857234478,stratified,stratified split,TTT执行,weak_loss_<0.2pp,/home/crc00006699/zh/tabiclv2/data178/Click_prediction_small,/home/crc00006699/zh/tabiclv2/data178/Click_prediction_small
dry_bean_dataset,ICLv2更高,iclv2_ensmble32,multiclass,10888,2178,2723,16,7,0.9287550495776716,0.927653323540213,-0.0011017260374586169,-0.11017260374586169,-2.9999999999998135,0.4962680339813232,4.648473501205444,5.144741535186768,124.28877592086792,5.056939363479614,124.12572693824768,129.34571528434753,True,8,5e-06,0.1815178296528756,stratified,stratified split,TTT执行,weak_loss_<0.2pp,/home/crc00006699/zh/tabiclv2/data178/dry_bean_dataset,/home/crc00006699/zh/tabiclv2/data178/dry_bean_dataset
htru,ICLv2更高,iclv2_ensmble32,binclass,14318,2864,3580,8,2,0.9807262569832402,0.979608938547486,-0.0011173184357542443,-0.11173184357542443,-4.0000000000001945,0.4336740970611572,5.861032724380493,6.29470682144165,195.0729537010193,6.445775270462036,194.96262407302856,201.51872897148132,True,8,5e-06,0.0677162259817123,stratified,stratified split,TTT执行,weak_loss_<0.2pp,/home/crc00006699/zh/tabiclv2/data178/htru,/home/crc00006699/zh/tabiclv2/data178/htru
FOREX_audcad-hour-High,ICLv2更高,iclv2_ensmble32,binclass,35060,7012,8765,10,2,0.7176269252709641,0.7164860239589276,-0.0011409013120364797,-0.11409013120364797,-9.999999999999744,0.6334185600280762,24.735883712768555,25.36930227279663,1047.6505641937256,25.455024480819706,1047.3371179103851,1073.1055886745453,True,8,5e-06,0.5472712591290474,stratified,stratified split,TTT执行,weak_loss_<0.2pp,/home/crc00006699/zh/tabiclv2/data178/FOREX_audcad-hour-High,/home/crc00006699/zh/tabiclv2/data178/FOREX_audcad-hour-High
mammography,ICLv2更高,iclv2_ensmble32,binclass,8946,1790,2237,6,2,0.989718372820742,0.988377291014752,-0.0013410818059900187,-0.13410818059900187,-2.999999999999672,0.4014577865600586,2.2757418155670166,2.677199602127075,57.62052321434021,2.626460313796997,57.54270029067993,60.24698352813721,True,8,5e-06,0.040853623766452,stratified,stratified split,TTT执行,weak_loss_<0.2pp,/home/crc00006699/zh/tabiclv2/data178/mammography,/home/crc00006699/zh/tabiclv2/data178/mammography
BNG(cmc),ICLv2更高,iclv2_ensmble32,multiclass,44236,8848,11060,9,3,0.5874321880650994,0.5860759493670886,-0.0013562386980108254,-0.13562386980108254,-14.99999999999973,0.7698874473571777,35.89557600021362,36.6654634475708,1643.6815962791443,37.469468116760254,1643.244472026825,1681.1510643959045,True,8,5e-06,0.8784268070012331,stratified,stratified split,TTT执行,weak_loss_<0.2pp,/home/crc00006699/zh/tabiclv2/data178/BNG(cmc),/home/crc00006699/zh/tabiclv2/data178/BNG(cmc)
pol,ICLv2更高,iclv2_ensmble32,binclass,8065,1613,2017,26,2,0.9940505701536936,0.992563212692117,-0.0014873574615765772,-0.14873574615765772,-2.9999999999999565,0.4787063598632812,3.7366943359375,4.215400695800781,79.5430498123169,4.039464473724365,79.38507080078125,83.58251428604126,True,8,5e-06,0.0277907835552468,stratified,stratified split,TTT执行,weak_loss_<0.2pp,/home/crc00006699/zh/tabiclv2/data178/pol,/home/crc00006699/zh/tabiclv2/data178/pol
California-Housing-Classification,ICLv2更高,iclv2_ensmble32,binclass,16512,3303,4128,8,2,0.9217538759689924,0.9200581395348836,-0.0016957364341088077,-0.16957364341088077,-7.000000000001158,0.5025432109832764,7.165515422821045,7.668058633804321,250.9036898612976,7.90463399887085,250.76022577285767,258.80832386016846,True,8,5e-06,0.2004047059454023,stratified,stratified split,TTT执行,weak_loss_<0.2pp,/home/crc00006699/zh/tabiclv2/data178/California-Housing-Classification,/home/crc00006699/zh/tabiclv2/data178/California-Housing-Classification
thyroid-dis,ICLv2更高,iclv2_ensmble32,multiclass,2240,448,560,26,5,0.6982142857142857,0.6964285714285714,-0.0017857142857142794,-0.17857142857142794,-0.9999999999999964,0.4571149349212646,1.040397882461548,1.4975128173828127,16.029924154281616,0.9839863777160645,15.9388427734375,17.01391053199768,True,8,5e-06,0.6807025671005249,stratified,stratified split,TTT执行,weak_loss_<0.2pp,/home/crc00006699/zh/tabiclv2/data178/thyroid-dis,/home/crc00006699/zh/tabiclv2/data178/thyroid-dis
wine,ICLv2更高,iclv2_ensmble32,binclass,2043,409,511,4,2,0.786692759295499,0.7847358121330724,-0.001956947162426559,-0.1956947162426559,-0.9999999999999716,0.3638107776641845,0.2990601062774658,0.6628708839416504,6.962984323501587,0.3632941246032715,6.9386513233184814,7.326278448104858,True,8,5e-06,0.419661283493042,stratified,stratified split,TTT执行,weak_loss_<0.2pp,/home/crc00006699/zh/tabiclv2/data178/wine,/home/crc00006699/zh/tabiclv2/data178/wine
Marketing_Campaign,ICLv2更高,iclv2_ensmble32,binclass,1792,359,448,27,2,0.8839285714285714,0.8816964285714286,-0.0022321428571427937,-0.22321428571427937,-0.9999999999999716,0.4057576656341553,0.7920472621917725,1.1978049278259277,13.839819431304932,0.8473284244537354,13.76414394378662,14.687147855758667,True,8,5e-06,0.2165863621048629,stratified,stratified split,TTT执行,medium_loss_-1--0.2pp,/home/crc00006699/zh/tabiclv2/data178/Marketing_Campaign,/home/crc00006699/zh/tabiclv2/data178/Marketing_Campaign
Customer_Personality_Analysis,ICLv2更高,iclv2_ensmble32,binclass,1792,359,448,24,2,0.890625,0.8883928571428571,-0.0022321428571429047,-0.22321428571429047,-1.0000000000000213,0.4304230213165283,0.8738584518432617,1.30428147315979,13.626927137374878,0.8571727275848389,13.560969352722168,14.484099864959717,True,8,5e-06,0.2560387682169676,stratified,stratified split,TTT执行,medium_loss_-1--0.2pp,/home/crc00006699/zh/tabiclv2/data178/Customer_Personality_Analysis,/home/crc00006699/zh/tabiclv2/data178/Customer_Personality_Analysis
ringnorm,ICLv2更高,iclv2_ensmble32,binclass,5920,1184,1480,20,2,0.9797297297297296,0.977027027027027,-0.002702702702702564,-0.2702702702702564,-3.999999999999795,0.4343214035034179,2.414320945739746,2.848642349243164,48.02941918373108,2.6861867904663086,47.914093017578125,50.71560597419739,True,8,5e-06,0.0473657795228064,stratified,stratified split,TTT执行,medium_loss_-1--0.2pp,/home/crc00006699/zh/tabiclv2/data178/ringnorm,/home/crc00006699/zh/tabiclv2/data178/ringnorm
FOREX_audjpy-day-High,ICLv2更高,iclv2_ensmble32,binclass,1465,293,367,10,2,0.7874659400544959,0.784741144414169,-0.0027247956403269047,-0.27247956403269047,-0.999999999999974,0.528026819229126,0.5271804332733154,1.0552072525024414,11.708937168121338,0.5543375015258789,11.679419755935667,12.263274669647217,True,8,5e-06,0.5058250352740288,stratified,stratified split,TTT执行,medium_loss_-1--0.2pp,/home/crc00006699/zh/tabiclv2/data178/FOREX_audjpy-day-High,/home/crc00006699/zh/tabiclv2/data178/FOREX_audjpy-day-High
FOREX_cadjpy-day-High,ICLv2更高,iclv2_ensmble32,binclass,1467,294,367,10,2,0.7275204359673024,0.7247956403269755,-0.0027247956403269047,-0.27247956403269047,-0.999999999999974,0.3758282661437988,0.6011700630187988,0.9769983291625977,11.9198796749115,0.4939773082733154,11.885371685028076,12.413856983184816,True,8,5e-06,0.5317968521267176,stratified,stratified split,TTT执行,medium_loss_-1--0.2pp,/home/crc00006699/zh/tabiclv2/data178/FOREX_cadjpy-day-High,/home/crc00006699/zh/tabiclv2/data178/FOREX_cadjpy-day-High
telco-customer-churn,ICLv2更高,iclv2_ensmble32,binclass,5634,1127,1409,18,2,0.8055358410220014,0.8026969481902059,-0.002838892831795503,-0.2838892831795503,-3.999999999999864,0.4567785263061523,2.2112743854522705,2.668052911758423,44.76853966712952,2.4516396522521973,44.63305592536926,47.220179319381714,True,8,5e-06,0.408560773357749,stratified,stratified split,TTT执行,medium_loss_-1--0.2pp,/home/crc00006699/zh/tabiclv2/data178/telco-customer-churn,/home/crc00006699/zh/tabiclv2/data178/telco-customer-churn
waveform_database_generator_version_1,ICLv2更高,iclv2_ensmble32,multiclass,4000,800,1000,21,3,0.871,0.868,-0.0030000000000000027,-0.30000000000000027,-3.0000000000000027,0.4310684204101562,1.6160831451416016,2.047151565551758,28.738524436950684,1.790031909942627,28.65011548995972,30.52855634689331,True,8,5e-06,0.2614789707586169,stratified,stratified split,TTT执行,medium_loss_-1--0.2pp,/home/crc00006699/zh/tabiclv2/data178/waveform_database_generator_version_1,/home/crc00006699/zh/tabiclv2/data178/waveform_database_generator_version_1
FOREX_audjpy-hour-High,ICLv2更高,iclv2_ensmble32,binclass,35060,7012,8765,10,2,0.7220764403879064,0.7189960068454079,-0.0030804335424985396,-0.30804335424985396,-26.9999999999997,0.6128020286560059,24.794160842895508,25.406962871551514,1047.68701004982,25.461301565170288,1047.4012150764463,1073.1483116149902,True,8,5e-06,0.5537059344351292,stratified,stratified split,TTT执行,medium_loss_-1--0.2pp,/home/crc00006699/zh/tabiclv2/data178/FOREX_audjpy-hour-High,/home/crc00006699/zh/tabiclv2/data178/FOREX_audjpy-hour-High
splice,ICLv2更高,iclv2_ensmble32,multiclass,2552,511,638,60,3,0.9608150470219436,0.957680250783699,-0.0031347962382446415,-0.31347962382446415,-2.0000000000000813,0.5503292083740234,2.0763392448425293,2.6266684532165527,21.391454219818115,1.92224383354187,21.16870617866516,23.313698053359985,True,8,5e-06,0.0637994251446798,stratified,stratified split,TTT执行,medium_loss_-1--0.2pp,/home/crc00006699/zh/tabiclv2/data178/splice,/home/crc00006699/zh/tabiclv2/data178/splice
cmc,ICLv2更高,iclv2_ensmble32,multiclass,1178,236,295,9,3,0.6033898305084746,0.6,-0.003389830508474634,-0.3389830508474634,-1.0000000000000169,0.3942964076995849,0.4311509132385254,0.8254473209381104,11.174552917480469,0.4417431354522705,11.13981556892395,11.61629605293274,True,8,5e-06,0.8217583764344454,stratified,stratified split,TTT执行,medium_loss_-1--0.2pp,/home/crc00006699/zh/tabiclv2/data178/cmc,/home/crc00006699/zh/tabiclv2/data178/cmc
pc4,ICLv2更高,iclv2_ensmble32,binclass,1166,234,292,37,2,0.910958904109589,0.9075342465753424,-0.003424657534246589,-0.3424657534246589,-1.000000000000004,0.4810128211975097,0.6898641586303711,1.1708769798278809,12.000405311584473,0.7072255611419678,11.927956819534302,12.70763087272644,True,8,5e-06,0.1459274818189442,stratified,stratified split,TTT执行,medium_loss_-1--0.2pp,/home/crc00006699/zh/tabiclv2/data178/pc4,/home/crc00006699/zh/tabiclv2/data178/pc4
ada,ICLv2更高,iclv2_ensmble32,binclass,3317,664,830,48,2,0.8626506024096385,0.8590361445783132,-0.0036144578313253017,-0.3614457831325302,-3.0000000000000004,0.4681940078735351,1.9741017818450928,2.442295789718628,26.30334758758545,2.1558613777160645,26.16659665107727,28.459208965301514,True,8,5e-06,0.3059423426166177,stratified,stratified split,TTT执行,medium_loss_-1--0.2pp,/home/crc00006699/zh/tabiclv2/data178/ada,/home/crc00006699/zh/tabiclv2/data178/ada
heloc,ICLv2更高,iclv2_ensmble32,binclass,8000,1600,2000,22,2,0.733,0.729,-0.0040000000000000036,-0.40000000000000036,-8.000000000000007,0.4907660484313965,3.5969045162200928,4.087670564651489,77.36032724380493,3.8000216484069824,77.20689487457275,81.16034889221191,True,8,5e-06,0.53468475677073,stratified,stratified split,TTT执行,medium_loss_-1--0.2pp,/home/crc00006699/zh/tabiclv2/data178/heloc,/home/crc00006699/zh/tabiclv2/data178/heloc
wine-quality-white,ICLv2更高,iclv2_ensmble32,multiclass,3918,784,980,11,7,0.689795918367347,0.6857142857142857,-0.004081632653061273,-0.40816326530612734,-4.000000000000048,0.3834514617919922,1.279137134552002,1.6625885963439941,26.650522470474243,1.4586567878723145,26.590041160583496,28.109179258346558,True,8,5e-06,0.7811386715620756,stratified,stratified split,TTT执行,medium_loss_-1--0.2pp,/home/crc00006699/zh/tabiclv2/data178/wine-quality-white,/home/crc00006699/zh/tabiclv2/data178/wine-quality-white
Employee,ICLv2更高,iclv2_ensmble32,binclass,3722,745,931,8,2,0.8603651987110634,0.8560687432867884,-0.004296455424275036,-0.42964554242750363,-4.000000000000059,0.5509085655212402,1.1637039184570312,1.7146124839782715,24.77075862884521,1.2834045886993408,24.71819281578064,26.054163217544552,True,8,5e-06,0.3713210085406899,stratified,stratified split,TTT执行,medium_loss_-1--0.2pp,/home/crc00006699/zh/tabiclv2/data178/Employee,/home/crc00006699/zh/tabiclv2/data178/Employee
pc1,ICLv2更高,iclv2_ensmble32,binclass,887,178,222,21,2,0.945945945945946,0.9414414414414416,-0.0045045045045044585,-0.45045045045044585,-0.9999999999999898,0.404482364654541,0.9363641738891602,1.3408465385437012,10.943054914474487,0.94220232963562,10.893916130065918,11.885257244110107,True,8,5e-06,0.127948117442429,stratified,stratified split,TTT执行,medium_loss_-1--0.2pp,/home/crc00006699/zh/tabiclv2/data178/pc1,/home/crc00006699/zh/tabiclv2/data178/pc1
autoUniv-au7-1100,ICLv2更高,iclv2_ensmble32,multiclass,880,176,220,12,5,0.4090909090909091,0.4045454545454545,-0.00454545454545463,-0.454545454545463,-1.0000000000000187,0.3727550506591797,0.7590513229370117,1.1318063735961914,11.043521642684937,0.7584760189056396,11.00436234474182,11.801997661590576,True,8,5e-06,1.2435560002923012,stratified,stratified split,TTT执行,medium_loss_-1--0.2pp,/home/crc00006699/zh/tabiclv2/data178/autoUniv-au7-1100,/home/crc00006699/zh/tabiclv2/data178/autoUniv-au7-1100
phoneme,ICLv2更高,iclv2_ensmble32,binclass,4323,865,1081,5,2,0.9037927844588344,0.8991674375578168,-0.0046253469010175685,-0.46253469010175685,-4.999999999999991,0.3782904148101806,0.8382127285003662,1.2165031433105469,18.80967426300049,1.0099847316741943,18.76695919036865,19.819658994674683,True,8,5e-06,0.1682503847405314,stratified,stratified split,TTT执行,medium_loss_-1--0.2pp,/home/crc00006699/zh/tabiclv2/data178/phoneme,/home/crc00006699/zh/tabiclv2/data178/phoneme
PieChart3,ICLv2更高,iclv2_ensmble32,binclass,861,173,216,37,2,0.8842592592592593,0.8796296296296297,-0.00462962962962965,-0.462962962962965,-1.0000000000000044,0.3929648399353027,1.18190336227417,1.5748682022094727,11.353249549865724,1.2099266052246094,11.283767700195312,12.563176155090334,True,8,5e-06,0.3059524847194552,stratified,stratified split,TTT执行,medium_loss_-1--0.2pp,/home/crc00006699/zh/tabiclv2/data178/PieChart3,/home/crc00006699/zh/tabiclv2/data178/PieChart3
madeline,ICLv2更高,iclv2_ensmble32,binclass,2512,503,628,259,2,0.9235668789808916,0.9187898089171974,-0.004777070063694211,-0.4777070063694211,-2.9999999999999645,0.9112393856048584,7.026473522186279,7.937712907791138,51.30569052696228,7.264389276504517,50.7149932384491,58.5700798034668,True,8,5e-06,0.1792038730345666,stratified,stratified split,TTT执行,medium_loss_-1--0.2pp,/home/crc00006699/zh/tabiclv2/data178/madeline,/home/crc00006699/zh/tabiclv2/data178/madeline
PizzaCutter3,ICLv2更高,iclv2_ensmble32,binclass,834,167,209,37,2,0.8851674641148325,0.8803827751196173,-0.004784688995215225,-0.4784688995215225,-0.999999999999982,0.4150717258453369,1.169445276260376,1.584517002105713,11.24736499786377,1.1952400207519531,11.176794528961182,12.442605018615723,True,8,5e-06,0.3170645795762539,stratified,stratified split,TTT执行,medium_loss_-1--0.2pp,/home/crc00006699/zh/tabiclv2/data178/PizzaCutter3,/home/crc00006699/zh/tabiclv2/data178/PizzaCutter3
sports_articles_for_objectivity_analysis,ICLv2更高,iclv2_ensmble32,binclass,800,160,200,59,2,0.845,0.84,-0.0050000000000000044,-0.5000000000000004,-1.0000000000000009,0.457604169845581,1.4535233974456787,1.9111275672912598,11.980503559112549,1.4234306812286377,11.872050285339355,13.403934240341187,True,8,5e-06,0.436749099753797,stratified,stratified split,TTT执行,medium_loss_-1--0.2pp,/home/crc00006699/zh/tabiclv2/data178/sports_articles_for_objectivity_analysis,/home/crc00006699/zh/tabiclv2/data178/sports_articles_for_objectivity_analysis
FOREX_audchf-day-High,ICLv2更高,iclv2_ensmble32,binclass,1466,294,367,10,2,0.7493188010899182,0.7438692098092643,-0.00544959128065392,-0.544959128065392,-1.999999999999989,0.518930196762085,0.5622596740722656,1.0811898708343506,11.82353925704956,0.546638011932373,11.788756370544434,12.370177268981934,True,8,5e-06,0.5311334412544966,stratified,stratified split,TTT执行,medium_loss_-1--0.2pp,/home/crc00006699/zh/tabiclv2/data178/FOREX_audchf-day-High,/home/crc00006699/zh/tabiclv2/data178/FOREX_audchf-day-High
led24,ICLv2更高,iclv2_ensmble32,multiclass,2560,512,640,24,10,0.734375,0.728125,-0.006249999999999978,-0.6249999999999978,-3.999999999999986,0.5526764392852783,1.0999510288238523,1.6526274681091306,17.33793020248413,1.1072430610656738,17.241019010543823,18.445173263549805,True,8,5e-06,0.7702253609895706,stratified,stratified split,TTT执行,medium_loss_-1--0.2pp,/home/crc00006699/zh/tabiclv2/data178/led24,/home/crc00006699/zh/tabiclv2/data178/led24
Fitness_Club_c,ICLv2更高,iclv2_ensmble32,binclass,1200,240,300,6,2,0.8033333333333333,0.7966666666666666,-0.00666666666666671,-0.666666666666671,-2.000000000000013,0.3587100505828857,0.314408540725708,0.6731185913085938,8.218533754348755,0.2899112701416015,8.188504457473755,8.508445024490356,True,8,5e-06,0.505207821726799,stratified,stratified split,TTT执行,medium_loss_-1--0.2pp,/home/crc00006699/zh/tabiclv2/data178/Fitness_Club_c,/home/crc00006699/zh/tabiclv2/data178/Fitness_Club_c
contraceptive_method_choice,ICLv2更高,iclv2_ensmble32,multiclass,1178,236,295,9,3,0.6372881355932203,0.6305084745762712,-0.006779661016949046,-0.6779661016949046,-1.9999999999999685,0.3711190223693847,0.4287645816802978,0.7998836040496825,11.15811252593994,0.4044651985168457,11.12205410003662,11.562577724456785,True,8,5e-06,0.8573869001120329,stratified,stratified split,TTT执行,medium_loss_-1--0.2pp,/home/crc00006699/zh/tabiclv2/data178/contraceptive_method_choice,/home/crc00006699/zh/tabiclv2/data178/contraceptive_method_choice
golf_play_dataset_extended,ICLv2更高,iclv2_ensmble32,binclass,876,176,219,9,2,0.9452054794520548,0.9360730593607306,-0.0091324200913242,-0.91324200913242,-2.0,0.3920474052429199,0.7353386878967285,1.1273860931396484,10.845552682876589,0.5909819602966309,10.810766458511353,11.43653464317322,True,8,5e-06,0.1729175043292343,stratified,stratified split,TTT执行,medium_loss_-1--0.2pp,/home/crc00006699/zh/tabiclv2/data178/golf_play_dataset_extended,/home/crc00006699/zh/tabiclv2/data178/golf_play_dataset_extended
pc3,ICLv2更高,iclv2_ensmble32,binclass,1250,250,313,37,2,0.9009584664536742,0.8913738019169329,-0.009584664536741228,-0.9584664536741228,-3.0000000000000044,0.3948109149932861,0.6922037601470947,1.0870146751403809,12.203787326812744,0.7807931900024414,12.12693166732788,12.984580516815186,True,8,5e-06,0.2108610430732369,stratified,stratified split,TTT执行,medium_loss_-1--0.2pp,/home/crc00006699/zh/tabiclv2/data178/pc3,/home/crc00006699/zh/tabiclv2/data178/pc3
statlog,ICLv2更高,iclv2_ensmble32,binclass,800,160,200,20,2,0.73,0.72,-0.010000000000000009,-1.0000000000000009,-2.0000000000000018,0.394392728805542,0.8092086315155029,1.203601360321045,11.346110582351685,0.7495613098144531,11.29225492477417,12.095671892166138,True,8,5e-06,0.4397819079458713,stratified,stratified split,TTT执行,strong_loss_<=-1pp,/home/crc00006699/zh/tabiclv2/data178/statlog,/home/crc00006699/zh/tabiclv2/data178/statlog
segment,ICLv2更高,iclv2_ensmble32,multiclass,1848,370,462,17,7,0.9545454545454546,0.9437229437229436,-0.010822510822510956,-1.0822510822510956,-5.000000000000061,0.4049055576324463,0.7110483646392822,1.1159539222717285,13.369452714920044,0.7892894744873047,13.321434259414673,14.158742189407349,True,8,5e-06,0.1066057404968887,stratified,stratified split,TTT执行,strong_loss_<=-1pp,/home/crc00006699/zh/tabiclv2/data178/segment,/home/crc00006699/zh/tabiclv2/data178/segment
Gender_Gap_in_Spanish_WP,ICLv2更高,iclv2_ensmble32,multiclass,3796,760,950,13,3,0.6147368421052631,0.6031578947368421,-0.011578947368421022,-1.1578947368421022,-10.999999999999972,0.3775660991668701,1.286104679107666,1.6636707782745361,25.883002519607544,1.43355131149292,25.83180069923401,27.316553831100464,True,8,5e-06,0.802041357383132,stratified,stratified split,TTT执行,strong_loss_<=-1pp,/home/crc00006699/zh/tabiclv2/data178/Gender_Gap_in_Spanish_WP,/home/crc00006699/zh/tabiclv2/data178/Gender_Gap_in_Spanish_WP
wine-quality-red,ICLv2更高,iclv2_ensmble32,multiclass,1279,256,320,4,6,0.68125,0.66875,-0.012500000000000067,-1.2500000000000067,-4.000000000000021,0.3536274433135986,0.3908586502075195,0.744486093521118,11.234669208526611,0.4245696067810058,11.206901550292969,11.659238815307617,True,8,5e-06,0.8341948874294758,stratified,stratified split,TTT执行,strong_loss_<=-1pp,/home/crc00006699/zh/tabiclv2/data178/wine-quality-red,/home/crc00006699/zh/tabiclv2/data178/wine-quality-red
Diabetic_Retinopathy_Debrecen,ICLv2更高,iclv2_ensmble32,binclass,920,184,231,19,2,0.7402597402597403,0.7272727272727273,-0.012987012987012991,-1.2987012987012991,-3.000000000000001,0.3694698810577392,0.9668447971343994,1.3363146781921387,11.27055835723877,0.8089470863342285,11.224948406219482,12.079505443572998,True,8,5e-06,0.4530482031404972,stratified,stratified split,TTT执行,strong_loss_<=-1pp,/home/crc00006699/zh/tabiclv2/data178/Diabetic_Retinopathy_Debrecen,/home/crc00006699/zh/tabiclv2/data178/Diabetic_Retinopathy_Debrecen
first-order-theorem-proving,ICLv2更高,iclv2_ensmble32,multiclass,4894,979,1224,51,6,0.6511437908496732,0.6372549019607843,-0.01388888888888895,-1.388888888888895,-17.000000000000075,0.5518898963928223,3.063654899597168,3.6155447959899902,43.209619998931885,3.2403719425201416,42.98394417762756,46.449991941452026,True,8,5e-06,1.0283319614827633,stratified,stratified split,TTT执行,strong_loss_<=-1pp,/home/crc00006699/zh/tabiclv2/data178/first-order-theorem-proving,/home/crc00006699/zh/tabiclv2/data178/first-order-theorem-proving
autoUniv-au4-2500,ICLv2更高,iclv2_ensmble32,multiclass,2000,400,500,100,3,0.728,0.712,-0.016000000000000014,-1.6000000000000014,-8.000000000000007,0.5807514190673828,2.1111903190612797,2.6919417381286626,22.46520686149597,2.20290756225586,22.21168565750122,24.66811442375183,True,8,5e-06,0.7032007668167353,stratified,stratified split,TTT执行,strong_loss_<=-1pp,/home/crc00006699/zh/tabiclv2/data178/autoUniv-au4-2500,/home/crc00006699/zh/tabiclv2/data178/autoUniv-au4-2500
steel_plates_faults,ICLv2更高,iclv2_ensmble32,multiclass,1552,311,389,27,7,0.8483290488431876,0.8277634961439588,-0.020565552699228773,-2.0565552699228773,-7.999999999999993,0.3970568180084228,0.7019500732421875,1.0990068912506104,12.57020378112793,0.7540802955627441,12.50330901145935,13.324284076690674,True,8,5e-06,0.5122137647122145,stratified,stratified split,TTT执行,strong_loss_<=-1pp,/home/crc00006699/zh/tabiclv2/data178/steel_plates_faults,/home/crc00006699/zh/tabiclv2/data178/steel_plates_faults
waveform_database_generator,ICLv2更高,iclv2_ensmble32,multiclass,3999,800,1000,21,3,0.354,0.332,-0.021999999999999964,-2.1999999999999966,-21.999999999999964,0.4258010387420654,1.6377296447753906,2.063530683517456,28.869222164154053,1.772789716720581,28.78531265258789,30.642011880874634,True,8,5e-06,1.097113136202097,stratified,stratified split,TTT执行,strong_loss_<=-1pp,/home/crc00006699/zh/tabiclv2/data178/waveform_database_generator,/home/crc00006699/zh/tabiclv2/data178/waveform_database_generator
